PeakTime,Amplitude,DOA_x,DOA_y,DOA_z,TDOA12,TDOA13,TDOA14,TDOA23,TDOA24,TDOA34,XCorr12,XCorr13,XCorr14,XCorr23,XCorr24,XCorr34
1699146062111040,40.000000,0.104321,0.737520,0.667219,-0.000230,-0.000690,-0.000270,-0.000450,-0.000040,0.000410,189.203979,227.570465,224.606827,192.144821,200.446884,199.098160
1699146063251840,66.000000,0.108575,0.739915,0.663880,-0.000230,-0.000690,-0.000270,-0.000450,-0.000040,0.000420,163.348083,207.655762,214.157532,174.782791,214.157379,153.944321
1699146063807360,47.000000,0.108575,0.739915,0.663880,-0.000230,-0.000690,-0.000270,-0.000450,-0.000040,0.000420,204.784882,181.747955,203.040527,204.127289,163.554291,134.773895
1699146078330240,44.000000,0.125785,0.726182,0.675898,-0.000280,-0.000680,-0.000260,-0.000460,-0.000040,0.000420,114.223000,187.592148,229.519257,209.342010,214.477600,199.449890
1699146078875840,50.000000,0.105791,0.751637,0.651038,-0.000220,-0.000680,-0.000260,-0.000460,-0.000040,0.000420,166.065262,137.515625,285.756561,205.731094,188.767151,171.957794
1699146079996800,32.000000,0.105791,0.751637,0.651038,-0.000220,-0.000680,-0.000260,-0.000460,-0.000040,0.000420,164.047760,155.077271,153.517578,167.630981,156.583099,155.923065
1699146081117760,25.000000,0.105791,0.751637,0.651038,-0.000220,-0.000680,-0.000260,-0.000460,-0.000040,0.000420,327.651001,261.748138,276.446411,322.174194,256.124054,211.406174
1699146081703040,43.000000,0.105791,0.751637,0.651038,-0.000220,-0.000680,-0.000260,-0.000460,-0.000040,0.000420,234.783417,197.394821,291.807495,285.123352,243.827454,189.571579
1699146082258560,34.000000,0.130644,0.764571,0.631161,-0.000220,-0.000680,-0.000260,-0.000460,-0.000040,0.000480,252.723724,242.665756,239.021912,214.936096,235.342590,174.761688
1699146082774400,27.000000,0.105791,0.751637,0.651038,-0.000220,-0.000680,-0.000260,-0.000460,-0.000040,0.000420,191.665497,194.814072,202.368729,203.505325,193.248688,157.865509
1699146083915200,64.000000,-0.127804,-0.878468,-0.460392,-0.000220,0.002550,-0.000260,0.001000,-0.000040,-0.000550,349.239136,97.488213,220.170074,117.071457,259.619202,116.103928
1699146084490560,45.000000,0.105791,0.751637,0.651038,-0.000220,-0.000680,-0.000260,-0.000460,-0.000040,0.000420,258.494934,245.014267,223.810547,180.569031,215.311890,179.713379
1699146085085760,68.000000,0.105791,0.751637,0.651038,-0.000220,-0.000680,-0.000260,-0.000460,-0.000040,0.000420,337.830078,324.511536,281.291565,204.988159,265.164703,174.747330
1699146085591680,42.000000,0.110038,0.753905,0.647703,-0.000220,-0.000680,-0.000260,-0.000460,-0.000040,0.000430,315.921570,310.546021,289.896332,209.981598,238.459579,201.105957
1699146085899200,41.000000,0.110038,0.753905,0.647703,-0.000220,-0.000680,-0.000260,-0.000460,-0.000040,0.000430,277.254669,304.806641,255.970261,247.959946,264.382416,228.921951
1699146086325760,48.000000,0.110038,0.753905,0.647703,-0.000220,-0.000680,-0.000260,-0.000460,-0.000040,0.000430,303.341919,268.518341,236.995026,274.450500,332.738892,266.424225
1699146086732480,56.000000,0.110038,0.753905,0.647703,-0.000220,-0.000680,-0.000260,-0.000460,-0.000040,0.000430,357.211395,384.686310,283.657104,285.335968,309.159332,225.036423
1699146087149120,62.000000,0.110038,0.753905,0.647703,-0.000220,-0.000680,-0.000260,-0.000460,-0.000040,0.000430,367.639282,384.486633,263.958008,243.279648,363.720276,259.414032
1699146087545920,64.000000,0.110038,0.753905,0.647703,-0.000220,-0.000680,-0.000260,-0.000460,-0.000040,0.000430,316.467377,390.824219,217.775650,261.921692,321.409729,267.629364
1699146087962560,48.000000,0.110038,0.753905,0.647703,-0.000220,-0.000680,-0.000260,-0.000460,-0.000040,0.000430,377.244385,358.033447,251.540161,262.040863,374.967590,294.022003
1699146088379200,79.000000,0.110887,0.760268,0.640076,-0.000220,-0.000680,-0.000250,-0.000470,-0.000040,0.000430,273.228210,396.719482,225.610748,243.740677,370.841583,338.323639
1699146088785920,64.000000,0.113997,0.757154,0.643213,-0.000220,-0.000680,-0.000250,-0.000460,-0.000040,0.000430,278.590027,350.217041,250.212936,207.830353,340.561401,350.853271
1699146089202560,72.000000,0.110887,0.760268,0.640076,-0.000220,-0.000680,-0.000250,-0.000470,-0.000040,0.000430,266.632874,348.432434,210.834686,220.795059,326.766357,308.709503
1699146089619200,54.000000,0.110887,0.760268,0.640076,-0.000220,-0.000680,-0.000250,-0.000470,-0.000040,0.000430,213.797852,359.817444,161.914139,245.382660,298.028198,250.067902
1699146089996160,36.000000,-0.022493,-0.934929,-0.354122,-0.000220,0.003820,-0.000250,0.003550,-0.000040,-0.001240,178.524933,112.479294,179.272003,108.647301,234.706741,100.985344
1699146090392960,41.000000,0.110887,0.760268,0.640076,-0.000220,-0.000680,-0.000250,-0.000470,-0.000040,0.000430,194.569092,260.498108,162.585419,125.977348,185.550613,198.695572
1699146091216320,38.000000,0.107514,0.764389,0.635728,-0.000210,-0.000680,-0.000250,-0.000470,-0.000040,0.000430,176.122116,340.518646,234.549408,162.167114,199.844864,272.758148
1699146091593280,27.000000,0.110887,0.760268,0.640076,-0.000220,-0.000680,-0.000250,-0.000470,-0.000040,0.000430,219.778381,360.518555,291.380585,171.515457,226.717102,270.889587
1699146091980160,37.000000,0.107514,0.764389,0.635728,-0.000210,-0.000680,-0.000250,-0.000470,-0.000040,0.000430,179.621368,330.931396,257.576904,209.358765,270.624390,268.494995
1699146092376960,46.000000,0.107514,0.764389,0.635728,-0.000210,-0.000680,-0.000250,-0.000470,-0.000040,0.000430,175.261169,304.140137,309.101288,258.396729,230.320892,333.928497
1699146093527680,26.000000,0.107514,0.764389,0.635728,-0.000210,-0.000680,-0.000250,-0.000470,-0.000040,0.000430,170.938278,273.755859,191.479858,177.799561,219.590988,198.219742
1699146095670400,39.000000,0.107514,0.764389,0.635728,-0.000210,-0.000680,-0.000250,-0.000470,-0.000040,0.000430,188.353607,194.003342,170.070114,133.982239,193.726501,172.881607
1699146101939840,32.000000,0.442387,0.045994,0.895644,-0.002720,-0.000680,-0.000250,-0.000470,-0.000040,0.000430,130.512314,226.467117,171.248627,151.871033,198.100983,168.483536
1699146102445760,30.000000,0.107514,0.764389,0.635728,-0.000210,-0.000680,-0.000250,-0.000470,-0.000040,0.000430,260.738464,273.233856,199.763489,270.077332,207.501770,219.291962
1699146103001280,30.000000,0.107514,0.764389,0.635728,-0.000210,-0.000680,-0.000250,-0.000470,-0.000040,0.000430,204.437668,203.146149,132.162109,200.898834,241.460205,221.290710
1699146103576640,47.000000,0.131347,0.783324,0.607578,-0.000210,-0.000680,-0.000190,-0.000470,-0.000040,0.000430,272.881012,337.560577,175.549286,241.802383,221.870758,316.395813
1699146104072640,63.000000,0.134190,-0.907463,-0.398125,-0.000210,0.005060,-0.000300,0.005400,-0.000040,0.000150,280.403442,101.154709,154.212524,96.365784,318.704102,120.572723
1699146105699520,35.000000,0.108062,0.771703,0.626736,-0.000200,-0.000680,-0.000240,-0.000470,-0.000040,0.000430,171.435486,234.065094,284.475739,248.459305,258.077759,224.719162
1699146106225280,44.000000,0.111456,0.767601,0.631162,-0.000210,-0.000680,-0.000240,-0.000470,-0.000040,0.000430,241.359650,253.330307,146.224335,259.332581,280.808075,198.478577
1699146106780800,45.000000,0.115651,0.769696,0.627848,-0.000210,-0.000680,-0.000240,-0.000470,-0.000040,0.000440,148.859421,217.933563,183.270111,181.601257,201.428436,114.385460
1699146107792640,41.000000,0.108062,0.771703,0.626736,-0.000200,-0.000680,-0.000240,-0.000470,-0.000040,0.000430,264.233215,262.435364,244.479553,279.802979,316.306976,222.162842
1699146108883840,36.000000,0.112279,0.773775,0.623430,-0.000200,-0.000680,-0.000240,-0.000470,-0.000040,0.000440,243.225266,265.890533,262.224731,179.035583,225.761597,172.967285
1699146109965120,52.000000,0.112279,0.773775,0.623430,-0.000200,-0.000680,-0.000240,-0.000470,-0.000040,0.000440,284.267334,314.532410,371.153503,235.067749,355.148499,266.497253
1699146110441280,33.000000,0.112279,0.773775,0.623430,-0.000200,-0.000680,-0.000240,-0.000470,-0.000040,0.000440,267.627472,297.143860,333.932190,273.158142,323.738739,278.618896
1699146110986880,39.000000,0.109176,0.776707,0.620328,-0.000200,-0.000680,-0.000240,-0.000480,-0.000040,0.000440,306.004272,259.113281,310.768738,156.869446,333.106598,218.569824
1699146111522560,43.000000,0.109176,0.776707,0.620328,-0.000200,-0.000680,-0.000240,-0.000480,-0.000040,0.000440,341.864929,314.292480,336.514709,230.225082,305.101593,268.421600
1699146111949120,49.000000,0.109176,0.776707,0.620328,-0.000200,-0.000680,-0.000240,-0.000480,-0.000040,0.000440,299.491638,265.471436,335.755127,184.286621,306.943268,215.726898
1699146119607360,35.000000,0.108890,0.777833,0.618966,-0.000200,-0.000670,-0.000240,-0.000480,-0.000040,0.000440,274.291931,214.836975,240.046265,373.306793,350.455505,355.315186
1699146120143040,36.000000,0.109416,0.785015,0.609737,-0.000190,-0.000670,-0.000230,-0.000480,-0.000040,0.000440,266.457092,261.717102,189.310089,334.687012,324.160278,304.465179
1699146120688640,39.000000,0.105483,0.781868,0.614456,-0.000190,-0.000670,-0.000240,-0.000480,-0.000040,0.000440,230.357727,266.279022,228.804657,391.383606,424.127472,412.849304
1699146121204480,43.000000,0.109416,0.785015,0.609737,-0.000190,-0.000670,-0.000230,-0.000480,-0.000040,0.000440,227.660278,240.870377,241.168427,375.316650,325.795258,327.834076
1699146121700480,41.000000,0.109416,0.785015,0.609737,-0.000190,-0.000670,-0.000230,-0.000480,-0.000040,0.000440,211.295563,290.760895,204.198486,299.253662,286.917908,289.028198
1699146126224000,35.000000,0.109416,0.785015,0.609737,-0.000190,-0.000670,-0.000230,-0.000480,-0.000040,0.000440,285.396790,211.674057,251.786957,205.146027,213.986786,262.649567
1699146129408320,27.000000,0.109416,0.785015,0.609737,-0.000190,-0.000670,-0.000230,-0.000480,-0.000040,0.000440,352.316986,327.657196,337.267120,200.942688,334.238953,261.675446
1699146129894400,41.000000,0.109416,0.785015,0.609737,-0.000190,-0.000670,-0.000230,-0.000480,-0.000040,0.000440,358.393127,438.924469,430.380859,271.483765,402.665527,413.236816
1699146130420160,65.000000,0.109416,0.785015,0.609737,-0.000190,-0.000670,-0.000230,-0.000480,-0.000040,0.000440,364.768982,430.882019,420.239807,291.214233,351.003601,357.267426
1699146130945920,57.000000,0.109416,0.785015,0.609737,-0.000190,-0.000670,-0.000230,-0.000480,-0.000040,0.000440,283.995605,367.614990,300.981995,224.729584,282.305328,288.842682
1699146131461760,71.000000,0.109416,0.785015,0.609737,-0.000190,-0.000670,-0.000230,-0.000480,-0.000040,0.000440,322.593597,438.901978,370.463684,250.980835,371.679962,315.765045
1699146131967680,85.000000,0.106301,0.787841,0.606635,-0.000190,-0.000670,-0.000230,-0.000490,-0.000040,0.000440,269.784058,375.365906,377.416443,193.988251,325.253052,301.045380
1699146132493440,53.000000,0.106301,0.787841,0.606635,-0.000190,-0.000670,-0.000230,-0.000490,-0.000040,0.000440,305.406372,383.533447,316.795654,234.209717,287.635437,250.777603
1699146133058880,88.000000,0.109416,0.785015,0.609737,-0.000190,-0.000670,-0.000230,-0.000480,-0.000040,0.000440,255.581299,412.587769,385.830261,256.010681,307.499420,328.590576
1699146133594560,40.000000,0.102882,0.791806,0.602045,-0.000180,-0.000670,-0.000230,-0.000490,-0.000040,0.000440,171.980499,318.028473,268.725098,200.851807,256.088043,222.586365
1699146134080640,36.000000,0.102882,0.791806,0.602045,-0.000180,-0.000670,-0.000230,-0.000490,-0.000040,0.000440,181.799728,330.438904,291.342560,187.888641,309.819824,287.306396
1699146134656000,78.000000,0.102882,0.791806,0.602045,-0.000180,-0.000670,-0.000230,-0.000490,-0.000040,0.000440,291.419556,422.060669,315.605408,296.106079,358.116028,253.330078
1699146135161920,53.000000,0.102882,0.791806,0.602045,-0.000180,-0.000670,-0.000230,-0.000490,-0.000040,0.000440,311.184692,430.762573,275.396515,319.127014,373.820190,289.539520
1699146135638080,37.000000,0.600556,-0.770543,-0.213532,-0.000180,0.001680,-0.000230,0.005190,-0.000040,0.002490,260.180969,118.866745,187.194473,118.943665,297.149719,125.075600
1699146136173760,38.000000,0.102882,0.791806,0.602045,-0.000180,-0.000670,-0.000230,-0.000490,-0.000040,0.000440,227.181580,298.199036,259.043945,228.131149,272.724243,222.666321
1699146136679680,28.000000,0.107104,0.793703,0.598803,-0.000180,-0.000670,-0.000230,-0.000490,-0.000040,0.000450,277.615845,288.511414,227.787598,252.980774,287.516663,195.730759
1699146137205440,32.000000,0.106797,0.794908,0.597257,-0.000180,-0.000670,-0.000220,-0.000490,-0.000040,0.000440,243.655518,300.323181,160.442078,265.829620,273.893219,182.476212
1699146137731200,38.000000,0.106797,0.794908,0.597257,-0.000180,-0.000670,-0.000220,-0.000490,-0.000040,0.000440,255.568268,261.412659,144.124741,177.024918,238.637314,215.285522
1699146138247040,41.000000,0.111004,0.796763,0.594009,-0.000180,-0.000670,-0.000220,-0.000490,-0.000040,0.000450,313.695282,285.784424,257.680328,266.514893,284.606903,169.449829
1699146138762880,46.000000,0.111004,0.796763,0.594009,-0.000180,-0.000670,-0.000220,-0.000490,-0.000040,0.000450,303.595123,359.861237,233.095337,265.118774,239.172592,182.059906
1699146139298560,47.000000,0.111004,0.796763,0.594009,-0.000180,-0.000670,-0.000220,-0.000490,-0.000040,0.000450,306.950317,312.479004,296.323242,341.850525,356.339966,299.732971
1699146139834240,43.000000,0.111004,0.796763,0.594009,-0.000180,-0.000670,-0.000220,-0.000490,-0.000040,0.000450,293.482178,301.574280,197.208603,282.271942,298.157074,203.214432
1699146140340160,39.000000,0.111004,0.796763,0.594009,-0.000180,-0.000670,-0.000220,-0.000490,-0.000040,0.000450,289.101654,365.169739,217.861023,272.085022,210.543900,251.674759
1699146140885760,28.000000,0.111004,0.796763,0.594009,-0.000180,-0.000670,-0.000220,-0.000490,-0.000040,0.000450,322.395386,288.840332,287.253296,286.423340,304.618286,185.598312
1699146141371840,50.000000,0.111004,0.796763,0.594009,-0.000180,-0.000670,-0.000220,-0.000490,-0.000040,0.000450,351.532593,324.974731,349.602600,382.943848,359.259460,273.940552
1699146141927360,51.000000,0.111004,0.796763,0.594009,-0.000180,-0.000670,-0.000220,-0.000490,-0.000040,0.000450,292.997009,320.940338,308.697357,354.749634,246.403122,264.675171
1699146142453120,40.000000,0.111004,0.796763,0.594009,-0.000180,-0.000670,-0.000220,-0.000490,-0.000040,0.000450,342.963379,340.638733,329.711670,372.762024,326.096191,252.585373
1699146142959040,37.000000,0.111004,0.796763,0.594009,-0.000180,-0.000670,-0.000220,-0.000490,-0.000040,0.000450,340.109772,378.308655,346.585480,356.595215,291.443573,326.183441
1699146143474880,50.000000,0.111004,0.796763,0.594009,-0.000180,-0.000670,-0.000220,-0.000490,-0.000040,0.000450,271.551636,278.688599,267.401245,293.233337,246.511795,198.883072
1699146144040320,57.000000,0.111004,0.796763,0.594009,-0.000180,-0.000670,-0.000220,-0.000490,-0.000040,0.000450,352.277313,319.201721,290.094482,323.280884,347.820679,273.553589
1699146144566080,60.000000,0.111004,0.796763,0.594009,-0.000180,-0.000670,-0.000220,-0.000490,-0.000040,0.000450,334.609924,321.418274,349.150024,359.259552,281.070587,315.606720
1699146145081920,36.000000,0.111004,0.796763,0.594009,-0.000180,-0.000670,-0.000220,-0.000490,-0.000040,0.000450,335.678162,312.128265,368.146179,331.217468,371.673096,294.392151
1699146145617600,30.000000,0.111004,0.796763,0.594009,-0.000180,-0.000670,-0.000220,-0.000490,-0.000040,0.000450,233.790833,338.297791,338.556580,299.429565,244.660950,246.986176
1699146146123520,48.000000,0.111004,0.796763,0.594009,-0.000180,-0.000670,-0.000220,-0.000490,-0.000040,0.000450,232.815887,300.064667,338.033020,335.574249,270.124115,305.060730
1699146146669120,63.000000,0.111004,0.796763,0.594009,-0.000180,-0.000670,-0.000220,-0.000490,-0.000040,0.000450,195.138504,341.206512,358.471191,349.689392,300.174316,324.648712
1699146147194880,40.000000,0.111004,0.796763,0.594009,-0.000180,-0.000670,-0.000220,-0.000490,-0.000040,0.000450,299.513947,397.555664,375.582123,359.672119,314.337097,418.504730
1699146147740480,74.000000,0.111004,0.796763,0.594009,-0.000180,-0.000670,-0.000220,-0.000490,-0.000040,0.000450,225.097412,304.881775,330.290161,393.944641,335.177734,374.029999
1699146148315840,51.000000,0.111004,0.796763,0.594009,-0.000180,-0.000670,-0.000220,-0.000490,-0.000040,0.000450,283.301910,395.383636,353.502380,433.258972,352.606812,398.411346
1699146148831680,57.000000,0.107589,0.800677,0.589356,-0.000170,-0.000670,-0.000220,-0.000490,-0.000040,0.000450,227.214142,400.705505,430.701843,327.508850,323.191895,434.102783
1699146149397120,65.000000,0.107589,0.800677,0.589356,-0.000170,-0.000670,-0.000220,-0.000490,-0.000040,0.000450,242.577209,408.532043,390.695831,357.650574,298.316467,403.636902
1699146149942720,71.000000,0.107589,0.800677,0.589356,-0.000170,-0.000670,-0.000220,-0.000490,-0.000040,0.000450,343.155396,331.444489,394.365692,337.985626,384.180786,452.157806
1699146150448640,60.000000,0.107589,0.800677,0.589356,-0.000170,-0.000670,-0.000220,-0.000490,-0.000040,0.000450,270.544342,353.652283,312.916901,241.767059,268.822906,327.875427
1699146150994240,82.000000,0.072081,-0.989838,0.122579,-0.000170,-0.000240,-0.000220,0.003750,-0.000040,-0.001460,374.397644,121.061417,338.275513,102.920502,384.879883,93.873978
1699146151510080,67.000000,0.107589,0.800677,0.589356,-0.000170,-0.000670,-0.000220,-0.000490,-0.000040,0.000450,393.011902,334.199829,284.353790,401.700836,399.553101,449.853180
1699146152035840,72.000000,-0.343444,-0.938553,-0.034124,-0.000170,0.000630,-0.000220,0.000800,-0.000040,-0.001560,369.032715,111.706154,337.608765,100.187401,303.979187,129.493042
1699146152591360,91.000000,0.111215,0.804960,0.582812,-0.000170,-0.000660,-0.000210,-0.000490,-0.000040,0.000450,430.638611,254.456299,285.100708,340.167450,393.309967,472.450165
1699146153087360,65.000000,0.107589,0.800677,0.589356,-0.000170,-0.000670,-0.000220,-0.000490,-0.000040,0.000450,330.500183,277.824341,310.778534,248.944153,204.374237,397.846436
1699146153563520,57.000000,0.108063,0.807590,0.579759,-0.000170,-0.000660,-0.000210,-0.000500,-0.000040,0.000450,234.100891,166.045029,163.810425,234.936829,175.891968,290.074585
1699146154545600,45.000000,0.111215,0.804960,0.582812,-0.000170,-0.000660,-0.000210,-0.000490,-0.000040,0.000450,275.835205,187.302612,228.275040,177.501709,202.338562,221.644897
1699146156380800,42.000000,-0.006427,0.497731,0.867307,-0.000170,-0.002970,-0.000210,-0.000240,-0.000050,-0.000440,275.917542,109.104668,223.385773,106.336182,146.014252,117.994415
1699146156847040,33.000000,0.101063,0.807165,0.581610,-0.000170,-0.000670,-0.000210,-0.000500,-0.000050,0.000450,246.920380,221.569901,207.767441,241.031296,236.544006,277.486145
1699146157313280,61.000000,0.108063,0.807590,0.579759,-0.000170,-0.000660,-0.000210,-0.000500,-0.000040,0.000450,335.229431,236.043396,318.335999,231.198853,229.669662,326.013245
1699146157809280,60.000000,0.100710,0.808424,0.579920,-0.000170,-0.000660,-0.000210,-0.000500,-0.000050,0.000450,326.341522,260.877441,341.045105,323.532288,260.830933,398.820221
1699146158285440,57.000000,0.100710,0.808424,0.579920,-0.000170,-0.000660,-0.000210,-0.000500,-0.000050,0.000450,410.282776,257.523376,325.219971,274.170441,195.129608,398.240631
1699146158781440,53.000000,0.100710,0.808424,0.579920,-0.000170,-0.000660,-0.000210,-0.000500,-0.000050,0.000450,253.170715,311.515015,404.877960,335.549316,243.411819,371.513245
1699146159257600,35.000000,0.100710,0.808424,0.579920,-0.000170,-0.000660,-0.000210,-0.000500,-0.000050,0.000450,289.962982,260.145142,345.969604,344.846313,297.745728,305.318817
1699146159743680,53.000000,0.108063,0.807590,0.579759,-0.000170,-0.000660,-0.000210,-0.000500,-0.000040,0.000450,290.445892,261.624390,401.440125,319.467285,220.863647,279.240784
1699146160209920,48.000000,0.108063,0.807590,0.579759,-0.000170,-0.000660,-0.000210,-0.000500,-0.000040,0.000450,251.658997,313.099304,441.757446,277.112305,221.725189,345.648041
1699146160686080,37.000000,0.100710,0.808424,0.579920,-0.000170,-0.000660,-0.000210,-0.000500,-0.000050,0.000450,216.781448,300.852051,389.930573,358.022888,220.758270,297.730469
1699146161122560,46.000000,0.122766,0.805787,0.579341,-0.000170,-0.000660,-0.000210,-0.000500,-0.000020,0.000450,187.826324,251.458771,382.023468,307.795776,172.095306,260.252258
1699146161618560,34.000000,0.100710,0.808424,0.579920,-0.000170,-0.000660,-0.000210,-0.000500,-0.000050,0.000450,185.565979,254.438629,295.244080,323.410797,175.688629,283.679657
1699146162055040,47.000000,0.104612,0.811445,0.574991,-0.000160,-0.000660,-0.000210,-0.000500,-0.000040,0.000450,240.284088,323.574951,368.007233,348.732391,178.039108,221.718811
1699146162531200,55.000000,0.097248,0.812256,0.575138,-0.000160,-0.000660,-0.000210,-0.000500,-0.000050,0.000450,215.242386,295.821594,311.285522,309.341736,226.967773,335.671417
1699146163443840,33.000000,0.097248,0.812256,0.575138,-0.000160,-0.000660,-0.000210,-0.000500,-0.000050,0.000450,229.172302,267.895996,270.392883,382.579895,219.530930,240.167557
1699146164991360,41.000000,0.097248,0.812256,0.575138,-0.000160,-0.000660,-0.000210,-0.000500,-0.000050,0.000450,196.096436,206.760696,157.300476,225.526794,200.482407,156.294632
1699146166300800,34.000000,0.097248,0.812256,0.575138,-0.000160,-0.000660,-0.000210,-0.000500,-0.000050,0.000450,159.809509,233.680786,200.299225,188.658157,123.738510,181.678482
1699146167163840,36.000000,0.101500,0.813981,0.571955,-0.000160,-0.000660,-0.000210,-0.000500,-0.000050,0.000460,178.348816,236.022964,166.597824,178.527618,236.790344,181.342361
1699146168007040,32.000000,0.101500,0.813981,0.571955,-0.000160,-0.000660,-0.000210,-0.000500,-0.000050,0.000460,174.878723,252.808487,164.969879,177.173965,242.459198,219.790161
1699146169822400,41.000000,0.105384,0.816953,0.566993,-0.000160,-0.000660,-0.000200,-0.000500,-0.000050,0.000460,148.752945,230.707855,170.876541,141.207794,208.152863,165.845490
1699146170933440,60.000000,0.105384,0.816953,0.566993,-0.000160,-0.000660,-0.000200,-0.000500,-0.000050,0.000460,280.797760,323.189270,258.947205,272.355408,267.995972,253.336365
1699146171320320,43.000000,0.105384,0.816953,0.566993,-0.000160,-0.000660,-0.000200,-0.000500,-0.000050,0.000460,265.140198,368.986603,359.591919,266.051422,289.564758,340.894806
1699146171746880,48.000000,0.105384,0.816953,0.566993,-0.000160,-0.000660,-0.000200,-0.000500,-0.000050,0.000460,255.795288,314.941345,330.959839,280.482819,301.734161,316.621674
1699146172183360,62.000000,0.105384,0.816953,0.566993,-0.000160,-0.000660,-0.000200,-0.000500,-0.000050,0.000460,281.960236,358.493347,331.665771,251.983978,233.612610,347.414093
1699146172629760,60.000000,0.101926,0.820727,0.562155,-0.000150,-0.000660,-0.000200,-0.000500,-0.000050,0.000460,231.925293,373.662598,379.087006,243.965210,315.167877,355.967896
1699146173046400,67.000000,0.101926,0.820727,0.562155,-0.000150,-0.000660,-0.000200,-0.000500,-0.000050,0.000460,273.611572,395.802551,397.434937,246.338654,383.009308,411.820496
1699146173512640,54.000000,0.101926,0.820727,0.562155,-0.000150,-0.000660,-0.000200,-0.000500,-0.000050,0.000460,287.490601,410.752563,413.656982,248.222672,320.257141,422.960999
1699146174901440,60.000000,0.109278,0.819897,0.561985,-0.000150,-0.000660,-0.000200,-0.000500,-0.000040,0.000460,285.012573,310.878845,293.737793,226.024536,198.626312,334.700867
1699146175347840,50.000000,0.098828,0.823152,0.559155,-0.000150,-0.000660,-0.000200,-0.000510,-0.000050,0.000460,311.130249,251.455902,254.191620,207.195526,288.772034,263.012360
1699146176260480,68.000000,0.098828,0.823152,0.559155,-0.000150,-0.000660,-0.000200,-0.000510,-0.000050,0.000460,374.099548,353.420105,337.191986,250.464447,275.267548,393.115173
1699146176696960,59.000000,0.098828,0.823152,0.559155,-0.000150,-0.000660,-0.000200,-0.000510,-0.000050,0.000460,416.112976,379.635315,343.151733,356.405701,291.853821,418.573029
1699146177143360,101.000000,0.098828,0.823152,0.559155,-0.000150,-0.000660,-0.000200,-0.000510,-0.000050,0.000460,423.406250,385.733704,357.963623,279.699615,290.711700,476.367218
1699146177609600,100.000000,0.098828,0.823152,0.559155,-0.000150,-0.000660,-0.000200,-0.000510,-0.000050,0.000460,408.513367,375.556763,291.002533,321.731262,311.815735,392.723236
1699146178085760,97.000000,0.098828,0.823152,0.559155,-0.000150,-0.000660,-0.000200,-0.000510,-0.000050,0.000460,442.498535,373.219818,340.133667,409.390839,297.227356,485.124817
1699146178581760,73.000000,0.098828,0.823152,0.559155,-0.000150,-0.000660,-0.000200,-0.000510,-0.000050,0.000460,427.990601,344.372894,357.516174,312.947845,316.094849,433.682983
1699146179286080,31.000000,0.102690,0.826068,0.554135,-0.000150,-0.000660,-0.000190,-0.000510,-0.000050,0.000460,375.775208,243.065933,221.403107,307.427338,292.979675,364.623108
1699146180000320,61.000000,0.102690,0.826068,0.554135,-0.000150,-0.000660,-0.000190,-0.000510,-0.000050,0.000460,448.330322,295.507629,281.556396,372.023865,273.835999,398.386047
1699146180764160,44.000000,0.102690,0.826068,0.554135,-0.000150,-0.000660,-0.000190,-0.000510,-0.000050,0.000460,351.952515,291.627258,205.833984,357.928894,259.547089,393.465942
1699146181121280,49.000000,0.205566,0.977132,-0.054360,-0.000150,0.000480,-0.000190,-0.002800,-0.000050,0.003300,333.373718,97.349525,190.865448,94.528000,228.975433,93.310791
1699146181557760,57.000000,0.102690,0.826068,0.554135,-0.000150,-0.000660,-0.000190,-0.000510,-0.000050,0.000460,317.293152,283.021729,292.669861,299.045105,224.188995,288.180847
1699146181994240,43.000000,0.102690,0.826068,0.554135,-0.000150,-0.000660,-0.000190,-0.000510,-0.000050,0.000460,250.653839,244.772247,297.621765,313.614532,274.613342,287.973694
1699146182391040,45.000000,0.102690,0.826068,0.554135,-0.000150,-0.000660,-0.000190,-0.000510,-0.000050,0.000460,252.724884,268.524109,334.342102,355.003540,266.623413,295.894135
1699146192975680,39.000000,0.114328,0.834635,0.538808,-0.000140,-0.000650,-0.000180,-0.000510,-0.000040,0.000470,338.208984,342.863831,303.474915,261.257446,224.278610,348.610962
1699146193392320,49.000000,0.114328,0.834635,0.538808,-0.000140,-0.000650,-0.000180,-0.000510,-0.000040,0.000470,375.280945,316.043884,300.332397,236.633606,283.228333,306.318573
1699146193848640,50.000000,0.114328,0.834635,0.538808,-0.000140,-0.000650,-0.000180,-0.000510,-0.000040,0.000470,264.215881,375.837677,331.011047,253.926010,235.270386,365.579315
1699146194285120,86.000000,0.114328,0.834635,0.538808,-0.000140,-0.000650,-0.000180,-0.000510,-0.000040,0.000470,383.884644,374.832947,408.395691,339.980469,381.276794,374.180756
1699146195009280,53.000000,0.114328,0.834635,0.538808,-0.000140,-0.000650,-0.000180,-0.000510,-0.000040,0.000470,295.043518,389.205475,445.479767,244.257156,283.508240,414.080597
1699146196110400,48.000000,0.114328,0.834635,0.538808,-0.000140,-0.000650,-0.000180,-0.000510,-0.000040,0.000470,272.901306,424.925110,459.766876,240.755875,308.505554,413.708405
1699146196556800,84.000000,0.111151,0.836936,0.535895,-0.000140,-0.000650,-0.000180,-0.000520,-0.000040,0.000470,269.731445,396.813477,394.669647,299.890045,330.358093,358.659027
1699146196983360,73.000000,0.114328,0.834635,0.538808,-0.000140,-0.000650,-0.000180,-0.000510,-0.000040,0.000470,282.898743,461.457397,406.136444,228.057434,393.620178,411.919952
1699146197687680,50.000000,0.114328,0.834635,0.538808,-0.000140,-0.000650,-0.000180,-0.000510,-0.000040,0.000470,197.342834,414.619354,249.002945,201.841980,345.965729,317.588684
1699146198084480,69.000000,0.110853,0.838298,0.533824,-0.000130,-0.000650,-0.000180,-0.000510,-0.000040,0.000470,250.478088,407.559052,304.966644,270.032349,327.753052,391.819946
1699146198491200,68.000000,0.110853,0.838298,0.533824,-0.000130,-0.000650,-0.000180,-0.000510,-0.000040,0.000470,279.093018,430.738831,338.206726,238.399658,372.275818,375.081543
1699146198927680,73.000000,0.107688,0.840554,0.530917,-0.000130,-0.000650,-0.000180,-0.000520,-0.000040,0.000470,298.627136,381.727966,311.809265,290.712799,296.296539,202.643219
1699146199354240,74.000000,0.107688,0.840554,0.530917,-0.000130,-0.000650,-0.000180,-0.000520,-0.000040,0.000470,309.351379,459.924316,221.404404,296.851959,337.860107,280.627563
1699146199790720,65.000000,0.107688,0.840554,0.530917,-0.000130,-0.000650,-0.000180,-0.000520,-0.000040,0.000470,334.908020,389.217682,199.268555,289.376068,395.723175,273.048981
1699146200504960,64.000000,0.111551,0.843316,0.525713,-0.000130,-0.000650,-0.000170,-0.000520,-0.000040,0.000470,301.959778,381.322968,223.076111,288.407227,254.145355,279.714996
1699146201159680,56.000000,0.111551,0.843316,0.525713,-0.000130,-0.000650,-0.000170,-0.000520,-0.000040,0.000470,404.580811,400.416077,303.993530,320.955322,413.743530,241.981003
1699146201814400,64.000000,0.111551,0.843316,0.525713,-0.000130,-0.000650,-0.000170,-0.000520,-0.000040,0.000470,422.871613,406.297546,290.833191,325.049622,368.273804,270.748535
1699146202191360,74.000000,0.115692,0.844666,0.522642,-0.000130,-0.000650,-0.000170,-0.000520,-0.000040,0.000480,521.171509,449.047607,426.680908,385.003967,434.906128,241.823380
1699146202885760,51.000000,0.115692,0.844666,0.522642,-0.000130,-0.000650,-0.000170,-0.000520,-0.000040,0.000480,396.689209,410.946198,396.817871,373.159424,384.738098,290.161133
1699146203609920,39.000000,0.115692,0.844666,0.522642,-0.000130,-0.000650,-0.000170,-0.000520,-0.000040,0.000480,453.709198,433.371246,476.033630,378.832214,428.747406,379.995331
1699146204284480,84.000000,0.115692,0.844666,0.522642,-0.000130,-0.000650,-0.000170,-0.000520,-0.000040,0.000480,474.305878,402.594543,492.628387,369.818237,413.375977,356.484894
1699146205048320,58.000000,0.115692,0.844666,0.522642,-0.000130,-0.000650,-0.000170,-0.000520,-0.000040,0.000480,265.880035,291.034485,344.318298,282.898224,371.433685,249.335022
1699146205712960,60.000000,0.115692,0.844666,0.522642,-0.000130,-0.000650,-0.000170,-0.000520,-0.000040,0.000480,282.993774,329.581360,308.844055,266.631927,300.253296,246.389435
1699146206367680,54.000000,0.115692,0.844666,0.522642,-0.000130,-0.000650,-0.000170,-0.000520,-0.000040,0.000480,272.334564,264.894653,300.405151,334.586884,361.272217,327.766724
1699146207062080,50.000000,0.115692,0.844666,0.522642,-0.000130,-0.000650,-0.000170,-0.000520,-0.000040,0.000480,352.383057,251.283386,404.468323,405.666901,386.694763,367.288696
1699146207746560,54.000000,0.115692,0.844666,0.522642,-0.000130,-0.000650,-0.000170,-0.000520,-0.000040,0.000480,347.465118,237.726257,309.823914,361.425659,356.685791,345.242920
1699146208401280,54.000000,0.119544,0.847353,0.517399,-0.000130,-0.000650,-0.000160,-0.000520,-0.000040,0.000480,264.423126,156.075897,244.503769,208.748993,316.351318,207.306839
1699146209095680,51.000000,0.115692,0.844666,0.522642,-0.000130,-0.000650,-0.000170,-0.000520,-0.000040,0.000480,284.056641,299.750183,273.647491,446.478546,418.171997,495.064819
1699146209809920,83.000000,0.115807,0.852291,0.510087,-0.000120,-0.000640,-0.000160,-0.000520,-0.000040,0.000480,270.708008,272.351318,289.450073,371.315857,392.540070,440.227905
1699146210167040,30.000000,0.140209,0.822829,0.550721,-0.000190,-0.000670,-0.000160,-0.000520,-0.000040,0.000480,207.786240,174.650238,346.517609,324.881653,382.245117,233.400467
1699146210553920,56.000000,0.115807,0.852291,0.510087,-0.000120,-0.000640,-0.000160,-0.000520,-0.000040,0.000480,194.131195,220.674881,229.559814,409.290131,367.238037,403.589081
1699146210653120,66.000000,0.197281,0.810558,0.551431,-0.000180,-0.000660,-0.000170,-0.000480,0.000020,0.000500,248.881897,268.145782,205.868652,207.231857,268.600983,207.597443
1699146210930880,73.000000,0.115807,0.852291,0.510087,-0.000120,-0.000640,-0.000160,-0.000520,-0.000040,0.000480,325.237488,277.024414,352.399048,477.390900,473.313049,404.316650
1699146211109440,37.000000,0.200516,0.806585,0.556070,-0.000190,-0.000660,-0.000170,-0.000480,0.000020,0.000500,175.613647,246.534515,149.001572,257.354889,231.254227,198.207840
1699146211327680,59.000000,0.115807,0.852291,0.510087,-0.000120,-0.000640,-0.000160,-0.000520,-0.000040,0.000480,286.267212,276.345093,297.646576,441.924133,415.006561,470.318024
1699146211744320,75.000000,0.115807,0.852291,0.510087,-0.000120,-0.000640,-0.000160,-0.000520,-0.000040,0.000480,290.248810,222.264038,331.835266,318.000366,368.044250,333.850189
1699146211972480,85.000000,0.204067,0.803783,0.558828,-0.000190,-0.000660,-0.000170,-0.000470,0.000020,0.000500,273.289398,258.711395,215.642822,213.101929,316.013947,208.879440
1699146212131200,48.000000,0.115807,0.852291,0.510087,-0.000120,-0.000640,-0.000160,-0.000520,-0.000040,0.000480,306.204437,371.781494,380.523254,372.052521,320.627991,412.887695
1699146212478400,51.000000,0.115807,0.852291,0.510087,-0.000120,-0.000640,-0.000160,-0.000520,-0.000040,0.000480,266.556641,313.520569,336.097168,413.699463,335.101929,342.469971
1699146212855360,59.000000,0.115807,0.852291,0.510087,-0.000120,-0.000640,-0.000160,-0.000520,-0.000040,0.000480,345.502228,271.089325,357.856140,363.242096,363.155701,295.487762
1699146213212480,89.000000,0.115807,0.852291,0.510087,-0.000120,-0.000640,-0.000160,-0.000520,-0.000040,0.000480,391.347260,376.097748,428.886414,430.742706,368.942383,362.118774
1699146213609280,77.000000,-0.605996,0.712828,-0.353052,-0.000120,0.001980,-0.000160,-0.004390,-0.000040,-0.000450,388.565460,107.190323,405.193359,107.477989,417.410339,102.171349
1699146214006080,70.000000,0.115807,0.852291,0.510087,-0.000120,-0.000640,-0.000160,-0.000520,-0.000040,0.000480,430.662415,409.199615,434.680725,480.946533,441.874390,395.188416
1699146214432640,100.000000,0.115807,0.852291,0.510087,-0.000120,-0.000640,-0.000160,-0.000520,-0.000040,0.000480,485.023621,391.311310,499.818970,441.453918,484.841064,396.714325
1699146214829440,43.000000,0.115807,0.852291,0.510087,-0.000120,-0.000640,-0.000160,-0.000520,-0.000040,0.000480,369.838776,319.450195,384.509277,380.875061,365.878937,263.522583
1699146215246080,61.000000,0.115807,0.852291,0.510087,-0.000120,-0.000640,-0.000160,-0.000520,-0.000040,0.000480,487.940063,450.470886,427.786926,487.248230,438.226074,300.713104
1699146215662720,44.000000,0.115807,0.852291,0.510087,-0.000120,-0.000640,-0.000160,-0.000520,-0.000040,0.000480,369.395264,346.583954,303.319214,339.718018,309.840942,206.279297
1699146216059520,59.000000,0.115807,0.852291,0.510087,-0.000120,-0.000640,-0.000160,-0.000520,-0.000040,0.000480,435.141113,411.728424,354.064697,438.905334,414.490082,274.086884
1699146217557440,53.000000,0.111327,0.852425,0.510861,-0.000120,-0.000640,-0.000150,-0.000520,-0.000040,0.000460,287.792847,150.944000,210.852997,182.456238,197.912369,127.688385
1699146217924480,39.000000,0.119935,0.853535,0.507044,-0.000120,-0.000640,-0.000160,-0.000520,-0.000040,0.000490,271.609833,313.207611,235.965027,270.230774,253.875412,207.882462
1699146218281600,33.000000,0.123793,0.856140,0.501696,-0.000120,-0.000640,-0.000150,-0.000520,-0.000040,0.000490,366.392365,367.904053,261.081604,323.550720,320.163422,223.824493
1699146218936320,64.000000,-0.875574,-0.480039,0.054163,-0.000120,0.000310,-0.000150,-0.001770,-0.000040,-0.004300,315.324554,106.377007,196.996368,103.924866,273.599548,103.291412
1699146219591040,42.000000,0.123793,0.856140,0.501696,-0.000120,-0.000640,-0.000150,-0.000520,-0.000040,0.000490,196.656006,219.794907,223.475937,199.313385,256.116089,214.811783
1699146219948160,159.000000,0.201226,0.813125,0.546202,-0.000180,-0.000660,-0.000160,-0.000480,0.000020,0.000500,638.301575,649.403198,681.418579,527.608887,720.887451,607.928467
1699146220305280,62.000000,0.123793,0.856140,0.501696,-0.000120,-0.000640,-0.000150,-0.000520,-0.000040,0.000490,168.444031,280.283234,257.966736,221.668091,222.538010,258.704132
1699146220464000,355.000000,0.201226,0.813125,0.546202,-0.000180,-0.000660,-0.000160,-0.000480,0.000020,0.000500,762.761108,773.904175,839.550293,624.668091,807.027466,752.963074
1699146221098880,291.000000,0.201226,0.813125,0.546202,-0.000180,-0.000660,-0.000160,-0.000480,0.000020,0.000500,655.114990,672.109741,715.715088,536.971313,729.423035,654.598633
1699146221704000,96.000000,0.201226,0.813125,0.546202,-0.000180,-0.000660,-0.000160,-0.000480,0.000020,0.000500,592.276062,580.998047,632.288574,477.429077,588.549255,572.392700
1699146222338880,132.000000,0.201226,0.813125,0.546202,-0.000180,-0.000660,-0.000160,-0.000480,0.000020,0.000500,678.794861,707.021545,741.238464,564.707092,677.915771,680.800415
1699146222973760,167.000000,0.201226,0.813125,0.546202,-0.000180,-0.000660,-0.000160,-0.000480,0.000020,0.000500,653.263550,683.211792,686.757263,574.910217,621.180237,671.893311
1699146223608640,154.000000,0.201226,0.813125,0.546202,-0.000180,-0.000660,-0.000160,-0.000480,0.000020,0.000500,655.662537,622.561340,688.395691,555.671753,644.116272,688.184326
1699146224263360,107.000000,0.201226,0.813125,0.546202,-0.000180,-0.000660,-0.000160,-0.000480,0.000020,0.000500,563.773071,557.573853,580.084229,486.923401,564.629150,621.891846
1699146224888320,136.000000,0.201226,0.813125,0.546202,-0.000180,-0.000660,-0.000160,-0.000480,0.000020,0.000500,673.499268,630.000977,681.788940,593.807983,626.922241,715.650574
1699146225523200,110.000000,0.201226,0.813125,0.546202,-0.000180,-0.000660,-0.000160,-0.000480,0.000020,0.000500,631.302490,597.764771,615.413635,571.759277,562.158447,693.418823
1699146225662080,37.000000,0.117088,0.861651,0.493809,-0.000110,-0.000640,-0.000150,-0.000530,-0.000040,0.000490,183.005127,231.268219,273.333252,167.529968,170.802887,232.353973
1699146225979520,28.000000,0.129675,0.837878,0.530231,-0.000140,-0.000650,-0.000170,-0.000510,-0.000030,0.000480,166.626083,207.402405,192.012451,189.800705,151.950378,260.942139
1699146226138240,124.000000,0.201226,0.813125,0.546202,-0.000180,-0.000660,-0.000160,-0.000480,0.000020,0.000500,625.576660,542.247925,535.232727,518.313354,549.916260,677.955933
1699146226346560,76.000000,0.117088,0.861651,0.493809,-0.000110,-0.000640,-0.000150,-0.000530,-0.000040,0.000490,286.542969,276.600189,327.414917,304.726257,315.839600,369.526215
1699146226753280,83.000000,0.201226,0.813125,0.546202,-0.000180,-0.000660,-0.000160,-0.000480,0.000020,0.000500,485.815613,451.343567,460.264465,396.962860,371.151733,465.013092
1699146226991360,55.000000,0.117088,0.861651,0.493809,-0.000110,-0.000640,-0.000150,-0.000530,-0.000040,0.000490,323.056519,313.933105,251.101089,242.861359,284.635132,351.760742
1699146227298880,92.000000,0.201226,0.813125,0.546202,-0.000180,-0.000660,-0.000160,-0.000480,0.000020,0.000500,497.933075,465.130066,469.837677,437.096344,461.097565,484.565338
1699146227983360,106.000000,0.201226,0.813125,0.546202,-0.000180,-0.000660,-0.000160,-0.000480,0.000020,0.000500,706.354736,562.005737,552.087402,510.255554,517.452087,654.627197
1699146228370240,72.000000,0.117088,0.861651,0.493809,-0.000110,-0.000640,-0.000150,-0.000530,-0.000040,0.000490,277.143494,231.849304,218.874344,324.867615,291.011169,348.558289
1699146228588480,63.000000,-0.400684,-0.841394,-0.362641,-0.000080,0.003780,-0.000090,0.000700,0.000020,-0.003950,168.142700,124.499947,155.423248,101.382233,177.841843,101.246567
1699146228767040,67.000000,0.120919,0.864189,0.488422,-0.000110,-0.000640,-0.000140,-0.000530,-0.000040,0.000490,261.339111,189.650421,218.478928,359.614960,361.287811,374.612061
1699146229352320,133.000000,0.201226,0.813125,0.546202,-0.000180,-0.000660,-0.000160,-0.000480,0.000020,0.000500,574.921143,531.340698,538.857910,572.036804,588.218750,642.353088
1699146229431680,83.000000,0.116814,0.863066,0.491397,-0.000110,-0.000630,-0.000150,-0.000530,-0.000040,0.000490,214.374634,252.694122,190.172638,309.495575,338.819092,299.370209
1699146229858240,105.000000,0.201226,0.813125,0.546202,-0.000180,-0.000660,-0.000160,-0.000480,0.000020,0.000500,645.419678,536.717407,512.804382,530.899963,470.715118,629.987793
1699146230175680,53.000000,0.117157,0.869002,0.480740,-0.000100,-0.000630,-0.000140,-0.000530,-0.000040,0.000490,283.244385,358.259125,331.539948,479.694733,448.103149,446.279633
1699146230572480,82.000000,0.201226,0.813125,0.546202,-0.000180,-0.000660,-0.000160,-0.000480,0.000020,0.000500,420.497192,323.611938,251.179779,356.785583,371.807983,411.403076
1699146230830400,76.000000,0.117157,0.869002,0.480740,-0.000100,-0.000630,-0.000140,-0.000530,-0.000040,0.000490,356.912933,350.655090,447.760040,529.360718,512.007690,491.752319
1699146231088320,59.000000,0.201226,0.813125,0.546202,-0.000180,-0.000660,-0.000160,-0.000480,0.000020,0.000500,380.214539,296.630798,257.945984,291.585999,279.834869,336.296600
1699146231544640,64.000000,0.117157,0.869002,0.480740,-0.000100,-0.000630,-0.000140,-0.000530,-0.000040,0.000490,303.026794,313.183594,406.648987,488.505920,378.251984,430.663910
1699146232129920,37.000000,0.201226,0.813125,0.546202,-0.000180,-0.000660,-0.000160,-0.000480,0.000020,0.000500,193.794922,205.530121,241.765030,206.272369,301.124634,324.789429
1699146232328320,111.000000,0.117157,0.869002,0.480740,-0.000100,-0.000630,-0.000140,-0.000530,-0.000040,0.000490,405.644165,422.775024,490.094055,468.117737,450.049927,469.922058
1699146232616000,78.000000,0.201226,0.813125,0.546202,-0.000180,-0.000660,-0.000160,-0.000480,0.000020,0.000500,413.293549,414.366638,354.068634,373.122589,373.628174,457.140015
1699146233012800,119.000000,0.117157,0.869002,0.480740,-0.000100,-0.000630,-0.000140,-0.000530,-0.000040,0.000490,427.980560,421.605194,519.776550,505.338867,465.653564,465.499603
1699146233231040,131.000000,0.201226,0.813125,0.546202,-0.000180,-0.000660,-0.000160,-0.000480,0.000020,0.000500,633.391296,487.084473,339.767273,500.439514,421.112976,597.603943
1699146233707200,171.000000,0.201226,0.813125,0.546202,-0.000180,-0.000660,-0.000160,-0.000480,0.000020,0.000500,755.625854,620.820251,464.880554,644.611938,514.389526,756.133240
1699146233727040,134.000000,0.117157,0.869002,0.480740,-0.000100,-0.000630,-0.000140,-0.000530,-0.000040,0.000490,459.186310,458.987732,490.216095,472.805420,511.202209,431.719818
1699146234361920,109.000000,-0.157546,-0.516798,0.841486,-0.000180,-0.004590,-0.000150,0.002420,0.000020,-0.003520,394.922363,104.246445,373.716217,93.673111,420.392426,103.106201
1699146234451200,104.000000,0.117157,0.869002,0.480740,-0.000100,-0.000630,-0.000140,-0.000530,-0.000040,0.000490,463.685120,424.963318,474.042542,518.380737,488.167114,413.527100
1699146234887680,84.000000,0.201226,0.813125,0.546202,-0.000180,-0.000660,-0.000160,-0.000480,0.000020,0.000500,586.553833,489.248566,365.371796,501.137878,389.784698,506.625122
1699146235195200,69.000000,0.117157,0.869002,0.480740,-0.000100,-0.000630,-0.000140,-0.000530,-0.000040,0.000490,436.571899,439.131165,451.219452,467.842529,375.772949,387.373016
1699146235879680,64.000000,0.117157,0.869002,0.480740,-0.000100,-0.000630,-0.000140,-0.000530,-0.000040,0.000490,365.651794,319.561035,348.187988,349.234009,408.135620,281.762177
1699146236018560,82.000000,0.205172,0.815658,0.540932,-0.000180,-0.000660,-0.000150,-0.000480,0.000020,0.000500,393.091644,305.570129,264.852234,357.522034,309.405884,353.034729
1699146236554240,62.000000,0.117157,0.869002,0.480740,-0.000100,-0.000630,-0.000140,-0.000530,-0.000040,0.000490,268.803497,299.812866,228.798706,257.332275,276.105896,187.046143
1699146236593920,96.000000,0.205172,0.815658,0.540932,-0.000180,-0.000660,-0.000150,-0.000480,0.000020,0.000500,499.662170,395.481537,332.076538,390.823151,353.716522,483.003204
1699146237199040,85.000000,0.205172,0.815658,0.540932,-0.000180,-0.000660,-0.000150,-0.000480,0.000020,0.000500,492.442932,476.995544,337.669708,397.816345,364.135071,466.148987
1699146237228800,49.000000,0.688667,0.531049,0.493685,-0.000100,-0.004890,-0.000140,0.003090,-0.000040,0.005260,281.570312,120.551178,243.015656,112.620796,224.499847,113.349869
1699146237903360,52.000000,0.117157,0.869002,0.480740,-0.000100,-0.000630,-0.000140,-0.000530,-0.000040,0.000490,385.755066,441.373535,414.808899,333.309082,453.842804,292.984741
1699146238310080,67.000000,0.212361,0.814208,0.540341,-0.000180,-0.000660,-0.000150,-0.000480,0.000030,0.000500,326.304871,263.452026,206.462021,260.876038,210.280350,218.724365
1699146238647360,70.000000,0.117157,0.869002,0.480740,-0.000100,-0.000630,-0.000140,-0.000530,-0.000040,0.000490,437.459900,510.379822,348.265778,366.864990,489.916779,273.851196
1699146239411200,62.000000,0.117157,0.869002,0.480740,-0.000100,-0.000630,-0.000140,-0.000530,-0.000040,0.000490,413.442688,527.434204,386.554260,394.252411,509.974152,365.689423
1699146240075840,46.000000,0.117157,0.869002,0.480740,-0.000100,-0.000630,-0.000140,-0.000530,-0.000040,0.000490,291.672180,403.363770,193.412186,363.474701,372.731659,255.534897
1699146240859520,63.000000,0.121844,0.874400,0.469658,-0.000100,-0.000630,-0.000130,-0.000540,-0.000040,0.000500,241.515808,318.627197,238.021988,184.320709,298.925842,238.025604
1699146241494400,59.000000,0.125099,0.872510,0.472310,-0.000100,-0.000630,-0.000130,-0.000530,-0.000040,0.000500,170.924088,278.186829,230.585846,224.195190,236.381653,279.056213
1699146241792000,85.000000,0.212361,0.814208,0.540341,-0.000180,-0.000660,-0.000150,-0.000480,0.000030,0.000500,449.194885,334.889221,469.872192,406.018799,393.417419,365.971161
1699146242109440,67.000000,0.118352,0.877674,0.464416,-0.000090,-0.000630,-0.000130,-0.000540,-0.000040,0.000500,249.709457,381.803345,241.663879,255.564392,362.197113,243.053070
1699146242605440,89.000000,0.212745,0.815443,0.538323,-0.000180,-0.000650,-0.000150,-0.000480,0.000030,0.000500,261.697876,261.562286,327.206604,282.694916,308.690247,282.172058
1699146242803840,72.000000,0.233444,0.968547,-0.086142,-0.000090,0.000450,-0.000130,-0.001870,-0.000040,0.002450,277.713348,116.945885,272.661346,174.699661,289.848083,113.692459
1699146243478400,38.000000,0.118352,0.877674,0.464416,-0.000090,-0.000630,-0.000130,-0.000540,-0.000040,0.000500,257.120392,277.514679,290.202728,216.966385,292.697937,261.226562
1699146243776000,54.000000,0.212361,0.814208,0.540341,-0.000180,-0.000660,-0.000150,-0.000480,0.000030,0.000500,284.595398,199.908295,283.244904,260.916870,271.131409,243.831482
1699146244143040,40.000000,0.118352,0.877674,0.464416,-0.000090,-0.000630,-0.000130,-0.000540,-0.000040,0.000500,282.861786,299.049774,337.686768,212.888062,308.630920,206.182892
1699146247039680,83.000000,0.212745,0.815443,0.538323,-0.000180,-0.000650,-0.000150,-0.000480,0.000030,0.000500,431.228210,336.249329,535.049194,405.386658,469.415436,299.986145
1699146247535680,116.000000,0.216309,0.816682,0.535015,-0.000180,-0.000650,-0.000150,-0.000480,0.000030,0.000510,470.552124,341.186218,515.888428,522.604919,508.932648,356.901001
1699146248775680,53.000000,0.118352,0.877674,0.464416,-0.000090,-0.000630,-0.000130,-0.000540,-0.000040,0.000500,322.061493,214.108856,301.462708,323.172882,338.695923,303.988617
1699146249351040,33.000000,0.118076,0.879107,0.461767,-0.000090,-0.000620,-0.000130,-0.000540,-0.000040,0.000500,230.714584,237.407562,214.563004,320.048096,301.253326,384.398560
1699146249966080,83.000000,0.118352,0.877674,0.464416,-0.000090,-0.000630,-0.000130,-0.000540,-0.000040,0.000500,404.534607,341.336609,353.451233,506.524658,509.946747,459.701965
1699146250720000,42.000000,0.121904,0.881486,0.456204,-0.000090,-0.000620,-0.000120,-0.000540,-0.000040,0.000500,202.976852,303.247620,245.979431,385.513275,371.879395,381.979004
1699146251404480,52.000000,0.118352,0.877674,0.464416,-0.000090,-0.000630,-0.000130,-0.000540,-0.000040,0.000500,201.003540,239.656754,240.145447,425.808868,382.703278,416.103638
1699146252148480,61.000000,0.118372,0.884708,0.450866,-0.000080,-0.000620,-0.000120,-0.000540,-0.000040,0.000500,316.533844,274.975494,274.836731,378.926086,362.913330,374.570526
1699146252961920,50.000000,0.924800,-0.051545,0.376946,-0.000080,-0.002570,-0.000120,0.005130,-0.000040,0.004010,390.766602,122.270599,306.076233,104.620270,396.818817,108.202972
1699146253606720,83.000000,-0.511810,0.510119,0.691252,-0.000080,-0.003160,-0.000120,-0.002310,-0.000040,-0.002480,447.094116,129.682739,460.989197,104.733154,491.371429,102.753426
1699146254370560,66.000000,0.118372,0.884708,0.450866,-0.000080,-0.000620,-0.000120,-0.000540,-0.000040,0.000500,452.794464,419.207092,435.013916,542.088013,527.358887,500.966156
1699146254717760,90.000000,0.216309,0.816682,0.535015,-0.000180,-0.000650,-0.000150,-0.000480,0.000030,0.000510,301.080017,403.153259,354.012634,439.523376,495.537048,502.987671
1699146254866560,32.000000,0.117088,0.861651,0.493809,-0.000110,-0.000640,-0.000150,-0.000530,-0.000040,0.000490,243.946579,262.372040,295.371338,296.944519,202.618439,224.125168
1699146255124480,89.000000,0.118372,0.884708,0.450866,-0.000080,-0.000620,-0.000120,-0.000540,-0.000040,0.000500,535.843079,433.820648,492.440308,480.533142,536.761597,517.737854
1699146255293120,122.000000,0.216309,0.816682,0.535015,-0.000180,-0.000650,-0.000150,-0.000480,0.000030,0.000510,381.416199,402.449097,417.096069,508.429871,533.959167,516.316223
1699146255769280,85.000000,0.118372,0.884708,0.450866,-0.000080,-0.000620,-0.000120,-0.000540,-0.000040,0.000500,466.683350,441.820282,494.158722,456.669312,498.629181,460.892487
1699146255828800,44.000000,0.216309,0.816682,0.535015,-0.000180,-0.000650,-0.000150,-0.000480,0.000030,0.000510,212.908997,247.926071,164.540131,274.633881,256.991516,263.716583
1699146256056960,29.000000,0.117088,0.861651,0.493809,-0.000110,-0.000640,-0.000150,-0.000530,-0.000040,0.000490,206.665405,252.123856,274.930634,326.416870,244.495209,229.177246
1699146256443840,44.000000,-0.335278,0.707049,0.622632,-0.000110,-0.003540,-0.000150,-0.002910,-0.000040,-0.001630,215.766190,116.755829,184.458801,104.658020,204.049408,132.280289
1699146256493440,70.000000,0.086103,0.856088,0.509608,-0.000080,-0.000410,-0.000120,-0.000360,-0.000040,0.000320,495.227478,132.410934,491.630981,121.049911,446.357300,147.353073
1699146257207680,36.000000,0.117088,0.861651,0.493809,-0.000110,-0.000640,-0.000150,-0.000530,-0.000040,0.000490,204.024689,203.911728,286.921326,290.144775,186.507599,182.642975
1699146257306880,88.000000,0.118372,0.884708,0.450866,-0.000080,-0.000620,-0.000120,-0.000540,-0.000040,0.000500,547.201599,552.500427,632.247253,489.245850,557.768738,561.875671
1699146257991360,39.000000,0.117088,0.861651,0.493809,-0.000110,-0.000640,-0.000150,-0.000530,-0.000040,0.000490,176.787292,151.140732,227.191620,228.344513,155.370880,191.834656
1699146258120320,99.000000,0.118372,0.884708,0.450866,-0.000080,-0.000620,-0.000120,-0.000540,-0.000040,0.000500,503.189209,640.092651,568.461060,512.548401,512.478149,546.317261
1699146258358400,27.000000,0.117088,0.861651,0.493809,-0.000110,-0.000640,-0.000150,-0.000530,-0.000040,0.000490,132.638550,186.937241,230.050552,239.187164,180.141327,160.916092
1699146258804800,88.000000,0.118372,0.884708,0.450866,-0.000080,-0.000620,-0.000120,-0.000540,-0.000040,0.000500,510.964233,579.121704,621.349182,466.617798,602.590454,568.077209
1699146259310720,62.000000,0.217009,0.823050,0.524877,-0.000170,-0.000650,-0.000140,-0.000480,0.000030,0.000510,196.596863,257.285156,237.312820,230.220840,290.257812,217.084427
1699146259528960,123.000000,0.118372,0.884708,0.450866,-0.000080,-0.000620,-0.000120,-0.000540,-0.000040,0.000500,348.415710,526.162537,506.184601,354.380615,500.984741,539.452271
1699146260173760,76.000000,0.118372,0.884708,0.450866,-0.000080,-0.000620,-0.000120,-0.000540,-0.000040,0.000500,316.598083,565.803894,567.637207,373.853760,512.308105,545.615723
1699146260798720,80.000000,0.114829,0.887889,0.445497,-0.000070,-0.000620,-0.000120,-0.000540,-0.000040,0.000500,307.158020,612.748413,518.692993,368.097961,503.992920,560.845703
1699146261007040,32.000000,0.113306,0.866473,0.486196,-0.000100,-0.000630,-0.000150,-0.000530,-0.000040,0.000490,280.773132,251.768219,176.110245,330.812347,234.412766,309.796997
1699146261503040,65.000000,0.114829,0.887889,0.445497,-0.000070,-0.000620,-0.000120,-0.000540,-0.000040,0.000500,427.239441,587.749939,454.934570,354.593689,551.259399,569.989441
1699146262237120,86.000000,0.111606,0.889583,0.442930,-0.000070,-0.000620,-0.000120,-0.000550,-0.000040,0.000500,337.803711,415.925232,367.386169,315.154968,384.530640,437.455475
1699146262842240,125.000000,0.111606,0.889583,0.442930,-0.000070,-0.000620,-0.000120,-0.000550,-0.000040,0.000500,413.862335,428.748383,289.944794,281.455200,382.305969,409.334961
1699146263397760,46.000000,0.113306,0.866473,0.486196,-0.000100,-0.000630,-0.000150,-0.000530,-0.000040,0.000490,158.999176,197.488739,125.008942,179.271820,144.698059,143.211578
1699146263487040,90.000000,0.115403,0.891870,0.437320,-0.000070,-0.000620,-0.000110,-0.000550,-0.000040,0.000500,501.117523,461.338440,352.753845,452.620117,347.971680,500.162109
1699146264151680,93.000000,0.115403,0.891870,0.437320,-0.000070,-0.000620,-0.000110,-0.000550,-0.000040,0.000500,524.665710,429.791077,335.417358,453.079529,353.031342,444.848816
1699146264885760,42.000000,0.115403,0.891870,0.437320,-0.000070,-0.000620,-0.000110,-0.000550,-0.000040,0.000500,382.113098,392.511169,313.351379,333.267242,247.750153,364.928040
1699146265024640,26.000000,0.117157,0.869002,0.480740,-0.000100,-0.000630,-0.000140,-0.000530,-0.000040,0.000490,217.966507,234.220978,148.804657,198.203400,157.440857,258.568420
1699146265084160,54.000000,0.217009,0.823050,0.524877,-0.000170,-0.000650,-0.000140,-0.000480,0.000030,0.000510,469.491608,474.714722,437.786560,411.725281,385.067200,455.443970
1699146265421440,27.000000,0.117157,0.869002,0.480740,-0.000100,-0.000630,-0.000140,-0.000530,-0.000040,0.000490,183.120758,248.834686,120.789940,200.273056,160.960068,153.452515
1699146265540480,38.000000,0.111606,0.889583,0.442930,-0.000070,-0.000620,-0.000120,-0.000550,-0.000040,0.000500,248.948517,280.114929,180.261353,300.158142,193.890289,234.055923
1699146265570240,84.000000,0.217009,0.823050,0.524877,-0.000170,-0.000650,-0.000140,-0.000480,0.000030,0.000510,287.660828,344.917542,316.577820,345.981110,243.166046,262.548248
1699146266284480,59.000000,0.217009,0.823050,0.524877,-0.000170,-0.000650,-0.000140,-0.000480,0.000030,0.000510,383.786896,350.210327,346.730713,322.816559,351.026093,324.759491
1699146266889600,85.000000,0.217009,0.823050,0.524877,-0.000170,-0.000650,-0.000140,-0.000480,0.000030,0.000510,545.343750,539.499756,442.301971,553.650085,431.598328,484.362976
1699146267474880,28.000000,0.108069,0.892677,0.437549,-0.000070,-0.000620,-0.000110,-0.000550,-0.000050,0.000500,183.195557,169.659698,281.556152,278.246796,182.539032,204.212173
1699146268080000,55.000000,0.104143,0.897176,0.429220,-0.000060,-0.000610,-0.000110,-0.000550,-0.000050,0.000500,146.554733,115.964859,270.188782,211.637054,175.114761,190.310974
1699146268268480,57.000000,0.117157,0.869002,0.480740,-0.000100,-0.000630,-0.000140,-0.000530,-0.000040,0.000490,296.535156,346.329590,297.508789,268.047363,204.002930,342.446564
1699146268794240,66.000000,-0.122426,-0.974959,-0.185650,0.000080,0.002730,-0.000140,0.005310,0.000030,-0.004030,129.480530,117.901245,205.102081,94.901222,210.222015,101.329887
1699146269389440,35.000000,0.104143,0.897176,0.429220,-0.000060,-0.000610,-0.000110,-0.000550,-0.000050,0.000500,192.361176,205.246094,337.871002,294.886566,213.664490,235.101486
1699146269399360,75.000000,0.217009,0.823050,0.524877,-0.000170,-0.000650,-0.000140,-0.000480,0.000030,0.000510,605.440796,624.233032,389.024536,553.497559,366.981201,361.313202
1699146270034240,48.000000,0.217009,0.823050,0.524877,-0.000170,-0.000650,-0.000140,-0.000480,0.000030,0.000510,341.173767,364.029236,348.657990,347.496246,327.163757,297.516724
1699146270569920,59.000000,0.220952,0.825442,0.519447,-0.000170,-0.000650,-0.000130,-0.000480,0.000030,0.000510,321.384186,303.150146,240.966400,329.620911,305.407593,329.307037
1699146270609600,56.000000,0.104143,0.897176,0.429220,-0.000060,-0.000610,-0.000110,-0.000550,-0.000050,0.000500,307.460419,290.071045,326.746124,351.367432,269.834778,262.499176
1699146271224640,50.000000,0.104143,0.897176,0.429220,-0.000060,-0.000610,-0.000110,-0.000550,-0.000050,0.000500,287.479523,247.719742,310.570618,341.566162,232.646790,174.463623
1699146271819840,51.000000,0.220952,0.825442,0.519447,-0.000170,-0.000650,-0.000130,-0.000480,0.000030,0.000510,312.553192,396.683441,299.970673,328.930664,293.620880,288.012665
1699146271829760,89.000000,0.104143,0.897176,0.429220,-0.000060,-0.000610,-0.000110,-0.000550,-0.000050,0.000500,357.596863,180.969604,454.100830,270.019653,341.055695,168.678391
1699146272415040,83.000000,0.104143,0.897176,0.429220,-0.000060,-0.000610,-0.000110,-0.000550,-0.000050,0.000500,339.656677,330.600403,313.744507,357.466675,320.446442,252.214096
1699146273089600,46.000000,0.104143,0.897176,0.429220,-0.000060,-0.000610,-0.000110,-0.000550,-0.000050,0.000500,395.950256,334.399475,326.271851,365.369446,334.192688,218.597168
1699146273238400,49.000000,0.220525,0.824188,0.521616,-0.000170,-0.000650,-0.000140,-0.000480,0.000030,0.000520,140.868347,253.057709,190.450562,203.116531,151.613434,196.317154
1699146273774080,76.000000,0.108311,0.897982,0.426495,-0.000060,-0.000610,-0.000110,-0.000550,-0.000050,0.000510,415.440918,383.837891,396.496094,341.703522,350.769714,324.724945
1699146274468480,85.000000,0.108311,0.897982,0.426495,-0.000060,-0.000610,-0.000110,-0.000550,-0.000050,0.000510,421.690857,402.334167,361.224335,357.690125,373.307953,239.107986
1699146275162880,74.000000,0.108311,0.897982,0.426495,-0.000060,-0.000610,-0.000110,-0.000550,-0.000050,0.000510,375.072021,371.376465,294.766968,291.725342,375.332428,261.087250
1699146275857280,64.000000,-0.294794,-0.670795,-0.680537,-0.000060,0.004160,-0.000100,-0.000170,-0.000050,-0.000910,298.597107,114.917511,238.069107,104.219147,286.537201,97.601578
1699146276492160,53.000000,0.112100,0.900192,0.420817,-0.000060,-0.000610,-0.000100,-0.000550,-0.000050,0.000510,312.630646,337.482422,216.976624,245.444321,323.879639,204.318634
1699146276690560,46.000000,0.106904,0.877500,0.467509,-0.000090,-0.000630,-0.000130,-0.000540,-0.000050,0.000490,328.634399,266.855530,160.684753,318.289764,194.058594,219.191650
1699146277196480,80.000000,0.112100,0.900192,0.420817,-0.000060,-0.000610,-0.000100,-0.000550,-0.000050,0.000510,306.527588,344.349121,272.502380,279.066833,354.063690,234.285309
1699146277365120,41.000000,0.103088,0.875019,0.472985,-0.000090,-0.000630,-0.000140,-0.000540,-0.000050,0.000490,333.048096,314.210754,250.218338,400.088745,339.469238,367.323700
1699146277831360,50.000000,0.105347,0.904658,0.412912,-0.000050,-0.000610,-0.000100,-0.000560,-0.000050,0.000510,227.303375,407.692535,306.671387,174.275894,320.294891,239.648575
1699146278327360,110.000000,0.231589,0.824976,0.515541,-0.000170,-0.000650,-0.000130,-0.000480,0.000040,0.000520,382.994263,502.595947,522.800842,447.027832,420.025940,490.940430
1699146278386880,71.000000,0.108537,0.903164,0.415348,-0.000050,-0.000610,-0.000100,-0.000550,-0.000050,0.000510,289.740021,402.765869,269.343689,217.098877,384.417572,234.625793
1699146278823360,74.000000,0.231589,0.824976,0.515541,-0.000170,-0.000650,-0.000130,-0.000480,0.000040,0.000520,429.937683,550.568237,492.167328,482.232117,417.061890,472.665222
1699146278962240,65.000000,0.108537,0.903164,0.415348,-0.000050,-0.000610,-0.000100,-0.000550,-0.000050,0.000510,258.994812,355.952271,272.270874,185.249573,409.231384,217.956848
1699146279636800,55.000000,0.105347,0.904658,0.412912,-0.000050,-0.000610,-0.000100,-0.000560,-0.000050,0.000510,304.330597,290.389587,320.565063,262.862427,351.670471,288.532257
1699146280351040,102.000000,0.243318,0.831734,0.499014,-0.000170,-0.000650,-0.000100,-0.000480,0.000040,0.000520,261.179901,350.431793,339.115692,370.887146,375.261169,371.876404
1699146280817280,110.000000,0.231589,0.824976,0.515541,-0.000170,-0.000650,-0.000130,-0.000480,0.000040,0.000520,462.831085,516.542725,552.147583,618.673096,537.062683,565.877075
1699146280985920,44.000000,0.105347,0.904658,0.412912,-0.000050,-0.000610,-0.000100,-0.000560,-0.000050,0.000510,441.340210,384.642822,492.777069,324.178558,455.836945,346.982361
1699146281075200,36.000000,0.103374,0.880729,0.462201,-0.000080,-0.000630,-0.000130,-0.000540,-0.000050,0.000490,241.319778,231.672852,334.027527,276.793579,296.945709,176.789307
1699146281452160,92.000000,0.231589,0.824976,0.515541,-0.000170,-0.000650,-0.000130,-0.000480,0.000040,0.000520,366.888977,440.109314,565.825012,538.687744,420.865295,490.769135
1699146281521600,52.000000,0.105347,0.904658,0.412912,-0.000050,-0.000610,-0.000100,-0.000560,-0.000050,0.000510,409.283508,354.685699,412.859070,326.730377,355.599182,316.507660
1699146282057280,76.000000,0.231589,0.824976,0.515541,-0.000170,-0.000650,-0.000130,-0.000480,0.000040,0.000520,358.528625,457.250061,518.757812,557.017456,525.103638,569.032104
1699146282106880,50.000000,0.105347,0.904658,0.412912,-0.000050,-0.000610,-0.000100,-0.000560,-0.000050,0.000510,390.069427,334.776978,361.732971,302.756653,400.656860,282.109497
1699146282702080,71.000000,0.231589,0.824976,0.515541,-0.000170,-0.000650,-0.000130,-0.000480,0.000040,0.000520,440.554321,465.106415,493.118744,592.043945,567.550842,578.010803
1699146282731840,57.000000,0.105347,0.904658,0.412912,-0.000050,-0.000610,-0.000100,-0.000560,-0.000050,0.000510,358.667664,271.867004,342.337891,290.251587,331.506714,310.698456
1699146283327040,66.000000,0.105347,0.904658,0.412912,-0.000050,-0.000610,-0.000100,-0.000560,-0.000050,0.000510,311.287048,297.064484,371.798309,327.934052,370.842743,290.968658
1699146283872640,44.000000,0.102997,0.882177,0.459516,-0.000080,-0.000620,-0.000130,-0.000540,-0.000050,0.000490,348.579376,233.937195,384.116150,245.607224,348.819061,158.574341
1699146284269440,49.000000,0.102997,0.882177,0.459516,-0.000080,-0.000620,-0.000130,-0.000540,-0.000050,0.000490,329.043060,269.065369,357.066528,279.293304,339.707520,218.716049
1699146285886400,41.000000,0.107190,0.883156,0.456668,-0.000080,-0.000620,-0.000130,-0.000540,-0.000050,0.000500,239.641846,253.574936,299.711914,219.553604,265.824280,206.342270
1699146286303040,31.000000,0.118652,0.890194,0.439860,-0.000080,-0.000620,-0.000100,-0.000540,-0.000050,0.000500,148.223160,409.337830,201.308319,171.655411,215.677063,180.257706
1699146287106560,41.000000,0.132960,0.867353,0.479604,-0.000140,-0.000620,-0.000130,-0.000550,-0.000050,0.000520,132.277985,316.689362,188.631653,131.664810,261.659515,190.201523
1699146287880320,41.000000,0.102997,0.882177,0.459516,-0.000080,-0.000620,-0.000130,-0.000540,-0.000050,0.000490,225.959122,282.759460,185.183838,227.206360,231.474823,144.178726
1699146289576640,64.000000,0.105165,0.911085,0.398577,-0.000040,-0.000600,-0.000090,-0.000560,-0.000050,0.000510,293.270416,345.933319,321.245422,336.841187,283.285156,308.829132
1699146290112320,57.000000,0.105165,0.911085,0.398577,-0.000040,-0.000600,-0.000090,-0.000560,-0.000050,0.000510,403.330078,456.053101,425.365967,371.242462,332.533630,392.713715
1699146290757120,51.000000,0.105165,0.911085,0.398577,-0.000040,-0.000600,-0.000090,-0.000560,-0.000050,0.000510,439.618134,454.516663,379.224243,367.907227,359.016113,403.294067
1699146291501120,69.000000,0.105165,0.911085,0.398577,-0.000040,-0.000600,-0.000090,-0.000560,-0.000050,0.000510,404.548462,407.023376,418.337524,371.982117,357.123901,397.283081
1699146291759040,46.000000,-0.457577,0.499561,0.735569,-0.000090,-0.000620,-0.000090,-0.000530,0.000000,-0.000470,170.717407,178.787842,190.165237,110.867836,138.566788,127.958466
1699146292126080,35.000000,0.105165,0.911085,0.398577,-0.000040,-0.000600,-0.000090,-0.000560,-0.000050,0.000510,256.490936,319.543945,366.543762,318.597656,308.867554,321.336761
1699146292721280,38.000000,0.105165,0.911085,0.398577,-0.000040,-0.000600,-0.000090,-0.000560,-0.000050,0.000510,199.438126,300.171509,252.147476,228.751602,415.951782,296.359192
1699146293296640,35.000000,0.105165,0.911085,0.398577,-0.000040,-0.000600,-0.000090,-0.000560,-0.000050,0.000510,334.352448,352.123322,425.824127,298.712097,342.725220,350.737396
1699146293802560,52.000000,0.105165,0.911085,0.398577,-0.000040,-0.000600,-0.000090,-0.000560,-0.000050,0.000510,327.748840,408.603210,355.634033,289.326477,356.741943,388.171509
1699146294149760,37.000000,0.173954,0.883650,0.434630,-0.000090,-0.000620,-0.000090,-0.000530,0.000000,0.000520,149.718506,199.468918,207.491272,259.785767,157.373459,208.270554
1699146294348160,63.000000,0.101575,0.913903,0.393019,-0.000030,-0.000600,-0.000090,-0.000560,-0.000050,0.000510,154.642334,237.934174,210.954239,166.529510,229.062286,262.660736
1699146295002880,69.000000,0.105165,0.911085,0.398577,-0.000040,-0.000600,-0.000090,-0.000560,-0.000050,0.000510,207.612091,409.223328,385.447388,329.299622,313.810059,356.778107
1699146295558400,53.000000,0.101575,0.913903,0.393019,-0.000030,-0.000600,-0.000090,-0.000560,-0.000050,0.000510,187.843628,134.933517,226.030243,201.965454,220.198608,207.274994
1699146296223040,32.000000,0.101575,0.913903,0.393019,-0.000030,-0.000600,-0.000090,-0.000560,-0.000050,0.000510,365.139496,286.565613,307.278351,290.068970,264.497711,369.751129
1699146296808320,33.000000,0.102160,0.917283,0.384910,-0.000030,-0.000600,-0.000080,-0.000570,-0.000050,0.000510,262.875732,304.430115,227.007751,206.915924,280.352722,285.937164
1699146298018560,45.000000,0.102160,0.917283,0.384910,-0.000030,-0.000600,-0.000080,-0.000570,-0.000050,0.000510,376.085266,301.657593,306.450531,242.518051,293.476562,249.311447
1699146298574080,58.000000,0.102160,0.917283,0.384910,-0.000030,-0.000600,-0.000080,-0.000570,-0.000050,0.000510,384.522827,249.985321,366.715118,258.523346,336.407410,319.654114
1699146299228800,56.000000,0.102160,0.917283,0.384910,-0.000030,-0.000600,-0.000080,-0.000570,-0.000050,0.000510,369.278473,302.902161,361.222168,224.473679,314.010498,275.991608
1699146299873600,64.000000,0.101747,0.918699,0.381627,-0.000030,-0.000590,-0.000080,-0.000570,-0.000050,0.000510,374.648468,258.115967,365.361847,265.517456,349.325104,322.298126
1699146300587840,33.000000,0.102160,0.917283,0.384910,-0.000030,-0.000600,-0.000080,-0.000570,-0.000050,0.000510,371.378052,231.375153,398.549866,374.602539,333.185638,239.709320
1699146301341760,64.000000,0.101747,0.918699,0.381627,-0.000030,-0.000590,-0.000080,-0.000570,-0.000050,0.000510,510.057587,326.476166,559.691956,386.378540,426.988831,367.942688
1699146302095680,51.000000,0.101747,0.918699,0.381627,-0.000030,-0.000590,-0.000080,-0.000570,-0.000050,0.000510,272.436371,325.723145,353.966919,283.274963,280.376526,257.204132
1699146302859520,78.000000,0.101747,0.918699,0.381627,-0.000030,-0.000590,-0.000080,-0.000570,-0.000050,0.000510,397.778503,451.779114,500.315887,477.684631,459.721771,357.762390
1699146303514240,87.000000,0.101747,0.918699,0.381627,-0.000030,-0.000590,-0.000080,-0.000570,-0.000050,0.000510,308.639008,498.593750,532.892761,535.094727,516.481445,298.841187
1699146304258240,81.000000,0.098141,0.921403,0.376012,-0.000020,-0.000590,-0.000080,-0.000570,-0.000050,0.000510,377.100281,489.888458,501.650665,467.115662,415.321228,318.636047
1699146304347520,47.000000,-0.250058,0.579089,-0.775969,-0.000150,0.004430,-0.000110,-0.004190,0.000050,0.001500,254.611481,93.761551,309.064697,120.936005,230.219864,116.486755
1699146304922880,67.000000,0.098141,0.921403,0.376012,-0.000020,-0.000590,-0.000080,-0.000570,-0.000050,0.000510,396.707947,487.053650,509.266785,530.089966,476.823517,338.930389
1699146305061760,69.000000,0.243977,0.837744,0.488529,-0.000150,-0.000640,-0.000110,-0.000480,0.000050,0.000530,312.255798,325.159058,342.167542,328.291321,294.762238,356.481232
1699146305488320,77.000000,0.102320,0.921957,0.373532,-0.000020,-0.000590,-0.000080,-0.000570,-0.000050,0.000520,448.972717,520.123047,398.609985,514.237671,458.554535,309.824432
1699146305776000,40.000000,0.243977,0.837744,0.488529,-0.000150,-0.000640,-0.000110,-0.000480,0.000050,0.000530,241.938812,214.364075,225.310791,186.304047,264.824097,261.624207
1699146305924800,81.000000,0.098141,0.921403,0.376012,-0.000020,-0.000590,-0.000080,-0.000570,-0.000050,0.000510,529.932983,599.491211,423.927673,547.002991,414.160400,312.567444
1699146306470400,124.000000,0.106062,0.923877,0.367699,-0.000020,-0.000590,-0.000070,-0.000570,-0.000050,0.000520,619.593262,620.664917,354.351135,594.005249,473.901062,414.087280
1699146307105280,150.000000,0.106062,0.923877,0.367699,-0.000020,-0.000590,-0.000070,-0.000570,-0.000050,0.000520,612.297485,678.756714,449.981628,654.741211,545.109985,474.612976
1699146307819520,136.000000,0.106062,0.923877,0.367699,-0.000020,-0.000590,-0.000070,-0.000570,-0.000050,0.000520,587.498108,590.427856,394.300446,575.442993,405.861023,400.005310
1699146308494080,98.000000,0.106062,0.923877,0.367699,-0.000020,-0.000590,-0.000070,-0.000570,-0.000050,0.000520,615.970093,622.473267,465.000183,629.710876,453.523590,419.970520
1699146309248000,145.000000,0.106062,0.923877,0.367699,-0.000020,-0.000590,-0.000070,-0.000570,-0.000050,0.000520,583.134277,559.611877,544.973938,624.413879,488.614960,452.190613
1699146309992000,78.000000,0.106062,0.923877,0.367699,-0.000020,-0.000590,-0.000070,-0.000570,-0.000050,0.000520,520.980347,539.123291,495.158630,552.626831,359.615906,439.933411
1699146310745920,74.000000,0.106062,0.923877,0.367699,-0.000020,-0.000590,-0.000070,-0.000570,-0.000050,0.000520,383.416199,407.150665,451.465271,498.507080,326.881958,378.725372
1699146311440320,90.000000,0.098729,0.924598,0.367928,-0.000020,-0.000590,-0.000070,-0.000570,-0.000060,0.000520,340.188171,501.299133,532.907654,530.708862,326.948608,448.576385
1699146312124800,103.000000,0.279680,0.954746,-0.101191,-0.000020,0.000680,-0.000070,-0.003400,-0.000060,0.005210,340.834106,120.442772,567.208130,101.872086,293.513672,96.483948
1699146312839040,110.000000,0.106062,0.923877,0.367699,-0.000020,-0.000590,-0.000070,-0.000570,-0.000050,0.000520,341.148071,484.116028,584.968872,507.748230,381.799805,508.502625
1699146312948160,44.000000,0.247344,0.843207,0.477307,-0.000150,-0.000640,-0.000100,-0.000490,0.000050,0.000540,297.392944,217.145966,290.453766,214.097839,243.926056,209.228058
1699146313602880,117.000000,0.095132,0.927192,0.362306,-0.000010,-0.000590,-0.000070,-0.000570,-0.000060,0.000520,453.870972,398.957275,544.365845,487.664185,329.680725,451.677002
1699146314217920,146.000000,0.095132,0.927192,0.362306,-0.000010,-0.000590,-0.000070,-0.000570,-0.000060,0.000520,448.316284,383.141571,525.799316,448.715027,369.602600,462.058563
1699146314396480,63.000000,0.247344,0.843207,0.477307,-0.000150,-0.000640,-0.000100,-0.000490,0.000050,0.000540,303.435638,229.913300,368.469452,344.121704,321.191345,298.683197
1699146314952000,110.000000,0.095132,0.927192,0.362306,-0.000010,-0.000590,-0.000070,-0.000570,-0.000060,0.000520,526.567871,379.750916,609.310303,511.170715,342.094849,553.431396
1699146315696000,118.000000,0.094667,0.928583,0.358848,-0.000010,-0.000580,-0.000070,-0.000570,-0.000060,0.000520,601.215637,385.403351,526.767822,420.044769,430.469116,480.814056
1699146316430080,110.000000,0.094667,0.928583,0.358848,-0.000010,-0.000580,-0.000070,-0.000570,-0.000060,0.000520,625.752441,366.905457,543.045959,463.161316,474.566162,586.333008
1699146317203840,81.000000,0.094667,0.928583,0.358848,-0.000010,-0.000580,-0.000070,-0.000570,-0.000060,0.000520,611.767212,458.200134,436.739838,455.511322,412.031006,591.115173
1699146317838720,91.000000,0.094667,0.928583,0.358848,-0.000010,-0.000580,-0.000070,-0.000570,-0.000060,0.000520,533.308716,446.677673,335.450806,319.774689,389.035889,544.651428
1699146318552960,77.000000,0.094667,0.928583,0.358848,-0.000010,-0.000580,-0.000070,-0.000570,-0.000060,0.000520,476.857239,368.525696,255.101532,338.213623,350.732971,368.391022
1699146318711680,54.000000,0.244646,0.848193,0.469805,-0.000140,-0.000630,-0.000100,-0.000490,0.000050,0.000540,236.480087,301.574707,245.049194,275.596893,308.985657,357.356598
1699146319267200,83.000000,0.091530,0.929737,0.356666,-0.000010,-0.000580,-0.000070,-0.000580,-0.000060,0.000520,444.600555,327.358490,244.948730,246.495361,325.411530,342.209137
1699146319961600,45.000000,0.098420,0.930452,0.352948,-0.000010,-0.000580,-0.000060,-0.000570,-0.000060,0.000520,349.477356,445.604675,306.515015,226.712906,341.763794,367.139740
1699146320140160,75.000000,0.167544,0.898988,0.404661,-0.000070,-0.000610,-0.000070,-0.000540,-0.000010,0.000530,313.680267,259.822052,323.146423,375.317719,270.138855,329.299347
1699146320715520,78.000000,0.095259,0.931593,0.350800,-0.000010,-0.000580,-0.000060,-0.000580,-0.000060,0.000520,286.804016,412.637085,328.737305,292.013855,362.489868,398.632568
1699146321310720,64.000000,0.095259,0.931593,0.350800,-0.000010,-0.000580,-0.000060,-0.000580,-0.000060,0.000520,311.668854,403.594177,311.588379,308.622925,342.534149,403.742554
1699146322034880,95.000000,0.340954,0.913613,0.221497,-0.000010,-0.002350,-0.000060,-0.001960,-0.000060,0.004550,239.015717,101.235809,282.479797,127.091019,224.108398,109.274231
1699146322679680,72.000000,0.091649,0.934068,0.345133,0.000000,-0.000580,-0.000060,-0.000580,-0.000060,0.000520,217.569824,354.717041,310.894714,316.351868,288.258820,369.054260
1699146323364160,62.000000,0.732029,0.325558,-0.598452,0.000000,0.002330,-0.000060,0.000710,-0.000060,0.003970,328.519684,111.952110,403.897736,100.088898,366.681702,101.641205
1699146323999040,60.000000,0.091649,0.934068,0.345133,0.000000,-0.000580,-0.000060,-0.000580,-0.000060,0.000520,307.265228,436.053528,449.196564,271.958740,408.888550,447.900940
1699146324703360,76.000000,0.091649,0.934068,0.345133,0.000000,-0.000580,-0.000060,-0.000580,-0.000060,0.000520,429.824890,483.002167,401.716980,387.305420,406.982758,417.800720
1699146325467200,89.000000,0.091649,0.934068,0.345133,0.000000,-0.000580,-0.000060,-0.000580,-0.000060,0.000520,542.124451,586.612183,605.187256,508.517822,561.434326,582.322083
1699146326102080,125.000000,0.091649,0.934068,0.345133,0.000000,-0.000580,-0.000060,-0.000580,-0.000060,0.000520,638.635559,627.096069,636.664246,615.892395,628.618896,578.282776
1699146326667520,104.000000,0.091649,0.934068,0.345133,0.000000,-0.000580,-0.000060,-0.000580,-0.000060,0.000520,628.119812,628.350830,624.929443,566.024536,609.633240,633.116638
1699146327312320,157.000000,0.091649,0.934068,0.345133,0.000000,-0.000580,-0.000060,-0.000580,-0.000060,0.000520,730.770996,669.305054,688.785095,673.005737,720.324829,719.839294
1699146327976960,93.000000,0.091649,0.934068,0.345133,0.000000,-0.000580,-0.000060,-0.000580,-0.000060,0.000520,582.676636,551.421265,598.351074,551.372192,588.688354,571.811340
1699146328482880,77.000000,0.091649,0.934068,0.345133,0.000000,-0.000580,-0.000060,-0.000580,-0.000060,0.000520,588.574341,541.844360,632.577942,586.957336,597.487305,575.965393
1699146329028480,83.000000,0.091649,0.934068,0.345133,0.000000,-0.000580,-0.000060,-0.000580,-0.000060,0.000520,555.004333,560.776245,569.852051,613.735046,593.703369,582.032043
1699146329683200,191.000000,0.091649,0.934068,0.345133,0.000000,-0.000580,-0.000060,-0.000580,-0.000060,0.000520,580.164062,528.111511,619.119019,699.848816,709.546204,687.709351
1699146330328000,126.000000,0.091649,0.934068,0.345133,0.000000,-0.000580,-0.000060,-0.000580,-0.000060,0.000520,440.915009,420.144592,466.187988,694.443359,651.398254,660.323730
1699146330992640,104.000000,0.091649,0.934068,0.345133,0.000000,-0.000580,-0.000060,-0.000580,-0.000060,0.000520,338.336548,350.672455,417.948669,560.505127,581.429810,592.309204
1699146331548160,61.000000,0.087520,0.937851,0.335821,0.000010,-0.000570,-0.000060,-0.000580,-0.000060,0.000520,305.459839,281.090637,268.433563,417.177979,456.221069,451.421997
1699146332202880,94.000000,0.088037,0.936495,0.339450,0.000010,-0.000580,-0.000060,-0.000580,-0.000060,0.000520,380.317627,348.949219,395.761658,599.618774,603.912292,619.919739
1699146332718720,85.000000,0.091258,0.939605,0.329869,0.000010,-0.000570,-0.000050,-0.000580,-0.000060,0.000520,421.308868,387.411621,370.023804,578.025635,606.862305,599.266907
1699146333214720,80.000000,0.091258,0.939605,0.329869,0.000010,-0.000570,-0.000050,-0.000580,-0.000060,0.000520,502.260132,386.333221,403.702972,628.678589,618.231201,580.729614
1699146333780160,87.000000,0.091258,0.939605,0.329869,0.000010,-0.000570,-0.000050,-0.000580,-0.000060,0.000520,464.447327,275.933350,352.753632,304.966431,549.076355,269.496765
1699146334365440,86.000000,0.091258,0.939605,0.329869,0.000010,-0.000570,-0.000050,-0.000580,-0.000060,0.000520,455.721588,340.466583,379.317230,432.269196,485.389893,474.563232
1699146335030080,78.000000,0.091258,0.939605,0.329869,0.000010,-0.000570,-0.000050,-0.000580,-0.000060,0.000520,548.427246,424.388733,431.218323,593.720459,550.688477,573.248901
1699146335188800,43.000000,0.249047,0.855853,0.453311,-0.000130,-0.000630,-0.000080,-0.000490,0.000050,0.000540,381.315460,259.219910,346.512878,247.061462,340.825684,229.990250
1699146335714560,75.000000,0.091258,0.939605,0.329869,0.000010,-0.000570,-0.000050,-0.000580,-0.000060,0.000520,555.961914,521.089661,527.013306,574.314270,604.087646,595.776611
1699146336369280,78.000000,0.091258,0.939605,0.329869,0.000010,-0.000570,-0.000050,-0.000580,-0.000060,0.000520,604.556274,515.188477,513.606140,563.738220,604.565552,580.808594
1699146337103360,118.000000,0.091258,0.939605,0.329869,0.000010,-0.000570,-0.000050,-0.000580,-0.000060,0.000520,664.781555,492.509430,542.233154,519.446411,634.001465,616.638000
1699146337896960,189.000000,0.091258,0.939605,0.329869,0.000010,-0.000570,-0.000050,-0.000580,-0.000060,0.000520,687.094788,525.214661,574.356445,627.945679,669.016113,758.709229
1699146338640960,129.000000,0.091258,0.939605,0.329869,0.000010,-0.000570,-0.000050,-0.000580,-0.000060,0.000520,596.824585,543.389709,565.363098,525.125366,572.935547,594.555481
1699146339246080,178.000000,0.091258,0.939605,0.329869,0.000010,-0.000570,-0.000050,-0.000580,-0.000060,0.000520,657.552551,643.389038,660.698730,564.820435,649.340454,662.187012
1699146339811520,210.000000,0.091258,0.939605,0.329869,0.000010,-0.000570,-0.000050,-0.000580,-0.000060,0.000520,644.964355,558.710144,625.807129,510.966644,572.128174,644.378174
1699146340376960,93.000000,0.091258,0.939605,0.329869,0.000010,-0.000570,-0.000050,-0.000580,-0.000060,0.000520,526.491638,504.387085,537.853699,455.559082,516.476624,501.443909
1699146340992000,72.000000,0.091258,0.939605,0.329869,0.000010,-0.000570,-0.000050,-0.000580,-0.000060,0.000520,502.246338,527.048035,543.395813,480.765137,576.425293,492.376190
1699146341547520,56.000000,0.091258,0.939605,0.329869,0.000010,-0.000570,-0.000050,-0.000580,-0.000060,0.000520,435.335266,441.255310,433.817047,394.186035,479.096619,459.243286
1699146342182400,62.000000,0.091258,0.939605,0.329869,0.000010,-0.000570,-0.000050,-0.000580,-0.000060,0.000520,328.584412,428.798462,423.641327,362.265045,426.593231,386.673523
1699146342767680,68.000000,0.091258,0.939605,0.329869,0.000010,-0.000570,-0.000050,-0.000580,-0.000060,0.000520,421.443970,426.798401,461.493988,370.956329,406.501556,455.904327
1699146343432320,88.000000,0.091258,0.939605,0.329869,0.000010,-0.000570,-0.000050,-0.000580,-0.000060,0.000520,374.733002,514.276245,449.010742,382.138306,463.962769,437.293274
1699146343977920,50.000000,0.091258,0.939605,0.329869,0.000010,-0.000570,-0.000050,-0.000580,-0.000060,0.000520,362.626038,432.700684,362.266113,337.688965,444.084229,380.350647
1699146344592960,78.000000,0.091258,0.939605,0.329869,0.000010,-0.000570,-0.000050,-0.000580,-0.000060,0.000520,320.274567,453.339905,399.921844,353.958435,424.635315,447.200104
1699146345198080,63.000000,0.091258,0.939605,0.329869,0.000010,-0.000570,-0.000050,-0.000580,-0.000060,0.000520,258.067902,310.210144,296.447083,281.872681,322.970764,264.167938
1699146345882560,44.000000,0.087615,0.941949,0.324122,0.000020,-0.000570,-0.000050,-0.000580,-0.000060,0.000520,207.667572,413.596527,259.808746,261.756409,302.252869,322.028534
1699146346586880,86.000000,0.863825,0.105229,0.492680,0.000010,-0.003910,-0.000050,0.005170,-0.000060,0.004110,297.959473,115.160812,306.845764,112.491928,464.722595,100.507965
1699146347251520,84.000000,0.091346,0.943632,0.318143,0.000020,-0.000570,-0.000040,-0.000580,-0.000060,0.000520,333.482056,496.195984,318.020355,337.774597,492.673492,405.146240
1699146347866560,81.000000,0.091346,0.943632,0.318143,0.000020,-0.000570,-0.000040,-0.000580,-0.000060,0.000520,326.070709,398.845642,265.006805,263.978882,469.235718,370.932037
1699146348471680,68.000000,0.091346,0.943632,0.318143,0.000020,-0.000570,-0.000040,-0.000580,-0.000060,0.000520,355.025482,418.483887,318.092896,376.396088,488.984192,365.008667
1699146349066880,88.000000,0.091346,0.943632,0.318143,0.000020,-0.000570,-0.000040,-0.000580,-0.000060,0.000520,387.818451,336.837708,329.390869,320.364349,434.582458,336.666443
1699146349185920,57.000000,0.539116,-0.802334,-0.256152,-0.000120,0.001580,-0.000070,0.004300,0.000050,0.001720,381.929260,98.043411,348.320129,105.956299,306.881958,121.882370
1699146349820800,64.000000,0.249493,0.865530,0.434294,-0.000120,-0.000620,-0.000070,-0.000500,0.000050,0.000550,343.947754,346.666687,311.119781,386.437256,385.873077,401.214478
1699146350485440,55.000000,0.249493,0.865530,0.434294,-0.000120,-0.000620,-0.000070,-0.000500,0.000050,0.000550,308.953766,396.283844,278.716492,382.280396,364.361115,381.471680
1699146351735360,32.000000,0.234754,0.901345,0.363961,-0.000040,-0.000590,-0.000040,-0.000500,0.000050,0.000550,231.415085,222.028915,236.878204,204.004562,203.843735,360.322144
1699146355296640,76.000000,0.091924,0.946213,0.310213,0.000020,-0.000560,-0.000040,-0.000590,-0.000060,0.000530,394.228027,365.782867,480.834778,338.442810,490.036682,334.865875
1699146355832320,110.000000,0.091924,0.946213,0.310213,0.000020,-0.000560,-0.000040,-0.000590,-0.000060,0.000530,382.485352,517.031860,440.834595,435.869446,600.834595,421.044281
1699146356467200,99.000000,0.091924,0.946213,0.310213,0.000020,-0.000560,-0.000040,-0.000590,-0.000060,0.000530,361.230011,490.458923,396.000793,513.362549,551.031372,419.418518
1699146357121920,72.000000,0.088291,0.948421,0.304469,0.000030,-0.000560,-0.000040,-0.000590,-0.000060,0.000530,287.586121,466.547363,335.425873,441.455902,497.452881,368.632843
1699146357290560,60.000000,0.250485,0.872120,0.420314,-0.000110,-0.000610,-0.000060,-0.000500,0.000050,0.000550,310.328064,208.827591,339.361633,227.128891,292.587952,197.780792
1699146357756800,64.000000,0.091987,0.949972,0.298483,0.000030,-0.000560,-0.000030,-0.000590,-0.000060,0.000530,340.028320,501.572632,310.886963,396.687103,459.632019,396.987396
1699146357875840,57.000000,0.253715,0.872580,0.417411,-0.000110,-0.000610,-0.000060,-0.000500,0.000050,0.000560,278.092041,222.439072,325.020386,286.631104,228.292236,269.810028
1699146358034560,39.000000,-0.833031,0.389933,0.392443,0.000110,0.001050,-0.004960,-0.002350,-0.005170,0.002390,135.658691,103.314713,86.857880,91.955193,98.393967,142.059448
1699146358441280,69.000000,0.091987,0.949972,0.298483,0.000030,-0.000560,-0.000030,-0.000590,-0.000060,0.000530,477.450531,610.588379,428.695679,491.155884,599.026917,454.925964
1699146358996800,85.000000,0.091987,0.949972,0.298483,0.000030,-0.000560,-0.000030,-0.000590,-0.000060,0.000530,436.691101,564.908569,421.547546,448.426331,509.951263,372.771057
1699146359601920,73.000000,0.091987,0.949972,0.298483,0.000030,-0.000560,-0.000030,-0.000590,-0.000060,0.000530,437.780273,439.079651,440.590363,374.183807,444.758850,369.375549
1699146360197120,48.000000,0.091987,0.949972,0.298483,0.000030,-0.000560,-0.000030,-0.000590,-0.000060,0.000530,366.044708,202.567139,328.252991,168.629456,348.619202,193.015686
1699146360812160,79.000000,0.091987,0.949972,0.298483,0.000030,-0.000560,-0.000030,-0.000590,-0.000060,0.000530,484.358948,433.066162,484.575165,414.010345,478.288422,441.318634
1699146361357760,97.000000,0.091987,0.949972,0.298483,0.000030,-0.000560,-0.000030,-0.000590,-0.000060,0.000530,545.631470,523.390686,523.508972,493.241119,516.400391,467.906586
1699146361982720,74.000000,0.091987,0.949972,0.298483,0.000030,-0.000560,-0.000030,-0.000590,-0.000060,0.000530,563.113647,523.247070,522.890259,503.995850,514.895020,508.479614
1699146362647360,37.000000,0.091987,0.949972,0.298483,0.000030,-0.000560,-0.000030,-0.000590,-0.000060,0.000530,472.617706,431.068756,564.595703,413.145142,465.410980,391.267212
1699146363232640,55.000000,0.091987,0.949972,0.298483,0.000030,-0.000560,-0.000030,-0.000590,-0.000060,0.000530,462.164612,410.346191,492.921936,467.353516,506.180084,465.618866
1699146363857600,73.000000,0.091987,0.949972,0.298483,0.000030,-0.000560,-0.000030,-0.000590,-0.000060,0.000530,445.073181,423.405121,505.928619,492.146179,530.468445,543.036926
1699146364432960,114.000000,0.091987,0.949972,0.298483,0.000030,-0.000560,-0.000030,-0.000590,-0.000060,0.000530,415.244263,436.409363,425.700745,501.833374,475.232117,502.405853
1699146365067840,58.000000,0.091987,0.949972,0.298483,0.000030,-0.000560,-0.000030,-0.000590,-0.000060,0.000530,374.971130,304.173523,349.103271,371.166504,463.473450,365.162354
1699146365682880,74.000000,0.091987,0.949972,0.298483,0.000030,-0.000560,-0.000030,-0.000590,-0.000060,0.000530,289.771149,302.048462,287.112427,468.835663,502.093811,515.851990
1699146366258240,77.000000,0.091987,0.949972,0.298483,0.000030,-0.000560,-0.000030,-0.000590,-0.000060,0.000530,319.742493,327.888947,368.120514,567.073425,519.261719,588.671997
1699146366833600,41.000000,0.091524,0.954828,0.282714,0.000040,-0.000550,-0.000020,-0.000590,-0.000060,0.000530,274.734222,177.912704,258.474487,330.991516,414.955322,252.017258
1699146367438720,97.000000,0.091524,0.954828,0.282714,0.000040,-0.000550,-0.000020,-0.000590,-0.000060,0.000530,414.439575,375.866058,345.870544,559.228271,511.735992,496.357391
1699146367974400,68.000000,0.091524,0.954828,0.282714,0.000040,-0.000550,-0.000020,-0.000590,-0.000060,0.000530,417.713562,442.638153,451.068176,517.444824,522.378601,538.251465
1699146368609280,54.000000,0.091524,0.954828,0.282714,0.000040,-0.000550,-0.000020,-0.000590,-0.000060,0.000530,437.287842,392.921570,459.138794,545.820801,575.311279,530.145264
1699146369174720,61.000000,0.091524,0.954828,0.282714,0.000040,-0.000550,-0.000020,-0.000590,-0.000060,0.000530,398.814972,353.325226,409.222870,420.007141,457.244995,437.638733
1699146369700480,49.000000,0.091524,0.954828,0.282714,0.000040,-0.000550,-0.000020,-0.000590,-0.000060,0.000530,486.877258,473.374176,463.047058,531.163696,534.939087,504.938965
1699146370305600,46.000000,0.091524,0.954828,0.282714,0.000040,-0.000550,-0.000020,-0.000590,-0.000060,0.000530,495.580261,464.862030,478.184875,499.776001,427.435822,439.353607
1699146370841280,72.000000,0.091524,0.954828,0.282714,0.000040,-0.000550,-0.000020,-0.000590,-0.000060,0.000530,483.137451,482.022980,495.378784,464.613281,528.996094,479.349640
1699146371406720,76.000000,0.091524,0.954828,0.282714,0.000040,-0.000550,-0.000020,-0.000590,-0.000060,0.000530,560.300171,578.310059,560.260803,542.067017,608.801453,526.955322
1699146372031680,49.000000,0.958803,-0.273150,-0.078009,0.000040,0.000090,-0.000020,0.003560,-0.000060,0.003170,437.294312,100.476479,394.184845,100.452805,414.690613,111.991829
1699146372676480,102.000000,0.091524,0.954828,0.282714,0.000040,-0.000550,-0.000020,-0.000590,-0.000060,0.000530,588.956970,626.923523,558.285095,602.689819,607.182495,539.144714
1699146373311360,61.000000,0.091524,0.954828,0.282714,0.000040,-0.000550,-0.000020,-0.000590,-0.000060,0.000530,456.894592,549.313232,424.728302,496.567963,475.427704,460.345459
1699146373906560,81.000000,0.091524,0.954828,0.282714,0.000040,-0.000550,-0.000020,-0.000590,-0.000060,0.000530,529.960693,586.895630,425.398346,508.322906,517.583618,462.134003
1699146374481920,62.000000,0.091524,0.954828,0.282714,0.000040,-0.000550,-0.000020,-0.000590,-0.000060,0.000530,462.946289,535.696533,365.798645,471.052643,478.424988,394.916138
1699146375077120,92.000000,0.095225,0.956241,0.276651,0.000040,-0.000550,-0.000010,-0.000590,-0.000060,0.000530,419.936401,578.425964,302.872070,531.166016,491.288269,390.052734
1699146375632640,131.000000,0.095225,0.956241,0.276651,0.000040,-0.000550,-0.000010,-0.000590,-0.000060,0.000530,438.466827,565.999878,422.187378,491.257507,512.464233,354.166931
1699146376247680,206.000000,0.095225,0.956241,0.276651,0.000040,-0.000550,-0.000010,-0.000590,-0.000060,0.000530,525.081299,567.440308,287.401611,613.183044,465.930115,371.661407
1699146376832960,128.000000,0.095225,0.956241,0.276651,0.000040,-0.000550,-0.000010,-0.000590,-0.000060,0.000530,445.090942,568.624329,373.357117,555.676392,477.401611,313.976715
1699146377487680,79.000000,0.099397,0.956390,0.274662,0.000040,-0.000550,-0.000010,-0.000590,-0.000060,0.000540,395.314972,578.808838,568.404663,529.567871,416.688110,380.196381
1699146378102720,105.000000,0.099397,0.956390,0.274662,0.000040,-0.000550,-0.000010,-0.000590,-0.000060,0.000540,294.397552,473.273987,554.106018,497.625397,392.251099,336.881958
1699146378757440,129.000000,0.095745,0.958402,0.268886,0.000050,-0.000550,-0.000010,-0.000590,-0.000060,0.000540,392.561676,512.208496,675.716125,575.684204,521.000183,363.833496
1699146379402240,95.000000,0.103069,0.957718,0.268613,0.000050,-0.000550,-0.000010,-0.000590,-0.000050,0.000540,306.712006,304.021454,548.917969,430.444153,309.642761,295.522827
1699146380047040,116.000000,0.095745,0.958402,0.268886,0.000050,-0.000550,-0.000010,-0.000590,-0.000060,0.000540,380.371735,409.026978,583.876221,590.543945,388.817657,449.455627
1699146380543040,132.000000,0.103069,0.957718,0.268613,0.000050,-0.000550,-0.000010,-0.000590,-0.000050,0.000540,432.101898,413.793518,656.142334,600.760925,366.305542,507.162323
1699146381128320,140.000000,0.103069,0.957718,0.268613,0.000050,-0.000550,-0.000010,-0.000590,-0.000050,0.000540,384.831604,313.765411,504.328247,522.596924,315.135956,491.864532
1699146381326720,32.000000,0.061445,0.961563,0.267622,0.000060,-0.000540,-0.000020,-0.000600,-0.000080,0.000520,183.810852,212.020935,195.683533,135.048645,174.248810,188.169540
1699146381763200,109.000000,0.103069,0.957718,0.268613,0.000050,-0.000550,-0.000010,-0.000590,-0.000050,0.000540,469.031311,376.889709,503.296600,630.406921,446.544922,581.182068
1699146381872320,44.000000,0.140863,0.902346,0.407345,-0.000090,-0.000600,-0.000040,-0.000510,-0.000080,0.000520,244.325775,245.353424,218.884766,245.490662,182.669006,201.647430
1699146382328640,138.000000,0.103069,0.957718,0.268613,0.000050,-0.000550,-0.000010,-0.000590,-0.000050,0.000540,461.010315,358.277283,483.163910,627.555847,462.149200,588.271179
1699146382437760,35.000000,0.265038,0.886061,0.380330,-0.000090,-0.000600,-0.000030,-0.000510,0.000060,0.000570,377.342529,391.002441,214.036530,382.212341,217.702866,294.333832
1699146382953600,135.000000,0.102612,0.958915,0.264486,0.000050,-0.000540,-0.000010,-0.000590,-0.000050,0.000540,417.947754,331.527405,361.483673,559.910522,445.076050,574.247864
1699146383052800,45.000000,0.265038,0.886061,0.380330,-0.000090,-0.000600,-0.000030,-0.000510,0.000060,0.000570,402.232056,399.393463,333.601715,401.017883,348.600098,313.248383
1699146383538880,125.000000,0.102612,0.958915,0.264486,0.000050,-0.000540,-0.000010,-0.000590,-0.000050,0.000540,486.705292,395.344238,319.557068,529.019897,484.371246,573.029175
1699146383667840,37.000000,0.265038,0.886061,0.380330,-0.000090,-0.000600,-0.000030,-0.000510,0.000060,0.000570,336.828918,383.180145,272.931763,317.839142,286.341400,312.206390
1699146384094400,82.000000,0.106295,0.960176,0.258385,0.000050,-0.000540,0.000000,-0.000590,-0.000050,0.000540,415.431244,397.490997,241.291626,506.936005,414.586975,466.780182
1699146384640000,60.000000,0.106295,0.960176,0.258385,0.000050,-0.000540,0.000000,-0.000590,-0.000050,0.000540,477.554199,382.537598,364.600067,555.134766,548.802612,537.539795
1699146385255040,89.000000,0.106295,0.960176,0.258385,0.000050,-0.000540,0.000000,-0.000590,-0.000050,0.000540,476.034485,417.591614,413.626068,443.652344,457.662720,487.908691
1699146385949440,99.000000,0.106295,0.960176,0.258385,0.000050,-0.000540,0.000000,-0.000590,-0.000050,0.000540,594.753174,547.915833,529.278564,553.344299,568.697876,572.595886
1699146386554560,112.000000,0.106295,0.960176,0.258385,0.000050,-0.000540,0.000000,-0.000590,-0.000050,0.000540,511.015778,471.762238,459.305145,493.502502,546.656677,519.864441
1699146387199360,135.000000,0.106295,0.960176,0.258385,0.000050,-0.000540,0.000000,-0.000590,-0.000050,0.000540,546.558838,552.433472,584.177612,552.588867,564.605469,521.743225
1699146387754880,121.000000,0.106295,0.960176,0.258385,0.000050,-0.000540,0.000000,-0.000590,-0.000050,0.000540,578.596252,545.691895,519.895264,583.704224,571.884888,531.077026
1699146388379840,88.000000,0.106295,0.960176,0.258385,0.000050,-0.000540,0.000000,-0.000590,-0.000050,0.000540,568.456238,509.717743,561.944153,565.885986,532.761353,527.478699
1699146388548480,22.000000,0.829087,0.544027,0.129032,0.000070,-0.000530,-0.000010,-0.000610,0.001470,0.000520,143.316559,191.192841,189.400772,150.844238,110.377571,191.261246
1699146388945280,121.000000,0.106295,0.960176,0.258385,0.000050,-0.000540,0.000000,-0.000590,-0.000050,0.000540,547.424927,530.700073,466.979553,519.614990,493.529877,468.709076
1699146389560320,65.000000,0.106295,0.960176,0.258385,0.000050,-0.000540,0.000000,-0.000590,-0.000050,0.000540,594.125671,573.976624,480.884064,533.553833,486.618896,431.435486
1699146390145600,70.000000,0.106295,0.960176,0.258385,0.000050,-0.000540,0.000000,-0.000590,-0.000050,0.000540,607.629395,621.530884,436.233185,607.613708,463.181122,398.301788
1699146390294400,45.000000,0.098436,0.965156,0.242456,0.000080,-0.000530,-0.000010,-0.000610,-0.000020,0.000520,185.629883,237.585205,238.496384,211.066711,163.135300,229.112869
1699146390720960,78.000000,0.106295,0.960176,0.258385,0.000050,-0.000540,0.000000,-0.000590,-0.000050,0.000540,573.645691,575.453552,421.977142,586.386963,452.349243,444.424805
1699146390840000,46.000000,0.054151,0.968278,0.243935,0.000080,-0.000530,-0.000010,-0.000610,-0.000080,0.000520,289.691589,316.548065,293.554901,286.217712,171.770981,277.201752
1699146391306240,83.000000,0.109971,0.961387,0.252273,0.000050,-0.000540,0.000010,-0.000590,-0.000050,0.000540,594.745911,615.430664,378.281708,579.389709,374.487061,347.858215
1699146391455040,46.000000,0.054151,0.968278,0.243935,0.000080,-0.000530,-0.000010,-0.000610,-0.000080,0.000520,260.393890,332.203217,290.868835,253.759033,216.333069,229.428055
1699146391832000,121.000000,0.121358,0.960589,0.250083,0.000050,-0.000540,0.000010,-0.000590,-0.000040,0.000550,521.078064,611.723145,436.743896,522.684021,319.218384,337.428558
1699146392397440,120.000000,0.121358,0.960589,0.250083,0.000050,-0.000540,0.000010,-0.000590,-0.000040,0.000550,565.046692,568.561279,558.791931,674.793152,393.263184,437.580872
1699146392546240,35.000000,0.046797,0.968612,0.244134,0.000080,-0.000530,-0.000010,-0.000610,-0.000090,0.000520,262.240875,346.546448,213.356842,278.937500,225.294403,262.971954
1699146392962880,131.000000,0.121358,0.960589,0.250083,0.000050,-0.000540,0.000010,-0.000590,-0.000040,0.000550,474.266022,516.482300,564.448975,526.057373,374.351685,407.894379
1699146393508480,113.000000,0.121358,0.960589,0.250083,0.000050,-0.000540,0.000010,-0.000590,-0.000040,0.000550,543.481750,509.021057,559.013672,623.247070,431.202698,459.456726
1699146393935040,33.000000,0.046797,0.968612,0.244134,0.000080,-0.000530,-0.000010,-0.000610,-0.000090,0.000520,278.858124,345.662170,188.974243,282.813660,204.253998,232.523941
1699146394083840,188.000000,0.121358,0.960589,0.250083,0.000050,-0.000540,0.000010,-0.000590,-0.000040,0.000550,555.196350,551.668884,692.731079,639.806396,610.599365,558.327087
1699146394331840,26.000000,0.057846,0.969578,0.237850,0.000080,-0.000530,0.000000,-0.000610,-0.000080,0.000520,298.467865,254.982056,245.493393,307.402161,192.224075,187.863525
1699146394758400,57.000000,0.121358,0.960589,0.250083,0.000050,-0.000540,0.000010,-0.000590,-0.000040,0.000550,303.058990,357.374512,511.407715,444.121094,449.374146,489.386292
1699146395304000,57.000000,0.121358,0.960589,0.250083,0.000050,-0.000540,0.000010,-0.000590,-0.000040,0.000550,364.553223,294.493439,373.820496,439.677551,445.341431,417.075989
1699146395889280,70.000000,0.121358,0.960589,0.250083,0.000050,-0.000540,0.000010,-0.000590,-0.000040,0.000550,306.362152,278.456177,292.699890,441.522034,385.313416,437.520447
1699146395958720,41.000000,0.050491,0.969937,0.238061,0.000080,-0.000530,0.000000,-0.000610,-0.000090,0.000520,209.058899,175.625519,162.018631,237.073029,147.418091,172.720856
1699146396474560,67.000000,0.113550,0.968353,0.222257,0.000080,-0.000530,0.000020,-0.000590,-0.000040,0.000550,201.075027,311.784973,229.604431,349.890564,334.393066,348.927307
1699146396484480,38.000000,0.265902,0.891975,0.365619,-0.000080,-0.000590,-0.000020,-0.000510,0.000060,0.000570,198.431702,280.748077,241.022858,164.342773,158.479462,225.369980
1699146397010240,91.000000,0.120951,0.964712,0.233884,0.000060,-0.000530,0.000020,-0.000590,-0.000040,0.000550,344.844971,417.929657,387.481476,480.671692,501.844727,540.139221
1699146397595520,68.000000,0.120951,0.964712,0.233884,0.000060,-0.000530,0.000020,-0.000590,-0.000040,0.000550,351.318451,369.112793,417.719116,445.661102,403.051117,493.731476
1699146397655040,47.000000,0.017074,0.311781,0.950001,-0.000080,-0.003650,-0.000020,0.000320,0.000060,-0.001030,268.264404,119.968002,301.016968,95.386520,217.620789,107.187668
1699146398121280,42.000000,0.870984,0.486814,-0.066323,0.000060,-0.000060,0.000020,0.001570,-0.000040,0.004070,246.441071,94.522827,332.090851,113.519806,324.598450,99.731506
1699146398131200,31.000000,0.120951,0.964712,0.233884,0.000060,-0.000530,0.000020,-0.000590,-0.000040,0.000550,232.773636,207.947906,304.217682,232.414246,333.502869,252.228455
1699146398686720,75.000000,0.120951,0.964712,0.233884,0.000060,-0.000530,0.000020,-0.000590,-0.000040,0.000550,400.645691,454.857483,528.728760,519.734070,380.915161,465.451630
1699146399242240,89.000000,0.120951,0.964712,0.233884,0.000060,-0.000530,0.000020,-0.000590,-0.000040,0.000550,425.881927,486.842346,510.897858,500.835815,388.160248,385.714722
1699146399708480,78.000000,0.120951,0.964712,0.233884,0.000060,-0.000530,0.000020,-0.000590,-0.000040,0.000550,519.838928,540.457764,542.928101,494.212524,402.393768,479.698822
1699146400244160,75.000000,0.120951,0.964712,0.233884,0.000060,-0.000530,0.000020,-0.000590,-0.000040,0.000550,530.939758,543.517883,487.459778,503.481232,366.521271,443.857483
1699146400809600,103.000000,0.120951,0.964712,0.233884,0.000060,-0.000530,0.000020,-0.000590,-0.000040,0.000550,576.664124,586.213440,424.003235,577.530518,341.591248,419.868652
1699146401523840,159.000000,0.131932,0.964824,0.227395,0.000060,-0.000530,0.000030,-0.000590,-0.000030,0.000550,603.871460,592.805908,368.813782,600.170532,393.626709,298.452057
1699146402099200,140.000000,0.135852,0.964692,0.225639,0.000060,-0.000530,0.000030,-0.000590,-0.000030,0.000560,623.060181,634.150452,520.012390,657.240723,513.721680,406.825653
1699146402773760,98.000000,0.135852,0.964692,0.225639,0.000060,-0.000530,0.000030,-0.000590,-0.000030,0.000560,553.892212,438.949921,462.167603,426.318054,371.439758,300.107941
1699146403398720,56.000000,0.135852,0.964692,0.225639,0.000060,-0.000530,0.000030,-0.000590,-0.000030,0.000560,439.934906,467.899567,495.299438,510.835693,431.857941,352.784241
1699146404033600,107.000000,0.135852,0.964692,0.225639,0.000060,-0.000530,0.000030,-0.000590,-0.000030,0.000560,466.277710,403.009521,579.089355,594.656372,450.214478,417.099030
1699146404529600,65.000000,0.135852,0.964692,0.225639,0.000060,-0.000530,0.000030,-0.000590,-0.000030,0.000560,390.879211,366.815338,430.419312,538.142212,520.188110,471.811523
1699146405075200,105.000000,0.056241,0.965234,0.255265,0.000060,-0.000520,0.000030,-0.000590,-0.000030,0.000380,408.494995,132.269058,520.009155,144.743744,532.406616,114.819046
1699146405600960,122.000000,0.135852,0.964692,0.225639,0.000060,-0.000530,0.000030,-0.000590,-0.000030,0.000560,385.534088,341.412689,429.382935,520.190979,520.762085,503.936157
1699146406156480,81.000000,0.135557,0.965753,0.221237,0.000060,-0.000520,0.000030,-0.000590,-0.000030,0.000560,331.450104,309.170715,411.811676,537.974487,519.830566,481.404785
1699146406682240,94.000000,0.135557,0.965753,0.221237,0.000060,-0.000520,0.000030,-0.000590,-0.000030,0.000560,337.913757,294.843811,331.688568,528.203247,518.511230,508.465485
1699146407307200,105.000000,0.135455,0.968430,0.209274,0.000070,-0.000520,0.000040,-0.000590,-0.000030,0.000560,339.059326,418.981018,379.243378,586.960449,599.751892,572.966187
1699146408021440,75.000000,0.135455,0.968430,0.209274,0.000070,-0.000520,0.000040,-0.000590,-0.000030,0.000560,311.892792,443.992310,458.691772,511.365814,491.804443,522.895752
1699146408576960,70.000000,0.135455,0.968430,0.209274,0.000070,-0.000520,0.000040,-0.000590,-0.000030,0.000560,338.589172,443.379761,421.076538,484.571167,485.043610,481.949768
1699146409142400,90.000000,0.135455,0.968430,0.209274,0.000070,-0.000520,0.000040,-0.000590,-0.000030,0.000560,481.478821,541.753235,543.094849,543.426453,545.654358,571.595459
1699146409807040,85.000000,0.135455,0.968430,0.209274,0.000070,-0.000520,0.000040,-0.000590,-0.000030,0.000560,499.802155,532.550537,526.792480,523.762024,480.046692,503.171082
1699146410531200,89.000000,0.135455,0.968430,0.209274,0.000070,-0.000520,0.000040,-0.000590,-0.000030,0.000560,535.750061,491.012787,413.883942,449.380157,400.511902,437.794830
1699146418536640,28.000000,0.082534,0.988016,0.130434,0.000110,-0.000500,0.000120,-0.000620,-0.000090,0.000530,131.309952,116.806168,136.857391,161.463165,155.923874,119.046951
1699146419012800,47.000000,0.265926,0.904051,0.334627,-0.000060,-0.000580,0.000000,-0.000520,0.000060,0.000580,246.543655,295.550232,217.934021,266.033691,211.645493,295.669067
1699146419161600,87.000000,0.149773,0.971331,0.184618,0.000080,-0.000510,0.000060,-0.000590,-0.000020,0.000570,482.919312,499.440582,555.822205,577.185669,507.608826,482.940002
1699146419617920,59.000000,0.149773,0.971331,0.184618,0.000080,-0.000510,0.000060,-0.000590,-0.000020,0.000570,420.059509,413.451630,429.363617,401.808044,433.255066,417.548981
1699146420123840,84.000000,0.152214,-0.751753,-0.641637,0.000080,0.002710,0.000060,0.001640,-0.000020,0.000570,392.932617,104.177811,375.277344,102.865784,407.308472,105.056465
1699146420133760,37.000000,0.149773,0.971331,0.184618,0.000080,-0.000510,0.000060,-0.000590,-0.000020,0.000570,253.840149,287.259644,269.476196,267.562622,316.208130,224.045334
1699146420530560,34.000000,0.265926,0.904051,0.334627,-0.000060,-0.000580,0.000000,-0.000520,0.000060,0.000580,218.717041,274.716034,262.028015,211.662247,191.911133,258.588928
1699146420768640,91.000000,0.149773,0.971331,0.184618,0.000080,-0.000510,0.000060,-0.000590,-0.000020,0.000570,496.482941,482.081604,483.932983,513.725769,521.624268,520.082397
1699146421155520,50.000000,0.265926,0.904051,0.334627,-0.000060,-0.000580,0.000000,-0.000520,0.000060,0.000580,247.295547,357.480164,329.536346,358.136292,268.504395,316.169067
1699146421373760,76.000000,0.149773,0.971331,0.184618,0.000080,-0.000510,0.000060,-0.000590,-0.000020,0.000570,415.296875,445.680023,411.412354,506.789795,527.385986,525.018311
1699146421631680,40.000000,0.265926,0.904051,0.334627,-0.000060,-0.000580,0.000000,-0.000520,0.000060,0.000580,213.956802,308.047882,324.104828,270.108521,234.052521,310.867279
1699146422117760,127.000000,0.149773,0.971331,0.184618,0.000080,-0.000510,0.000060,-0.000590,-0.000020,0.000570,308.484802,325.247070,253.612137,439.558472,445.300232,462.227448
1699146422584000,34.000000,0.265926,0.904051,0.334627,-0.000060,-0.000580,0.000000,-0.000520,0.000060,0.000580,202.606567,270.262909,179.604095,203.063110,233.562592,253.163971
1699146422623680,80.000000,-0.969439,0.000158,-0.245332,0.000080,0.001790,0.000070,-0.004810,-0.000020,-0.004540,334.148315,130.201385,262.461761,104.463547,476.563904,97.285355
1699146423496640,54.000000,0.149327,0.974419,0.167955,0.000090,-0.000500,0.000070,-0.000590,-0.000020,0.000570,168.300171,262.392273,311.453247,298.635315,312.258331,325.830505
1699146424141440,56.000000,0.149327,0.974419,0.167955,0.000090,-0.000500,0.000070,-0.000590,-0.000020,0.000570,238.810349,277.927917,296.215729,430.187439,355.630005,389.314117
1699146432444480,89.000000,0.159911,0.975759,0.149408,0.000100,-0.000490,0.000080,-0.000590,-0.000010,0.000580,241.735825,332.783936,363.790802,377.740845,413.263123,304.369904
1699146432940480,98.000000,0.159911,0.975759,0.149408,0.000100,-0.000490,0.000080,-0.000590,-0.000010,0.000580,443.380249,476.867401,318.309265,506.218140,438.198547,385.878204
1699146433486080,65.000000,0.163408,0.976105,0.143237,0.000100,-0.000490,0.000090,-0.000590,-0.000010,0.000580,379.945374,531.979797,287.413208,501.278381,445.260925,427.093018
1699146434081280,86.000000,0.163408,0.976105,0.143237,0.000100,-0.000490,0.000090,-0.000590,-0.000010,0.000580,488.784760,548.058716,459.433044,560.530029,525.586670,512.709717
1699146434150720,57.000000,0.016008,0.986336,0.163964,0.000140,-0.000490,0.000030,-0.000630,-0.000110,0.000520,210.072327,284.621490,341.153015,204.300766,193.482025,311.808563
1699146434855040,81.000000,-0.362994,-0.871508,-0.329710,0.000100,0.003380,0.000090,0.001500,-0.000010,-0.004340,296.620392,112.933029,298.879242,111.026772,475.268616,112.919495
1699146434864960,102.000000,0.214056,0.942981,0.254888,-0.000020,-0.000490,0.000090,-0.000470,-0.000010,0.000460,189.443390,409.878540,214.902008,244.498123,364.083496,207.252075
1699146437295360,32.000000,0.016008,0.986336,0.163964,0.000140,-0.000490,0.000030,-0.000630,-0.000110,0.000520,302.141693,301.431183,281.074188,258.915771,270.371857,245.277222
1699146439626560,56.000000,0.166889,0.976401,0.137073,0.000100,-0.000490,0.000100,-0.000590,-0.000010,0.000580,380.927063,309.565735,235.726395,340.341827,332.838379,404.716187
1699146439904320,37.000000,0.016008,0.986336,0.163964,0.000140,-0.000490,0.000030,-0.000630,-0.000110,0.000520,288.683807,260.034271,268.048859,222.136292,219.515884,239.998306
1699146440162240,63.000000,0.174135,0.975193,0.136658,0.000100,-0.000490,0.000100,-0.000590,0.000000,0.000580,420.559753,299.090820,360.066528,361.321106,242.741867,450.497131
1699146440469760,35.000000,0.488024,-0.869741,0.073365,0.000010,-0.000490,0.000010,0.004780,0.000050,0.000520,110.409325,196.868118,182.558487,130.706635,141.347504,137.474228
1699146440737600,85.000000,0.174135,0.975193,0.136658,0.000100,-0.000490,0.000100,-0.000590,0.000000,0.000580,584.354492,391.109924,530.772766,408.828156,499.307373,479.403168
1699146441005440,58.000000,0.008714,0.986390,0.164189,0.000140,-0.000490,0.000030,-0.000630,-0.000120,0.000520,276.781281,301.902466,165.927444,256.238037,172.953110,142.673447
1699146441283200,123.000000,0.174135,0.975193,0.136658,0.000100,-0.000490,0.000100,-0.000590,0.000000,0.000580,584.015747,396.966766,538.373230,426.415161,518.341797,454.072906
1699146441531200,30.000000,0.004016,0.986201,0.165502,0.000140,-0.000490,0.000030,-0.000630,-0.000120,0.000510,287.477631,419.586273,213.381561,343.450439,216.119934,251.982590
1699146441838720,88.000000,0.174135,0.975193,0.136658,0.000100,-0.000490,0.000100,-0.000590,0.000000,0.000580,581.758789,347.229065,553.069275,375.837219,519.025085,459.732117
1699146442037120,25.000000,0.000311,0.985162,0.171624,0.000140,-0.000490,0.000020,-0.000630,-0.000120,0.000510,250.195175,295.963074,212.760590,241.356430,214.446716,165.146591
1699146442414080,102.000000,0.390151,0.794252,0.465775,0.000100,-0.003190,0.000100,-0.000130,0.000000,0.002190,570.019165,90.800705,565.038574,103.761276,644.375122,105.865509
1699146442424000,90.000000,0.304834,-0.365159,0.879622,-0.000540,-0.000460,0.000010,0.000230,0.000000,-0.000230,130.674377,205.570770,120.681870,184.033218,150.623627,137.225204
1699146442592640,61.000000,0.000311,0.985162,0.171624,0.000140,-0.000490,0.000020,-0.000630,-0.000120,0.000510,275.965942,300.696564,154.050858,299.048645,233.384064,181.297897
1699146442969600,90.000000,0.177783,0.974417,0.137494,0.000100,-0.000490,0.000100,-0.000580,0.000000,0.000580,640.251404,392.239349,659.573120,316.560333,647.579895,411.933350
1699146443128320,40.000000,0.000311,0.985162,0.171624,0.000140,-0.000490,0.000020,-0.000630,-0.000120,0.000510,319.494812,319.839905,215.742523,342.204407,204.680786,204.169952
1699146443554880,125.000000,0.177644,0.975130,0.132529,0.000100,-0.000480,0.000100,-0.000580,0.000000,0.000580,667.719177,446.898071,681.042297,409.989319,660.843445,384.181183
1699146443634240,48.000000,0.000311,0.985162,0.171624,0.000140,-0.000490,0.000020,-0.000630,-0.000120,0.000510,284.664856,313.697845,226.140015,340.773315,259.404236,218.893936
1699146444080640,82.000000,0.177644,0.975130,0.132529,0.000100,-0.000480,0.000100,-0.000580,0.000000,0.000580,575.078003,332.143829,579.744934,434.865845,557.090393,323.407715
1699146444150080,41.000000,0.000311,0.985162,0.171624,0.000140,-0.000490,0.000020,-0.000630,-0.000120,0.000510,381.027527,391.114319,275.499054,374.239288,362.772461,274.601532
1699146444725440,62.000000,0.181249,0.974634,0.131294,0.000100,-0.000480,0.000100,-0.000580,0.000000,0.000590,419.589783,236.012299,439.862457,304.332397,365.441833,254.666290
1699146444894080,42.000000,0.000311,0.985162,0.171624,0.000140,-0.000490,0.000020,-0.000630,-0.000120,0.000510,285.134979,260.798340,237.695618,287.547546,257.219391,240.693481
1699146445052800,33.000000,0.228849,0.962404,0.146312,0.000070,-0.000490,0.000110,-0.000560,0.000030,0.000600,170.477036,216.232727,193.607056,146.687363,126.215225,157.190552
1699146445261120,89.000000,0.181370,0.973933,0.136236,0.000100,-0.000490,0.000100,-0.000580,0.000000,0.000590,613.213623,388.287170,660.616882,488.168976,593.003540,475.970215
1699146445528960,38.000000,0.000311,0.985162,0.171624,0.000140,-0.000490,0.000020,-0.000630,-0.000120,0.000510,295.807709,362.079651,240.409439,284.181641,343.789612,252.848526
1699146445796800,74.000000,0.181370,0.973933,0.136236,0.000100,-0.000490,0.000100,-0.000580,0.000000,0.000590,559.245972,392.341949,600.468262,506.496552,471.384155,468.914062
1699146446044800,36.000000,0.000311,0.985162,0.171624,0.000140,-0.000490,0.000020,-0.000630,-0.000120,0.000510,339.054321,447.050262,310.657684,354.594727,370.138916,323.804199
1699146446332480,85.000000,0.181249,0.974634,0.131294,0.000100,-0.000480,0.000100,-0.000580,0.000000,0.000590,637.858948,284.651550,644.505188,440.247040,483.707336,301.900696
1699146446550720,50.000000,0.000311,0.985162,0.171624,0.000140,-0.000490,0.000020,-0.000630,-0.000120,0.000510,400.931824,424.749268,301.528320,483.509491,379.931244,342.177979
1699146446878080,94.000000,0.181370,0.973933,0.136236,0.000100,-0.000490,0.000100,-0.000580,0.000000,0.000590,501.917145,335.632263,536.545898,568.142517,387.939667,506.740295
1699146447056640,56.000000,0.000311,0.985162,0.171624,0.000140,-0.000490,0.000020,-0.000630,-0.000120,0.000510,434.057068,471.357208,420.077484,370.882202,454.121033,437.745605
1699146447413760,72.000000,0.181370,0.973933,0.136236,0.000100,-0.000490,0.000100,-0.000580,0.000000,0.000590,478.952362,420.223602,533.563599,466.450989,310.230164,500.167084
1699146447572480,78.000000,0.000311,0.985162,0.171624,0.000140,-0.000490,0.000020,-0.000630,-0.000120,0.000510,328.164429,419.217743,335.774841,378.565857,440.521820,463.817230
1699146447969280,81.000000,0.188595,0.972620,0.135806,0.000100,-0.000490,0.000100,-0.000580,0.000010,0.000590,414.973145,360.352081,480.098358,486.140137,393.767700,501.555450
1699146448098240,40.000000,0.446738,0.894313,0.025076,0.000140,-0.000490,0.000020,-0.000630,-0.000120,0.003090,240.316132,167.397064,293.545807,147.199280,294.084381,109.084229
1699146448485120,62.000000,0.188595,0.972620,0.135806,0.000100,-0.000490,0.000100,-0.000580,0.000010,0.000590,402.646240,333.400665,475.368347,499.533691,453.914673,518.309692
1699146448624000,51.000000,0.000311,0.985162,0.171624,0.000140,-0.000490,0.000020,-0.000630,-0.000120,0.000510,201.642624,254.645584,235.500900,291.688477,212.146729,233.380569
1699146449090240,65.000000,0.188595,0.972620,0.135806,0.000100,-0.000490,0.000100,-0.000580,0.000010,0.000590,284.145447,269.785675,372.546112,393.846863,341.257599,407.070648
1699146449120000,46.000000,0.000311,0.985162,0.171624,0.000140,-0.000490,0.000020,-0.000630,-0.000120,0.000510,326.469269,335.022156,356.223846,284.445679,374.439880,366.826874
1699146449606080,57.000000,0.188595,0.972620,0.135806,0.000100,-0.000490,0.000100,-0.000580,0.000010,0.000590,289.064301,337.684509,339.456299,567.483887,553.630737,527.357483
1699146449685440,33.000000,0.000311,0.985162,0.171624,0.000140,-0.000490,0.000020,-0.000630,-0.000120,0.000510,200.253632,220.851166,241.242661,227.852722,273.963318,288.022827
1699146450112000,86.000000,0.192382,0.971058,0.141544,0.000090,-0.000490,0.000100,-0.000580,0.000010,0.000590,278.687775,287.248810,385.024109,574.872192,491.211029,551.952393
1699146450369920,46.000000,0.000311,0.985162,0.171624,0.000140,-0.000490,0.000020,-0.000630,-0.000120,0.000510,385.791931,417.649597,412.686188,415.854126,381.307404,418.164398
1699146450627840,63.000000,0.192382,0.971058,0.141544,0.000090,-0.000490,0.000100,-0.000580,0.000010,0.000590,309.207245,335.093018,359.423767,445.256165,455.796661,453.867584
1699146450925440,66.000000,0.000311,0.985162,0.171624,0.000140,-0.000490,0.000020,-0.000630,-0.000120,0.000510,232.705246,311.894470,278.738220,269.345978,128.665222,265.977783
1699146451213120,84.000000,0.192382,0.971058,0.141544,0.000090,-0.000490,0.000100,-0.000580,0.000010,0.000590,361.034668,345.094360,382.189362,594.763977,585.319519,571.298157
1699146451778560,71.000000,0.050547,0.985422,-0.162447,0.000090,0.001070,0.000100,-0.005160,0.000010,0.003560,369.658508,109.957100,331.941101,134.524353,517.825562,108.662567
1699146451957120,39.000000,0.000311,0.985162,0.171624,0.000140,-0.000490,0.000020,-0.000630,-0.000120,0.000510,304.722046,320.077179,331.110901,263.245697,219.928574,344.952393
1699146452284480,77.000000,0.192382,0.971058,0.141544,0.000090,-0.000490,0.000100,-0.000580,0.000010,0.000590,381.289673,344.922729,382.041687,522.361450,496.148193,554.254761
1699146452562240,55.000000,-0.043239,0.984032,0.172662,0.000140,-0.000490,0.000020,-0.000630,-0.000180,0.000510,173.334488,384.566254,417.787384,216.639862,134.843170,396.368103
1699146452849920,70.000000,0.192382,0.971058,0.141544,0.000090,-0.000490,0.000100,-0.000580,0.000010,0.000590,433.743347,421.621674,388.759949,474.104065,461.574341,497.506439
1699146453107840,71.000000,-0.006999,0.985103,0.171821,0.000140,-0.000490,0.000020,-0.000630,-0.000130,0.000510,340.383423,383.141724,402.391296,353.868958,269.320465,422.017151
1699146453375680,63.000000,0.192382,0.971058,0.141544,0.000090,-0.000490,0.000100,-0.000580,0.000010,0.000590,418.613129,409.882141,398.436157,429.624268,419.240417,490.434784
1699146453633600,56.000000,0.000311,0.985162,0.171624,0.000140,-0.000490,0.000020,-0.000630,-0.000120,0.000510,338.649170,475.355286,457.212280,372.208435,300.666138,429.818146
1699146453871680,48.000000,0.192382,0.971058,0.141544,0.000090,-0.000490,0.000100,-0.000580,0.000010,0.000590,434.281921,386.423584,320.931152,401.900238,407.120483,449.455566
1699146454208960,65.000000,0.000311,0.985162,0.171624,0.000140,-0.000490,0.000020,-0.000630,-0.000120,0.000510,237.242767,407.927795,352.211182,271.058655,175.895081,400.217468
1699146454397440,129.000000,0.192382,0.971058,0.141544,0.000090,-0.000490,0.000100,-0.000580,0.000010,0.000590,515.204407,431.725525,376.228455,496.656616,414.017334,501.795013
1699146454913280,70.000000,0.192382,0.971058,0.141544,0.000090,-0.000490,0.000100,-0.000580,0.000010,0.000590,455.577209,420.387146,365.106293,386.548950,357.274384,381.365326
1699146455230720,75.000000,0.000311,0.985162,0.171624,0.000140,-0.000490,0.000020,-0.000630,-0.000120,0.000510,305.123138,440.134644,380.680084,381.268768,192.828934,337.498932
1699146455349760,28.000000,-0.614905,-0.675687,0.406620,-0.000040,-0.000520,0.000010,0.000020,0.000050,-0.001400,314.086670,139.923492,243.009674,110.396957,171.442780,133.506165
1699146455409280,66.000000,0.192382,0.971058,0.141544,0.000090,-0.000490,0.000100,-0.000580,0.000010,0.000590,468.162140,430.528168,351.813477,424.547089,355.649384,530.681274
1699146455726720,43.000000,-0.286066,-0.956323,-0.060112,0.000140,0.000850,0.000020,0.003710,-0.000130,-0.005190,225.809708,111.151474,350.773712,127.994476,252.509552,125.234222
1699146455885440,29.000000,0.192382,0.971058,0.141544,0.000090,-0.000490,0.000100,-0.000580,0.000010,0.000590,380.193665,361.285797,346.547729,359.831116,335.805725,442.700165
1699146456262400,76.000000,-0.006999,0.985103,0.171821,0.000140,-0.000490,0.000020,-0.000630,-0.000130,0.000510,231.602753,355.719116,285.567017,279.739838,277.892334,248.826904
1699146456371520,71.000000,0.192382,0.971058,0.141544,0.000090,-0.000490,0.000100,-0.000580,0.000010,0.000590,508.786865,515.021729,395.159729,482.510437,355.914032,456.200623
1699146456758400,66.000000,-0.006999,0.985103,0.171821,0.000140,-0.000490,0.000020,-0.000630,-0.000130,0.000510,236.320984,391.429413,298.677612,291.941101,214.185822,246.930664
1699146456887360,35.000000,0.192382,0.971058,0.141544,0.000090,-0.000490,0.000100,-0.000580,0.000010,0.000590,439.553711,341.610626,260.185394,257.942322,246.184906,373.305969
1699146457363520,46.000000,0.192382,0.971058,0.141544,0.000090,-0.000490,0.000100,-0.000580,0.000010,0.000590,403.430878,419.456421,360.807556,341.687866,270.531921,418.680115
1699146457482560,64.000000,-0.010588,0.986084,0.165912,0.000150,-0.000490,0.000020,-0.000630,-0.000130,0.000510,372.361755,529.862427,500.364655,357.182556,507.621124,373.322540
1699146457829760,38.000000,0.199595,0.969666,0.141102,0.000090,-0.000490,0.000100,-0.000580,0.000020,0.000590,350.540619,336.846863,300.563080,245.133789,247.672882,330.153564
1699146457998400,86.000000,-0.006999,0.985103,0.171821,0.000140,-0.000490,0.000020,-0.000630,-0.000130,0.000510,380.215363,582.173584,446.018921,496.890015,554.802368,371.278107
1699146458286080,105.000000,0.192382,0.971058,0.141544,0.000090,-0.000490,0.000100,-0.000580,0.000010,0.000590,392.918579,536.809265,435.622559,368.427338,341.267212,537.007507
1699146458534080,74.000000,-0.011806,0.984821,0.173169,0.000140,-0.000490,0.000020,-0.000630,-0.000130,0.000500,272.634583,427.728455,314.056732,281.987762,359.483734,207.568329
1699146458732480,42.000000,0.199595,0.969666,0.141102,0.000090,-0.000490,0.000100,-0.000580,0.000020,0.000590,322.831177,441.370789,384.866974,289.357788,318.487427,408.459320
1699146459049920,40.000000,-0.010588,0.986084,0.165912,0.000150,-0.000490,0.000020,-0.000630,-0.000130,0.000510,217.436707,297.457367,252.972336,156.747498,290.981445,226.231583
1699146459159040,54.000000,0.199595,0.969666,0.141102,0.000090,-0.000490,0.000100,-0.000580,0.000020,0.000590,305.279907,405.285278,330.963684,258.650024,216.794403,402.251953
1699146459545920,43.000000,-0.010588,0.986084,0.165912,0.000150,-0.000490,0.000020,-0.000630,-0.000130,0.000510,253.091202,463.281982,308.573090,237.134430,331.851746,239.870865
1699146459575680,75.000000,0.211091,0.966849,0.143677,0.000090,-0.000490,0.000100,-0.000550,0.000020,0.000590,205.793991,402.956116,383.367859,203.176788,239.966339,339.932922
1699146460002240,100.000000,0.199595,0.969666,0.141102,0.000090,-0.000490,0.000100,-0.000580,0.000020,0.000590,241.279724,450.498993,398.842194,274.673279,267.021545,390.517212
1699146460032000,69.000000,-0.013062,0.986239,0.164807,0.000150,-0.000490,0.000020,-0.000640,-0.000130,0.000510,260.145721,391.917786,324.180054,244.249435,390.272400,278.266418
1699146460408960,72.000000,0.203382,0.968026,0.146840,0.000080,-0.000490,0.000100,-0.000580,0.000020,0.000590,288.458344,458.193878,430.664093,247.152039,328.768738,458.478333
1699146460518080,39.000000,-0.007523,0.930270,0.366797,0.000150,-0.000490,0.000010,-0.000090,-0.000130,0.000240,118.617653,308.996857,192.637390,135.714966,200.350174,168.889526
1699146460984320,45.000000,-0.019130,0.984675,0.173349,0.000150,-0.000490,0.000010,-0.000630,-0.000130,0.000500,202.539566,315.748871,207.914734,188.852936,284.597900,162.488525
1699146461996160,35.000000,-0.021560,0.984828,0.172186,0.000150,-0.000490,0.000010,-0.000640,-0.000130,0.000500,199.480667,306.819336,143.963806,158.843994,212.477264,185.858200
1699146462512000,51.000000,-0.021560,0.984828,0.172186,0.000150,-0.000490,0.000010,-0.000640,-0.000130,0.000500,278.013794,376.343536,167.786469,216.926895,280.262970,249.407913
1699146463226240,48.000000,-0.021560,0.984828,0.172186,0.000150,-0.000490,0.000010,-0.000640,-0.000130,0.000500,340.281219,536.895752,387.781738,340.448730,308.347534,411.220215
1699146463761920,73.000000,-0.019130,0.984675,0.173349,0.000150,-0.000490,0.000010,-0.000630,-0.000130,0.000500,276.115906,419.468933,289.095520,217.670181,351.771729,411.366364
1699146464277760,61.000000,-0.021560,0.984828,0.172186,0.000150,-0.000490,0.000010,-0.000640,-0.000130,0.000500,422.357941,456.062775,287.423553,291.939392,307.167358,354.136414
1699146464624960,130.000000,0.207193,0.967083,0.147723,0.000080,-0.000490,0.000100,-0.000570,0.000020,0.000590,596.578735,315.662598,370.569763,374.114471,425.830109,479.106323
1699146464783680,108.000000,-0.019130,0.984675,0.173349,0.000150,-0.000490,0.000010,-0.000630,-0.000130,0.000500,287.367065,457.061829,382.109436,233.376190,354.927246,463.014709
1699146465041600,78.000000,0.207193,0.967083,0.147723,0.000080,-0.000490,0.000100,-0.000570,0.000020,0.000590,493.438660,289.559387,320.662964,335.467651,409.781921,534.011169
1699146465249920,74.000000,-0.367966,0.077485,0.926605,0.000150,-0.004060,0.000010,0.000180,-0.000160,-0.002570,351.287354,126.359856,404.643341,105.564804,281.766907,109.421074
1699146465507840,83.000000,0.203732,0.966064,0.158787,0.000080,-0.000500,0.000090,-0.000570,0.000020,0.000590,458.350861,350.919098,296.809906,314.046326,320.574341,415.379944
1699146465706240,116.000000,-0.989795,0.092868,-0.108079,0.000150,0.000700,0.000010,-0.003850,-0.000130,-0.003740,255.563187,126.157341,361.701904,110.496674,302.172028,98.664795
1699146465716160,47.000000,0.196599,-0.211275,0.957451,-0.004800,-0.000230,0.000010,-0.000290,-0.001650,0.000240,110.325417,215.063461,162.229584,134.010803,96.738327,175.104935
1699146466023680,48.000000,0.203732,0.966064,0.158787,0.000080,-0.000500,0.000090,-0.000570,0.000020,0.000590,281.105835,297.948364,235.814453,203.637787,255.163742,340.629974
1699146466232000,61.000000,-0.021560,0.984828,0.172186,0.000150,-0.000490,0.000010,-0.000640,-0.000130,0.000500,255.408371,301.865509,224.093094,206.689392,226.916168,323.399292
1699146466559360,81.000000,0.203732,0.966064,0.158787,0.000080,-0.000500,0.000090,-0.000570,0.000020,0.000590,299.327606,310.998657,264.050354,254.366302,208.046661,336.092804
1699146466708160,48.000000,-0.028809,0.984614,0.172354,0.000150,-0.000490,0.000010,-0.000640,-0.000140,0.000500,333.438385,338.417114,254.123322,267.218994,218.827301,315.092499
1699146467095040,45.000000,0.203732,0.966064,0.158787,0.000080,-0.000500,0.000090,-0.000570,0.000020,0.000590,305.527039,364.100433,329.449982,283.020569,323.428436,443.287689
1699146467194240,45.000000,-0.028809,0.984614,0.172354,0.000150,-0.000490,0.000010,-0.000640,-0.000140,0.000500,281.335297,312.645264,359.609772,257.589783,192.511444,349.844818
1699146467729920,47.000000,-0.028809,0.984614,0.172354,0.000150,-0.000490,0.000010,-0.000640,-0.000140,0.000500,399.360596,389.548004,399.907745,313.099701,311.348969,355.862976
1699146467739840,60.000000,0.203732,0.966064,0.158787,0.000080,-0.000500,0.000090,-0.000570,0.000020,0.000590,354.644592,461.488129,392.979431,358.799927,303.279602,505.432373
1699146468245760,30.000000,-0.028809,0.984614,0.172354,0.000150,-0.000490,0.000010,-0.000640,-0.000140,0.000500,391.372498,363.141266,377.141510,324.224884,275.472351,337.921661
1699146468255680,109.000000,0.203732,0.966064,0.158787,0.000080,-0.000500,0.000090,-0.000570,0.000020,0.000590,325.610657,448.106445,443.830688,332.013306,374.576630,505.364136
1699146468781440,101.000000,0.203732,0.966064,0.158787,0.000080,-0.000500,0.000090,-0.000570,0.000020,0.000590,354.302551,493.132629,462.269226,264.346558,244.158539,511.777985
1699146468821120,51.000000,-0.028809,0.984614,0.172354,0.000150,-0.000490,0.000010,-0.000640,-0.000140,0.000500,395.905731,411.552002,396.845276,371.250763,407.710327,391.365814
1699146469287360,81.000000,0.203732,0.966064,0.158787,0.000080,-0.000500,0.000090,-0.000570,0.000020,0.000590,280.268311,518.290283,484.419739,341.170593,306.625336,542.328003
1699146469515520,52.000000,-0.028809,0.984614,0.172354,0.000150,-0.000490,0.000010,-0.000640,-0.000140,0.000500,329.609863,348.576843,347.147400,292.857849,309.056122,339.892059
1699146469793280,101.000000,0.196502,0.967487,0.159239,0.000080,-0.000500,0.000090,-0.000570,0.000010,0.000590,300.601654,518.156738,481.658234,258.854370,297.108643,481.147339
1699146470090880,47.000000,-0.028809,0.984614,0.172354,0.000150,-0.000490,0.000010,-0.000640,-0.000140,0.000500,392.649384,405.408569,443.091217,373.227448,355.742920,392.015350
1699146470299200,117.000000,0.200279,0.965745,0.164999,0.000070,-0.000500,0.000090,-0.000570,0.000010,0.000590,248.984985,568.317993,543.172363,299.481781,294.694031,565.650574
1699146470616640,43.000000,-0.028809,0.984614,0.172354,0.000150,-0.000490,0.000010,-0.000640,-0.000140,0.000500,376.437317,410.783783,488.551025,294.679443,380.532959,410.614258
1699146470834880,102.000000,0.207509,0.964296,0.164541,0.000070,-0.000500,0.000090,-0.000570,0.000020,0.000590,352.963257,542.241089,556.901672,444.193024,325.297668,563.356201
1699146471142400,36.000000,-0.028809,0.984614,0.172354,0.000150,-0.000490,0.000010,-0.000640,-0.000140,0.000500,371.303741,426.715332,410.898224,330.144806,354.803223,369.993042
1699146471390400,124.000000,0.207509,0.964296,0.164541,0.000070,-0.000500,0.000090,-0.000570,0.000020,0.000590,464.640442,602.333374,577.375244,482.168457,397.361115,625.440125
1699146471648320,42.000000,-0.028809,0.984614,0.172354,0.000150,-0.000490,0.000010,-0.000640,-0.000140,0.000500,380.197479,394.331116,364.710327,353.274902,377.184998,351.897064
1699146471906240,182.000000,0.200279,0.965745,0.164999,0.000070,-0.000500,0.000090,-0.000570,0.000010,0.000590,481.898071,724.882751,676.316467,431.769165,449.688141,717.366028
1699146472154240,60.000000,-0.028809,0.984614,0.172354,0.000150,-0.000490,0.000010,-0.000640,-0.000140,0.000500,420.995056,420.318054,425.118744,352.717804,396.148285,402.014435
1699146472422080,127.000000,0.207509,0.964296,0.164541,0.000070,-0.000500,0.000090,-0.000570,0.000020,0.000590,536.915527,689.979126,652.928406,493.113281,404.421967,694.590088
1699146472650240,59.000000,-0.028809,0.984614,0.172354,0.000150,-0.000490,0.000010,-0.000640,-0.000140,0.000500,386.346436,329.996216,443.161011,226.372528,442.940674,365.583923
1699146472918080,83.000000,0.207509,0.964296,0.164541,0.000070,-0.000500,0.000090,-0.000570,0.000020,0.000590,488.029510,532.919617,455.011658,380.491577,285.301117,480.939514
1699146473146240,26.000000,-0.028809,0.984614,0.172354,0.000150,-0.000490,0.000010,-0.000640,-0.000140,0.000500,280.087799,357.957794,294.915710,292.736725,289.348633,315.922638
1699146473433920,60.000000,0.200279,0.965745,0.164999,0.000070,-0.000500,0.000090,-0.000570,0.000010,0.000590,415.896027,408.927368,356.909973,266.575500,185.298462,378.048340
1699146473642240,32.000000,-0.028809,0.984614,0.172354,0.000150,-0.000490,0.000010,-0.000640,-0.000140,0.000500,238.189728,294.324585,220.139832,262.663605,207.769684,188.582092
1699146473999360,68.000000,0.207509,0.964296,0.164541,0.000070,-0.000500,0.000090,-0.000570,0.000020,0.000590,445.059998,428.004700,363.436584,367.451843,250.684204,467.411072
1699146474277120,75.000000,-0.028809,0.984614,0.172354,0.000150,-0.000490,0.000010,-0.000640,-0.000140,0.000500,383.686371,422.521332,396.028809,281.795807,471.474152,329.166168
1699146474604480,74.000000,0.196808,0.965376,0.171217,0.000070,-0.000500,0.000080,-0.000570,0.000010,0.000590,503.042694,361.936096,332.604431,328.175232,304.968597,498.225830
1699146474802880,40.000000,-0.028809,0.984614,0.172354,0.000150,-0.000490,0.000010,-0.000640,-0.000140,0.000500,373.300659,464.633911,411.198090,374.766571,356.432892,352.430054
1699146475189760,271.000000,0.207509,0.964296,0.164541,0.000070,-0.000500,0.000090,-0.000570,0.000020,0.000590,794.546570,656.366150,563.746033,684.685913,569.077515,769.666138
1699146475288960,40.000000,-0.028809,0.984614,0.172354,0.000150,-0.000490,0.000010,-0.000640,-0.000140,0.000500,360.943390,397.396606,408.964417,293.959167,387.139862,366.806641
1699146475705600,126.000000,0.207509,0.964296,0.164541,0.000070,-0.000500,0.000090,-0.000570,0.000020,0.000590,731.466248,641.177063,528.044861,598.334473,485.678009,744.533936
1699146475755200,48.000000,-0.028809,0.984614,0.172354,0.000150,-0.000490,0.000010,-0.000640,-0.000140,0.000500,397.992981,400.177948,398.915588,370.056274,408.363708,382.579224
1699146475884160,25.000000,0.262638,0.918943,0.294219,-0.000030,-0.000560,0.000020,-0.000530,0.000060,0.000590,211.157654,238.558380,112.377281,270.532623,163.013306,124.282944
1699146476211520,88.000000,0.207509,0.964296,0.164541,0.000070,-0.000500,0.000090,-0.000570,0.000020,0.000590,585.552856,497.692535,383.269775,532.735840,409.715637,631.919739
1699146476747200,85.000000,0.106916,-0.893611,-0.435921,0.000070,0.004810,0.000080,0.005160,0.000020,-0.000330,430.580200,131.292282,249.807388,127.589767,400.707001,102.004463
1699146476896000,58.000000,-0.028809,0.984614,0.172354,0.000150,-0.000490,0.000010,-0.000640,-0.000140,0.000500,348.766174,377.236694,341.399170,312.170929,370.684814,279.965790
1699146477302720,86.000000,0.207509,0.964296,0.164541,0.000070,-0.000500,0.000090,-0.000570,0.000020,0.000590,521.694580,420.715851,331.379333,487.404022,404.074707,537.501160
1699146477838400,68.000000,0.204019,0.963112,0.175473,0.000070,-0.000510,0.000080,-0.000570,0.000020,0.000590,366.540405,293.891632,366.649200,378.890930,268.527557,511.285553
1699146477997120,71.000000,-0.028809,0.984614,0.172354,0.000150,-0.000490,0.000010,-0.000640,-0.000140,0.000500,429.841858,537.521851,427.617126,408.063690,409.382446,402.113190
1699146478106240,41.000000,0.266173,0.919880,0.288049,-0.000030,-0.000560,0.000030,-0.000530,0.000060,0.000590,234.190216,279.539856,248.524963,243.652557,199.609039,243.327576
1699146478403840,89.000000,0.204019,0.963112,0.175473,0.000070,-0.000510,0.000080,-0.000570,0.000020,0.000590,396.240326,314.697083,351.083649,491.410675,430.923889,461.120697
1699146478661760,61.000000,-0.028809,0.984614,0.172354,0.000150,-0.000490,0.000010,-0.000640,-0.000140,0.000500,348.320923,367.427490,236.194305,307.227081,315.104248,186.072906
1699146478691520,53.000000,0.266173,0.919880,0.288049,-0.000030,-0.000560,0.000030,-0.000530,0.000060,0.000590,260.549744,355.826416,259.138062,261.341003,204.550339,267.520569
1699146479008960,78.000000,0.204019,0.963112,0.175473,0.000070,-0.000510,0.000080,-0.000570,0.000020,0.000590,347.236145,261.848877,427.494629,442.753357,416.520813,429.062286
1699146479217280,42.000000,-0.028809,0.984614,0.172354,0.000150,-0.000490,0.000010,-0.000640,-0.000140,0.000500,375.930237,378.119476,330.134460,388.272522,411.489288,371.400452
1699146479286720,27.000000,0.266173,0.919880,0.288049,-0.000030,-0.000560,0.000030,-0.000530,0.000060,0.000590,180.874115,358.563660,260.708466,286.825928,210.939224,312.405548
1699146479524800,83.000000,0.204053,0.963952,0.170761,0.000070,-0.000500,0.000080,-0.000570,0.000020,0.000590,390.748596,283.618835,337.463196,500.614441,483.430695,483.744324
1699146479762880,34.000000,-0.028809,0.984614,0.172354,0.000150,-0.000490,0.000010,-0.000640,-0.000140,0.000500,236.868927,269.734619,201.701706,232.487930,202.598877,243.787567
1699146479862080,44.000000,0.266173,0.919880,0.288049,-0.000030,-0.000560,0.000030,-0.000530,0.000060,0.000590,193.828979,341.621338,315.517578,264.868042,276.387909,368.772156
1699146479961280,31.000000,0.507518,-0.835428,-0.210914,-0.000920,0.000460,0.001520,0.003800,-0.000520,0.000290,117.649178,107.238419,108.088669,132.338669,126.668335,93.504448
1699146480100160,63.000000,0.204019,0.963112,0.175473,0.000070,-0.000510,0.000080,-0.000570,0.000020,0.000590,239.009369,279.265350,352.527771,512.257324,469.713287,445.635773
1699146480387840,123.000000,-0.028809,0.984614,0.172354,0.000150,-0.000490,0.000010,-0.000640,-0.000140,0.000500,521.731812,575.339966,379.201080,476.818024,507.878632,397.029388
1699146480744960,67.000000,0.207764,0.961249,0.181205,0.000060,-0.000510,0.000080,-0.000570,0.000020,0.000590,303.961578,337.969360,421.409302,557.984863,512.248657,519.530334
1699146480923520,185.000000,-0.028809,0.984614,0.172354,0.000150,-0.000490,0.000010,-0.000640,-0.000140,0.000500,654.133667,765.466858,471.611603,651.737061,661.060791,399.591034
1699146481300480,88.000000,0.207764,0.961249,0.181205,0.000060,-0.000510,0.000080,-0.000570,0.000020,0.000590,358.414551,451.451508,492.744629,511.084656,555.241394,577.721008
1699146481449280,867.000000,-0.028809,0.984614,0.172354,0.000150,-0.000490,0.000010,-0.000640,-0.000140,0.000500,804.523193,841.050354,516.213074,774.068909,633.602051,521.534058
1699146481856000,77.000000,0.207764,0.961249,0.181205,0.000060,-0.000510,0.000080,-0.000570,0.000020,0.000590,510.933502,520.519653,510.998840,598.828857,549.436890,561.081848
1699146481945280,163.000000,-0.028809,0.984614,0.172354,0.000150,-0.000490,0.000010,-0.000640,-0.000140,0.000500,629.863892,697.706543,446.194763,612.442383,618.164795,444.444397
1699146482113920,25.000000,0.262621,0.922622,0.282489,-0.000020,-0.000560,0.000030,-0.000530,0.000060,0.000590,235.228104,164.003464,215.617096,217.595169,261.205688,293.299072
1699146482371840,101.000000,0.207764,0.961249,0.181205,0.000060,-0.000510,0.000080,-0.000570,0.000020,0.000590,572.991943,603.796143,658.486450,714.607056,731.780518,745.457153
1699146482490880,855.000000,-0.028809,0.984614,0.172354,0.000150,-0.000490,0.000010,-0.000640,-0.000140,0.000500,793.403259,854.885864,467.993652,819.190125,644.069702,476.236176
1699146482897600,71.000000,0.207764,0.961249,0.181205,0.000060,-0.000510,0.000080,-0.000570,0.000020,0.000590,566.238647,577.761963,595.282593,671.236511,674.252991,690.139343
1699146482976960,156.000000,-0.033713,0.984225,0.173681,0.000150,-0.000490,0.000010,-0.000640,-0.000140,0.000490,636.446045,743.665283,382.436646,650.952148,618.513672,412.555115
1699146483423360,147.000000,-0.028809,0.984614,0.172354,0.000150,-0.000490,0.000010,-0.000640,-0.000140,0.000500,634.278931,701.187988,355.919220,627.520752,600.898193,388.173981
1699146483492800,101.000000,0.207764,0.961249,0.181205,0.000060,-0.000510,0.000080,-0.000570,0.000020,0.000590,636.413757,604.615356,627.913391,683.100586,695.496521,698.105530
1699146483919360,683.000000,-0.037428,0.982996,0.179774,0.000150,-0.000490,0.000000,-0.000640,-0.000140,0.000490,671.414307,781.249573,473.232391,701.411499,660.793579,443.012695
1699146484008640,85.000000,0.207764,0.961249,0.181205,0.000060,-0.000510,0.000080,-0.000570,0.000020,0.000590,660.405518,659.162659,617.544617,699.861938,687.093445,639.427063
1699146484365760,131.000000,-0.037428,0.982996,0.179774,0.000150,-0.000490,0.000000,-0.000640,-0.000140,0.000490,623.564880,650.538818,366.705627,622.422119,562.373291,353.216888
1699146484504640,158.000000,0.207764,0.961249,0.181205,0.000060,-0.000510,0.000080,-0.000570,0.000020,0.000590,673.331787,648.044800,618.484131,635.443726,619.256042,677.437012
1699146484822080,167.000000,-0.037428,0.982996,0.179774,0.000150,-0.000490,0.000000,-0.000640,-0.000140,0.000490,641.077332,694.647522,403.433258,613.606567,481.369324,360.151306
1699146485000640,115.000000,0.207764,0.961249,0.181205,0.000060,-0.000510,0.000080,-0.000570,0.000020,0.000590,705.601868,688.715576,675.642273,692.023438,690.682495,666.983582
1699146485109760,45.000000,0.266619,0.924551,0.272249,-0.000020,-0.000550,0.000040,-0.000530,0.000060,0.000590,317.751831,338.163513,335.223145,210.337631,314.928009,360.409698
1699146485199040,27.000000,-0.521801,-0.844002,-0.124032,-0.000610,0.001560,-0.000700,-0.000290,-0.000210,-0.000020,100.963196,122.618607,124.237358,103.943359,117.828857,120.405487
1699146485377600,706.000000,-0.037428,0.982996,0.179774,0.000150,-0.000490,0.000000,-0.000640,-0.000140,0.000490,645.362549,734.769470,512.257263,627.859131,567.907959,514.616028
1699146485556160,126.000000,0.207764,0.961249,0.181205,0.000060,-0.000510,0.000080,-0.000570,0.000020,0.000590,689.786560,678.300354,668.998901,666.292603,637.888184,729.152649
1699146485893440,147.000000,-0.037428,0.982996,0.179774,0.000150,-0.000490,0.000000,-0.000640,-0.000140,0.000490,604.856323,681.937988,431.623718,595.593750,501.278870,408.059174
1699146485952960,50.000000,0.304721,0.948808,0.083115,0.000080,-0.000460,0.000170,-0.000540,0.000090,0.000630,233.394958,325.418701,262.983643,390.534363,409.100647,412.605194
1699146486052160,112.000000,0.207764,0.961249,0.181205,0.000060,-0.000510,0.000080,-0.000570,0.000020,0.000590,632.160034,674.997620,690.601257,613.590576,562.048157,661.797852
1699146486310080,39.000000,0.266619,0.924551,0.272249,-0.000020,-0.000550,0.000040,-0.000530,0.000060,0.000590,199.634857,288.426880,279.112213,223.404846,261.718018,318.410828
1699146486518400,641.000000,-0.032504,0.983418,0.178419,0.000150,-0.000490,0.000000,-0.000640,-0.000140,0.000500,707.349609,803.759399,474.559875,741.237671,652.123169,418.868652
1699146486617600,117.000000,0.207764,0.961249,0.181205,0.000060,-0.000510,0.000080,-0.000570,0.000020,0.000590,455.546753,633.080017,559.145996,474.776703,437.446198,650.204468
1699146486865600,65.000000,0.266619,0.924551,0.272249,-0.000020,-0.000550,0.000040,-0.000530,0.000060,0.000590,397.475647,439.485352,401.671814,377.403961,402.910400,328.151978
1699146486954880,28.000000,0.178770,0.909791,-0.374595,-0.001740,-0.000430,0.005070,-0.002410,-0.003600,0.003310,108.200600,163.744904,111.453651,126.917091,96.511513,101.496201
1699146487024320,559.000000,-0.032504,0.983418,0.178419,0.000150,-0.000490,0.000000,-0.000640,-0.000140,0.000500,712.721924,813.813904,402.116241,744.963196,607.551392,454.524017
1699146487163200,76.000000,0.207764,0.961249,0.181205,0.000060,-0.000510,0.000080,-0.000570,0.000020,0.000590,443.060089,602.461548,587.231079,458.652618,411.960571,534.729492
1699146487192960,68.000000,0.378640,0.763938,0.522523,-0.000430,-0.000460,0.000000,-0.000540,0.000090,0.000460,137.254288,237.436920,113.051491,176.667877,109.892349,120.315964
1699146487440960,75.000000,-0.439403,0.833147,-0.335843,-0.000020,0.001430,0.000040,-0.003840,0.000060,0.000000,306.029663,112.965683,367.276489,112.099823,311.765381,116.181328
1699146487530240,237.000000,-0.037428,0.982996,0.179774,0.000150,-0.000490,0.000000,-0.000640,-0.000140,0.000490,668.778137,797.714111,638.447327,676.608093,482.209900,631.002502
1699146487540160,30.000000,0.630864,0.646999,0.428256,0.003710,-0.003680,-0.001510,0.001110,0.003240,-0.000020,106.496162,117.474731,109.943329,132.651978,112.549126,125.439598
1699146487688960,86.000000,0.207764,0.961249,0.181205,0.000060,-0.000510,0.000080,-0.000570,0.000020,0.000590,322.771698,552.700562,505.227783,401.281616,356.772430,560.483337
1699146487708800,49.000000,0.308570,0.947051,0.088768,0.000070,-0.000460,0.000170,-0.000540,0.000090,0.000630,317.963501,329.536011,349.616730,434.801819,458.633301,401.727142
1699146488006400,64.000000,0.266619,0.924551,0.272249,-0.000020,-0.000550,0.000040,-0.000530,0.000060,0.000590,392.216187,451.728729,335.870728,329.969849,410.859100,310.921173
1699146488026240,723.000000,-0.037428,0.982996,0.179774,0.000150,-0.000490,0.000000,-0.000640,-0.000140,0.000490,716.936829,815.559326,539.970581,706.609619,540.562622,500.463043
1699146488095680,45.000000,-0.047687,0.709418,0.703173,-0.000050,-0.000260,-0.000890,-0.000540,0.000100,0.000640,143.070587,145.313049,112.402504,102.386887,110.668015,136.754181
1699146488254400,83.000000,0.214955,0.959755,0.180735,0.000060,-0.000510,0.000080,-0.000570,0.000030,0.000590,301.659515,498.731201,520.496643,336.852356,412.432343,518.427429
1699146488313920,46.000000,0.308570,0.947051,0.088768,0.000070,-0.000460,0.000170,-0.000540,0.000090,0.000630,373.655029,307.743347,258.970764,350.839417,394.858307,412.833954
1699146488512320,39.000000,0.266619,0.924551,0.272249,-0.000020,-0.000550,0.000040,-0.000530,0.000060,0.000590,281.077759,379.411621,273.442810,322.129578,385.830658,290.800293
1699146488532160,588.000000,-0.037428,0.982996,0.179774,0.000150,-0.000490,0.000000,-0.000640,-0.000140,0.000490,756.406921,773.069702,545.665100,755.625244,511.835632,507.918060
1699146488542080,69.000000,-0.072597,0.991351,-0.109327,0.000300,-0.000320,0.000180,-0.000650,-0.000170,0.000480,197.634567,148.732407,265.145660,204.519196,143.072266,177.493515
1699146488869440,45.000000,0.308570,0.947051,0.088768,0.000070,-0.000460,0.000170,-0.000540,0.000090,0.000630,355.270721,292.617004,274.688080,366.817749,348.568817,425.230652
1699146488879360,90.000000,0.222573,0.956703,0.187564,0.000050,-0.000510,0.000080,-0.000560,0.000030,0.000590,475.061859,573.158691,614.795288,411.955841,532.196960,583.433044
1699146489077760,570.000000,-0.037428,0.982996,0.179774,0.000150,-0.000490,0.000000,-0.000640,-0.000140,0.000490,750.546143,796.625305,533.093506,734.988342,412.625366,457.495026
1699146489385280,59.000000,0.305495,0.947449,0.094940,0.000070,-0.000460,0.000160,-0.000540,0.000090,0.000630,362.118286,255.531342,285.259766,343.300751,367.176666,461.454895
1699146489415040,111.000000,0.218692,0.957814,0.186459,0.000050,-0.000510,0.000080,-0.000570,0.000030,0.000590,488.747375,553.420410,570.392761,371.697327,477.240601,555.351135
1699146489583680,516.000000,-0.037428,0.982996,0.179774,0.000150,-0.000490,0.000000,-0.000640,-0.000140,0.000490,739.255188,778.494629,598.792419,768.775146,458.325775,537.810425
1699146489653120,43.000000,0.269527,0.927693,0.258342,-0.000010,-0.000550,0.000050,-0.000530,0.000060,0.000600,188.489746,311.745667,210.777100,214.205673,257.503967,242.492081
1699146489911040,99.000000,-0.261326,-0.451405,0.853195,0.000050,-0.003680,0.000080,0.001430,0.000030,-0.003020,588.035400,133.782608,616.740540,101.019180,575.571777,126.880280
1699146489990400,72.000000,0.305052,0.947065,0.100060,0.000070,-0.000470,0.000160,-0.000540,0.000090,0.000630,483.225006,350.010590,326.252747,419.527679,432.915222,458.403992
1699146490129280,65.000000,-0.151911,-0.958837,-0.239905,0.000150,0.003390,0.000000,0.005210,-0.000150,-0.004180,341.849945,117.189209,302.686646,115.383072,169.845123,94.640114
1699146490139200,74.000000,0.147134,0.943722,0.296211,-0.000010,-0.000490,0.000000,-0.000520,-0.000030,0.000490,187.105850,367.523193,363.855469,125.251221,137.954285,302.633270
1699146490416960,80.000000,0.222573,0.956703,0.187564,0.000050,-0.000510,0.000080,-0.000560,0.000030,0.000590,611.404236,607.112061,650.511536,475.675354,654.281494,563.280823
1699146490565760,71.000000,0.305052,0.947065,0.100060,0.000070,-0.000470,0.000160,-0.000540,0.000090,0.000630,304.906494,204.427032,252.361710,321.837402,293.400482,367.479828
1699146490853440,40.000000,-0.044679,0.982668,0.179911,0.000150,-0.000490,0.000000,-0.000640,-0.000150,0.000490,330.448730,391.785095,359.047455,297.860687,281.418671,331.684174
1699146490863360,100.000000,0.222573,0.956703,0.187564,0.000050,-0.000510,0.000080,-0.000560,0.000030,0.000590,663.333069,616.107117,678.418091,560.541870,676.786743,631.593994
1699146491180800,45.000000,0.308123,0.946700,0.093911,0.000070,-0.000470,0.000170,-0.000540,0.000090,0.000630,334.481293,264.181824,220.752289,228.278488,286.132141,375.398132
1699146491309760,104.000000,0.222573,0.956703,0.187564,0.000050,-0.000510,0.000080,-0.000560,0.000030,0.000590,671.775085,599.882263,688.377441,593.306763,686.796143,602.186462
1699146491359360,41.000000,-0.037428,0.982996,0.179774,0.000150,-0.000490,0.000000,-0.000640,-0.000140,0.000490,329.904938,300.627808,200.405167,333.122803,177.364838,231.447266
1699146491776000,76.000000,0.222573,0.956703,0.187564,0.000050,-0.000510,0.000080,-0.000560,0.000030,0.000590,671.973572,505.552063,714.435425,555.846069,698.282837,535.242310
1699146491885120,58.000000,-0.044679,0.982668,0.179911,0.000150,-0.000490,0.000000,-0.000640,-0.000150,0.000490,471.505432,486.935150,429.789673,408.880859,339.150085,407.047394
1699146492252160,104.000000,0.222573,0.956703,0.187564,0.000050,-0.000510,0.000080,-0.000560,0.000030,0.000590,635.359558,535.445190,659.533752,596.340332,694.360535,592.660522
1699146492321600,61.000000,-0.447467,0.871800,0.199345,0.000070,-0.001510,0.000160,-0.005160,0.000090,-0.001430,448.909454,97.844147,290.615540,113.038162,288.694977,115.870575
1699146492400960,62.000000,-0.044679,0.982668,0.179911,0.000150,-0.000490,0.000000,-0.000640,-0.000150,0.000490,519.334961,557.089478,436.323517,554.882080,383.818604,448.743439
1699146492758080,124.000000,0.222573,0.956703,0.187564,0.000050,-0.000510,0.000080,-0.000560,0.000030,0.000590,652.574036,487.325348,742.263611,701.578125,705.685730,547.298950
1699146492996160,77.000000,-0.044679,0.982668,0.179911,0.000150,-0.000490,0.000000,-0.000640,-0.000150,0.000490,575.353577,600.562622,499.320190,601.794922,417.034485,534.981812
1699146493204480,108.000000,0.222573,0.956703,0.187564,0.000050,-0.000510,0.000080,-0.000560,0.000030,0.000590,594.192078,514.562378,757.309082,719.936890,670.370361,540.568359
1699146493512000,63.000000,-0.463905,0.021875,0.885615,0.000070,-0.000470,-0.005240,-0.000540,0.000090,0.000470,247.401520,262.194611,100.090836,255.175385,131.803696,90.160904
1699146493541760,87.000000,-0.044679,0.982668,0.179911,0.000150,-0.000490,0.000000,-0.000640,-0.000150,0.000490,492.873962,502.645203,359.115234,534.071838,353.739685,426.936249
1699146493660800,112.000000,0.222573,0.956703,0.187564,0.000050,-0.000510,0.000080,-0.000560,0.000030,0.000590,497.493713,464.364075,645.842651,687.336853,569.390503,509.954590
1699146493750080,30.000000,0.030185,-0.959047,0.281633,0.000270,-0.000750,-0.000450,0.002630,-0.000040,-0.000840,107.815720,98.155479,113.756485,146.273193,112.277412,105.381294
1699146494097280,127.000000,0.226149,0.953777,0.197901,0.000040,-0.000520,0.000080,-0.000560,0.000030,0.000590,423.904755,477.096802,680.034973,690.675354,532.255615,483.425293
1699146494146880,77.000000,-0.044679,0.982668,0.179911,0.000150,-0.000490,0.000000,-0.000640,-0.000150,0.000490,530.694092,592.612122,564.123596,515.732422,517.715637,566.901855
1699146494543680,126.000000,0.226149,0.953777,0.197901,0.000040,-0.000520,0.000080,-0.000560,0.000030,0.000590,477.928040,477.910217,640.004639,679.911743,446.539398,499.737305
1699146494702400,72.000000,-0.044679,0.982668,0.179911,0.000150,-0.000490,0.000000,-0.000640,-0.000150,0.000490,582.766113,614.943481,527.527527,619.961548,553.472412,599.773560
1699146494960320,122.000000,0.233315,0.952155,0.197397,0.000040,-0.000520,0.000080,-0.000560,0.000040,0.000590,639.625977,576.509277,731.896912,779.815552,496.880676,462.058899
1699146495208320,82.000000,-0.044679,0.982668,0.179911,0.000150,-0.000490,0.000000,-0.000640,-0.000150,0.000490,516.192139,559.218384,482.297913,519.877686,482.434174,500.918091
1699146495376960,99.000000,0.236515,0.951706,0.195747,0.000040,-0.000520,0.000080,-0.000560,0.000040,0.000600,693.536194,642.718933,763.751343,767.473877,576.105225,466.916718
1699146495684480,113.000000,-0.044679,0.982668,0.179911,0.000150,-0.000490,0.000000,-0.000640,-0.000150,0.000490,460.498718,533.017273,474.924530,479.224182,432.397308,516.075867
1699146495793600,117.000000,0.233315,0.952155,0.197397,0.000040,-0.000520,0.000080,-0.000560,0.000040,0.000590,694.143005,579.011841,682.925049,717.214233,574.308533,482.090729
1699146496170560,66.000000,-0.044679,0.982668,0.179911,0.000150,-0.000490,0.000000,-0.000640,-0.000150,0.000490,617.608276,615.515137,514.291748,589.816772,451.079742,502.276855
1699146496210240,123.000000,0.233315,0.952155,0.197397,0.000040,-0.000520,0.000080,-0.000560,0.000040,0.000590,657.422485,602.150146,653.894226,660.307373,596.277771,428.411255
1699146496626880,121.000000,0.233315,0.952155,0.197397,0.000040,-0.000520,0.000080,-0.000560,0.000040,0.000590,700.079712,623.763367,637.473022,626.511475,645.814209,460.730164
1699146496736000,83.000000,-0.044679,0.982668,0.179911,0.000150,-0.000490,0.000000,-0.000640,-0.000150,0.000490,692.330872,698.965698,562.892395,676.498413,603.313965,654.381531
1699146496964160,27.000000,-0.332636,0.085078,0.939210,-0.000070,-0.001020,-0.003930,-0.000090,-0.000010,0.000640,127.378807,104.295250,111.630257,98.961365,132.163239,143.251373
1699146497033600,117.000000,0.236515,0.951706,0.195747,0.000040,-0.000520,0.000080,-0.000560,0.000040,0.000600,728.288757,607.606140,653.469543,617.795410,666.479309,449.969482
1699146497162560,74.000000,0.316241,0.943384,0.100089,0.000070,-0.000470,0.000160,-0.000530,0.000100,0.000630,277.188629,335.531921,380.781097,262.728088,260.423157,353.398315
1699146497271680,127.000000,-0.044679,0.982668,0.179911,0.000150,-0.000490,0.000000,-0.000640,-0.000150,0.000490,596.752014,640.567871,632.179199,649.988098,537.990784,634.493774
1699146497440320,137.000000,0.236515,0.951706,0.195747,0.000040,-0.000520,0.000080,-0.000560,0.000040,0.000600,690.391418,688.354980,376.396698,549.676941,520.745483,299.309540
1699146497519680,31.000000,0.578876,0.814652,-0.035293,0.000110,-0.000430,0.000210,-0.000540,0.000190,0.004770,124.585342,203.925430,122.602974,97.986130,131.681427,119.223541
1699146497787520,124.000000,-0.044679,0.982668,0.179911,0.000150,-0.000490,0.000000,-0.000640,-0.000150,0.000490,596.578247,635.927979,545.053284,606.809387,613.296814,577.793823
1699146497827200,139.000000,0.236515,0.951706,0.195747,0.000040,-0.000520,0.000080,-0.000560,0.000040,0.000600,513.367126,588.725342,593.827393,429.642426,670.302551,427.162415
1699146498164480,25.000000,-0.366844,0.684304,-0.630201,0.003200,-0.000430,0.000210,-0.000600,-0.000150,0.000640,104.634644,117.935699,117.354866,111.320976,112.729530,156.415573
1699146498233920,129.000000,0.236515,0.951706,0.195747,0.000040,-0.000520,0.000080,-0.000560,0.000040,0.000600,526.176453,670.092041,578.527100,437.650146,723.500183,481.056061
1699146498303360,105.000000,-0.044679,0.982668,0.179911,0.000150,-0.000490,0.000000,-0.000640,-0.000150,0.000490,638.985718,675.386108,621.120972,680.215759,641.674194,678.691162
1699146498382720,63.000000,0.320062,0.941475,0.105756,0.000060,-0.000470,0.000160,-0.000530,0.000100,0.000630,216.175613,326.720581,320.692841,250.189087,299.301025,263.666077
1699146498620800,91.000000,0.236515,0.951706,0.195747,0.000040,-0.000520,0.000080,-0.000560,0.000040,0.000600,527.614624,710.624512,641.174988,463.285828,745.529053,541.187561
1699146499027520,121.000000,0.240460,0.950482,0.196884,0.000040,-0.000520,0.000080,-0.000550,0.000040,0.000600,468.200012,756.123535,623.177612,462.224884,695.824280,577.844849
1699146499126720,824.000000,-0.044679,0.982668,0.179911,0.000150,-0.000490,0.000000,-0.000640,-0.000150,0.000490,809.243835,839.741333,771.742188,815.274292,781.375244,785.402649
1699146499424320,78.000000,0.244169,0.948336,0.202583,0.000030,-0.000520,0.000080,-0.000550,0.000040,0.000600,500.505493,675.080933,563.468140,545.076965,603.469727,563.663940
1699146499434240,47.000000,0.660921,0.748090,0.059533,0.000110,-0.000430,0.000110,-0.000390,0.000610,0.000660,112.216736,168.909302,135.868088,133.365936,117.960052,155.326508
1699146499642560,533.000000,-0.044679,0.982668,0.179911,0.000150,-0.000490,0.000000,-0.000640,-0.000150,0.000490,800.396484,803.254639,808.006470,811.855469,817.408569,822.052856
1699146499702080,70.000000,0.313162,0.943733,0.106289,0.000060,-0.000470,0.000160,-0.000530,0.000090,0.000630,197.794739,407.614777,119.098221,265.251282,195.715485,167.657776
1699146499831040,119.000000,0.244169,0.948336,0.202583,0.000030,-0.000520,0.000080,-0.000550,0.000040,0.000600,577.468323,718.142029,499.798981,552.866821,421.489929,547.745850
1699146499940160,41.000000,-0.253884,0.670199,-0.697407,0.002740,-0.000430,0.000550,-0.000540,0.000100,0.000430,127.289192,243.968811,112.437599,125.445908,138.106064,120.135910
1699146500198080,540.000000,-0.044679,0.982668,0.179911,0.000150,-0.000490,0.000000,-0.000640,-0.000150,0.000490,810.143188,815.948853,754.575073,776.931641,778.324951,782.025269
1699146500227840,117.000000,0.244169,0.948336,0.202583,0.000030,-0.000520,0.000080,-0.000550,0.000040,0.000600,661.094482,741.285278,548.502380,672.898254,463.709564,572.019043
1699146500257600,89.000000,0.320062,0.941475,0.105756,0.000060,-0.000470,0.000160,-0.000530,0.000100,0.000630,330.461365,505.762939,436.875305,327.035095,370.180176,433.652527
1699146500475840,29.000000,0.350868,-0.114578,0.929389,-0.003760,-0.000430,-0.000550,-0.000180,-0.000600,0.000640,107.100662,134.893036,117.768303,124.390312,100.584045,132.736893
1699146500624640,79.000000,0.251288,0.946589,0.202050,0.000030,-0.000520,0.000080,-0.000550,0.000050,0.000600,623.215515,668.117676,514.983398,573.858887,360.835632,627.001465
1699146500733760,146.000000,-0.044679,0.982668,0.179911,0.000150,-0.000490,0.000000,-0.000640,-0.000150,0.000490,663.807251,708.728210,653.877563,668.982788,648.036011,694.730835
1699146500783360,125.000000,0.320062,0.941475,0.105756,0.000060,-0.000470,0.000160,-0.000530,0.000100,0.000630,330.634430,501.053864,503.085266,345.693298,374.797394,529.849426
1699146500991680,29.000000,0.772321,-0.628472,-0.092428,-0.000650,-0.000430,0.001510,0.004510,0.001330,0.000640,105.376678,134.466248,137.726425,125.311989,106.527679,108.077171
1699146501031360,101.000000,0.251288,0.946589,0.202050,0.000030,-0.000520,0.000080,-0.000550,0.000050,0.000600,688.439270,699.067749,555.580078,668.884644,529.442932,655.280334
1699146501249600,54.000000,-0.044679,0.982668,0.179911,0.000150,-0.000490,0.000000,-0.000640,-0.000150,0.000490,541.450073,569.131714,528.931213,511.515625,462.412323,539.005798
1699146501309120,85.000000,0.320062,0.941475,0.105756,0.000060,-0.000470,0.000160,-0.000530,0.000100,0.000630,316.077637,409.822937,457.165405,302.854370,312.963135,459.045654
1699146501428160,94.000000,0.251288,0.946589,0.202050,0.000030,-0.000520,0.000080,-0.000550,0.000050,0.000600,679.408569,614.897583,489.940857,691.096802,549.147156,639.206177
1699146501755520,233.000000,-0.044679,0.982668,0.179911,0.000150,-0.000490,0.000000,-0.000640,-0.000150,0.000490,747.347412,768.968079,733.019287,771.658691,781.693054,746.114685
1699146501785280,103.000000,0.320062,0.941475,0.105756,0.000060,-0.000470,0.000160,-0.000530,0.000100,0.000630,480.661530,565.201782,517.536072,389.776581,394.442413,509.605377
1699146501815040,109.000000,0.251288,0.946589,0.202050,0.000030,-0.000520,0.000080,-0.000550,0.000050,0.000600,721.607178,694.278198,591.605652,773.814331,681.737854,747.554932
1699146501944000,26.000000,-0.022637,0.513585,0.857740,-0.001470,-0.000430,0.000010,-0.000530,-0.001060,0.000640,107.106461,156.583649,118.396027,137.970062,93.569580,133.511505
1699146502192000,152.000000,0.251288,0.946589,0.202050,0.000030,-0.000520,0.000080,-0.000550,0.000050,0.000600,663.427734,667.290649,562.255554,697.569946,698.647461,716.003906
1699146502320960,279.000000,-0.044679,0.982668,0.179911,0.000150,-0.000490,0.000000,-0.000640,-0.000150,0.000490,829.731995,804.192139,809.007935,791.164307,815.940002,800.174561
1699146502330880,69.000000,0.320062,0.941475,0.105756,0.000060,-0.000470,0.000160,-0.000530,0.000100,0.000630,344.385803,348.058624,361.291870,331.685974,269.133789,344.587799
1699146502588800,150.000000,0.251288,0.946589,0.202050,0.000030,-0.000520,0.000080,-0.000550,0.000050,0.000600,611.589294,610.056152,502.139771,768.483276,770.541382,746.985474
1699146502916160,366.000000,-0.044679,0.982668,0.179911,0.000150,-0.000490,0.000000,-0.000640,-0.000150,0.000490,802.633118,811.093872,792.814941,818.950500,777.858765,824.940613
1699146502965760,129.000000,0.251288,0.946589,0.202050,0.000030,-0.000520,0.000080,-0.000550,0.000050,0.000600,479.492798,591.275146,446.289154,651.631958,678.596191,636.597900
1699146503055040,50.000000,0.313162,0.943733,0.106289,0.000060,-0.000470,0.000160,-0.000530,0.000090,0.000630,256.770630,333.969177,310.714569,221.993073,243.297455,356.305176
1699146503362560,84.000000,0.251288,0.946589,0.202050,0.000030,-0.000520,0.000080,-0.000550,0.000050,0.000600,382.672760,449.766602,384.360260,626.494995,586.275879,579.642517
1699146503422080,563.000000,-0.044679,0.982668,0.179911,0.000150,-0.000490,0.000000,-0.000640,-0.000150,0.000490,790.659058,784.622559,779.343323,831.194092,810.577026,815.282104
1699146503739520,112.000000,0.254983,0.944367,0.207736,0.000020,-0.000520,0.000080,-0.000550,0.000050,0.000600,407.950439,456.281860,438.216339,602.110535,579.133606,595.034180
1699146504136320,96.000000,0.254983,0.944367,0.207736,0.000020,-0.000520,0.000080,-0.000550,0.000050,0.000600,446.041870,444.250305,315.313629,511.892822,512.257263,594.730896
1699146504245440,114.000000,-0.044679,0.982668,0.179911,0.000150,-0.000490,0.000000,-0.000640,-0.000150,0.000490,663.087585,690.068115,649.359497,657.187988,661.315979,612.556396
1699146504612480,96.000000,0.254983,0.944367,0.207736,0.000020,-0.000520,0.000080,-0.000550,0.000050,0.000600,528.138000,439.060791,484.746094,604.589905,642.068665,705.462524
1699146504781120,119.000000,-0.044679,0.982668,0.179911,0.000150,-0.000490,0.000000,-0.000640,-0.000150,0.000490,504.980164,512.685364,486.512177,567.966736,480.884216,522.253967
1699146504999360,119.000000,0.254983,0.944367,0.207736,0.000020,-0.000520,0.000080,-0.000550,0.000050,0.000600,704.129272,468.556519,481.244415,583.990479,594.673767,746.188416
1699146505425920,107.000000,0.254983,0.944367,0.207736,0.000020,-0.000520,0.000080,-0.000550,0.000050,0.000600,713.194885,507.515106,501.447784,604.610962,562.238464,779.016418
1699146505535040,536.000000,-0.044679,0.982668,0.179911,0.000150,-0.000490,0.000000,-0.000640,-0.000150,0.000490,820.887939,782.477539,783.708374,787.465637,791.665649,800.499695
1699146505544960,46.000000,-0.058102,0.990358,-0.125757,0.000330,-0.000320,0.000180,-0.000650,-0.000150,0.000500,257.278839,186.249008,269.307861,192.027420,263.064636,246.229477
1699146505822720,135.000000,0.266157,0.941140,0.208367,0.000020,-0.000520,0.000080,-0.000540,0.000060,0.000600,761.040405,454.938507,536.125244,434.873657,472.889618,652.149292
1699146506140160,629.000000,-0.044679,0.982668,0.179911,0.000150,-0.000490,0.000000,-0.000640,-0.000150,0.000490,794.664612,798.224609,780.600708,826.798218,791.227966,812.768127
1699146506279040,97.000000,0.258297,0.941183,0.217846,0.000020,-0.000530,0.000070,-0.000550,0.000060,0.000600,631.211792,478.986603,378.900726,460.553467,362.981995,693.985596
1699146506665920,78.000000,0.262341,0.939776,0.219087,0.000020,-0.000530,0.000070,-0.000540,0.000060,0.000600,585.494141,436.588074,397.403503,357.720032,415.525696,641.592041
1699146506814720,102.000000,0.320062,0.941475,0.105756,0.000060,-0.000470,0.000160,-0.000530,0.000100,0.000630,542.113525,469.631073,400.792786,454.540710,377.129852,517.525635
1699146506953600,46.000000,0.611763,-0.780503,0.128690,0.000000,-0.000590,0.000070,0.003150,0.000070,0.000600,203.710144,127.876846,111.396683,121.712540,155.430740,186.680069
1699146507072640,81.000000,0.258297,0.941183,0.217846,0.000020,-0.000530,0.000070,-0.000550,0.000060,0.000600,528.601624,456.380768,383.170593,322.777954,396.562927,548.418335
1699146507350400,131.000000,0.320062,0.941475,0.105756,0.000060,-0.000470,0.000160,-0.000530,0.000100,0.000630,722.747375,578.225830,473.400513,620.631592,514.245850,736.078918
1699146507469440,89.000000,0.262341,0.939776,0.219087,0.000020,-0.000530,0.000070,-0.000540,0.000060,0.000600,472.156311,452.624695,284.683258,398.112427,423.188751,512.937378
1699146507856320,89.000000,0.262341,0.939776,0.219087,0.000020,-0.000530,0.000070,-0.000540,0.000060,0.000600,434.219482,502.633423,386.556427,469.060577,495.727173,591.427979
1699146507915840,203.000000,0.320062,0.941475,0.105756,0.000060,-0.000470,0.000160,-0.000530,0.000100,0.000630,786.810730,646.282471,537.038147,653.553955,590.187744,827.719849
1699146508253120,103.000000,0.262341,0.939776,0.219087,0.000020,-0.000530,0.000070,-0.000540,0.000060,0.000600,477.238953,458.625366,308.167938,422.853607,590.245728,552.360779
1699146508511040,73.000000,0.320062,0.941475,0.105756,0.000060,-0.000470,0.000160,-0.000530,0.000100,0.000630,637.806580,497.034668,405.624451,550.949341,484.112091,678.638611
1699146508679680,170.000000,0.262341,0.939776,0.219087,0.000020,-0.000530,0.000070,-0.000540,0.000060,0.000600,369.767242,448.282288,360.478149,584.393921,599.057861,591.912109
1699146509046720,50.000000,0.320062,0.941475,0.105756,0.000060,-0.000470,0.000160,-0.000530,0.000100,0.000630,507.594604,459.999939,320.703979,468.988617,331.708099,484.756104
1699146509076480,48.000000,0.262341,0.939776,0.219087,0.000020,-0.000530,0.000070,-0.000540,0.000060,0.000600,343.682770,509.768097,341.977234,530.082153,626.552246,543.876587
1699146509493120,120.000000,0.266003,0.937405,0.224752,0.000010,-0.000530,0.000070,-0.000540,0.000060,0.000600,312.475616,506.662598,294.347168,471.276184,452.539246,377.969818
1699146509691520,72.000000,0.316981,0.941800,0.111968,0.000060,-0.000470,0.000150,-0.000530,0.000100,0.000630,385.036377,299.232727,250.786575,301.609497,315.211426,410.135193
1699146509919680,55.000000,0.266003,0.937405,0.224752,0.000010,-0.000530,0.000070,-0.000540,0.000060,0.000600,355.318542,482.190002,311.358856,460.915527,503.064178,464.705841
1699146510316480,64.000000,0.266003,0.937405,0.224752,0.000010,-0.000530,0.000070,-0.000540,0.000060,0.000600,426.653412,416.468323,334.134888,445.734344,541.923401,459.690002
1699146510336320,53.000000,0.316981,0.941800,0.111968,0.000060,-0.000470,0.000150,-0.000530,0.000100,0.000630,350.660583,264.357452,323.722687,370.578644,328.347198,479.943512
1699146510733120,77.000000,0.259117,0.936259,0.237227,0.000010,-0.000530,0.000050,-0.000540,0.000060,0.000600,459.157257,542.509155,242.257736,487.716980,377.450439,263.430511
1699146510921600,44.000000,0.316981,0.941800,0.111968,0.000060,-0.000470,0.000150,-0.000530,0.000100,0.000630,268.889496,248.094177,305.228821,262.482117,258.887573,323.253784
1699146511159680,60.000000,0.266003,0.937405,0.224752,0.000010,-0.000530,0.000070,-0.000540,0.000060,0.000600,544.242432,557.898621,348.048676,589.722595,427.567596,479.974365
1699146511596160,101.000000,0.269417,0.937905,0.218515,0.000010,-0.000530,0.000080,-0.000540,0.000060,0.000600,502.531372,549.645508,332.437622,543.643188,332.947723,389.497589
1699146512022720,85.000000,0.269417,0.937905,0.218515,0.000010,-0.000530,0.000080,-0.000540,0.000060,0.000600,647.339600,621.661743,364.647766,613.821655,385.790405,456.106659
1699146512429440,77.000000,0.266003,0.937405,0.224752,0.000010,-0.000530,0.000070,-0.000540,0.000060,0.000600,588.314392,584.189941,341.658691,580.869995,400.586060,537.877563
1699146512816320,51.000000,0.316455,0.941364,0.117009,0.000060,-0.000480,0.000150,-0.000530,0.000100,0.000630,285.912109,235.378693,331.327301,253.499374,266.876770,330.540497
1699146512856000,81.000000,0.266003,0.937405,0.224752,0.000010,-0.000530,0.000070,-0.000540,0.000060,0.000600,582.827942,599.618591,433.463776,633.007507,430.944427,513.420959
1699146513282560,97.000000,-0.058929,0.936185,0.346533,0.000010,-0.002540,0.000070,-0.003310,0.000070,0.000590,599.874390,106.367599,405.618530,111.727837,416.551880,113.429062
1699146513748800,75.000000,0.276467,0.935987,0.217931,0.000010,-0.000530,0.000080,-0.000540,0.000070,0.000600,663.949219,661.727295,444.341522,565.619019,527.358887,393.435608
1699146514224960,62.000000,0.273071,0.935511,0.224169,0.000010,-0.000530,0.000070,-0.000540,0.000070,0.000600,533.955872,640.986816,396.783020,490.052216,474.839783,436.745850
1699146514691200,97.000000,0.276467,0.935987,0.217931,0.000010,-0.000530,0.000080,-0.000540,0.000070,0.000600,566.129272,658.420715,478.277191,529.272156,645.040161,366.379211
1699146515147520,144.000000,0.276467,0.935987,0.217931,0.000010,-0.000530,0.000080,-0.000540,0.000070,0.000600,648.821106,731.560547,533.561951,538.100098,719.969727,423.570068
1699146515623680,87.000000,0.279361,0.935546,0.216129,0.000010,-0.000530,0.000080,-0.000540,0.000070,0.000610,566.289551,654.894714,561.746338,482.817993,705.851074,521.332336
1699146516070080,70.000000,0.279361,0.935546,0.216129,0.000010,-0.000530,0.000080,-0.000540,0.000070,0.000610,528.729126,543.755249,566.203857,357.317200,634.042603,392.947388
1699146516506560,113.000000,0.283491,0.934022,0.217337,0.000010,-0.000530,0.000080,-0.000530,0.000070,0.000610,529.982239,711.293884,564.496521,404.076324,710.517700,463.135406
1699146516943040,152.000000,0.283491,0.934022,0.217337,0.000010,-0.000530,0.000080,-0.000530,0.000070,0.000610,485.375732,757.059204,644.253113,500.846283,706.826294,526.880615
1699146517369600,157.000000,0.283491,0.934022,0.217337,0.000010,-0.000530,0.000080,-0.000530,0.000070,0.000610,508.970520,760.753540,681.541565,503.353668,735.123657,546.566528
1699146517746560,71.000000,0.320235,0.939363,0.122663,0.000050,-0.000480,0.000150,-0.000530,0.000100,0.000630,244.671875,315.864105,359.873505,295.539917,263.073914,320.994202
1699146517816000,125.000000,0.283491,0.934022,0.217337,0.000010,-0.000530,0.000080,-0.000530,0.000070,0.000610,428.079010,701.455444,654.859924,514.084351,610.900818,569.136230
1699146518312000,131.000000,0.287127,0.931581,0.222970,0.000000,-0.000530,0.000080,-0.000530,0.000070,0.000610,569.208557,746.578979,692.013794,639.357178,505.672119,610.180420
1699146518808000,93.000000,0.287127,0.931581,0.222970,0.000000,-0.000530,0.000080,-0.000530,0.000070,0.000610,484.267853,668.908875,657.824097,540.441772,452.110352,626.267029
1699146518907200,79.000000,0.320235,0.939363,0.122663,0.000050,-0.000480,0.000150,-0.000530,0.000100,0.000630,383.907593,403.747864,384.355286,396.449768,332.955292,384.919250
1699146519353600,121.000000,0.294114,0.929546,0.222354,0.000000,-0.000530,0.000080,-0.000530,0.000080,0.000610,517.644836,678.773499,679.654358,636.356812,403.240967,608.340088
1699146519492480,66.000000,0.320235,0.939363,0.122663,0.000050,-0.000480,0.000150,-0.000530,0.000100,0.000630,262.992767,361.109802,392.966400,323.187317,280.664886,360.051208
1699146519919040,118.000000,0.294114,0.929546,0.222354,0.000000,-0.000530,0.000080,-0.000530,0.000080,0.000610,558.637207,723.214050,748.830139,637.650513,510.496948,678.343750
1699146520048000,54.000000,0.320235,0.939363,0.122663,0.000050,-0.000480,0.000150,-0.000530,0.000100,0.000630,395.021301,359.497192,324.479614,375.631287,365.540009,338.878113
1699146520474560,131.000000,0.294114,0.929546,0.222354,0.000000,-0.000530,0.000080,-0.000530,0.000080,0.000610,697.167847,678.265320,672.121277,734.746094,629.171448,679.938599
1699146520623360,47.000000,0.320235,0.939363,0.122663,0.000050,-0.000480,0.000150,-0.000530,0.000100,0.000630,346.143341,352.644775,290.606445,361.943542,297.996307,402.289978
1699146520901120,122.000000,0.294114,0.929546,0.222354,0.000000,-0.000530,0.000080,-0.000530,0.000080,0.000610,619.351990,637.978271,713.689819,640.625671,625.400208,633.612427
1699146521248320,59.000000,0.320235,0.939363,0.122663,0.000050,-0.000480,0.000150,-0.000530,0.000100,0.000630,413.679840,428.609253,417.061768,455.447601,392.252411,415.269196
1699146521426880,79.000000,0.294114,0.929546,0.222354,0.000000,-0.000530,0.000080,-0.000530,0.000080,0.000610,600.230469,603.162720,614.581726,621.564575,612.637512,645.440918
1699146521843520,84.000000,0.294114,0.929546,0.222354,0.000000,-0.000530,0.000080,-0.000530,0.000080,0.000610,604.332397,592.668884,628.093384,638.717346,620.292053,598.050720
1699146521853440,76.000000,0.320235,0.939363,0.122663,0.000050,-0.000480,0.000150,-0.000530,0.000100,0.000630,371.664429,427.690735,383.383331,361.488953,336.589020,354.194214
1699146522299840,77.000000,0.294114,0.929546,0.222354,0.000000,-0.000530,0.000080,-0.000530,0.000080,0.000610,661.367249,663.057495,662.818848,645.408325,649.705750,657.327454
1699146522359360,61.000000,0.320235,0.939363,0.122663,0.000050,-0.000480,0.000150,-0.000530,0.000100,0.000630,469.897949,464.729645,417.576294,452.672516,408.058380,405.864105
1699146522766080,78.000000,0.294114,0.929546,0.222354,0.000000,-0.000530,0.000080,-0.000530,0.000080,0.000610,641.397156,646.414673,643.132874,596.699036,592.689575,649.366028
1699146522855360,73.000000,0.320235,0.939363,0.122663,0.000050,-0.000480,0.000150,-0.000530,0.000100,0.000630,433.406952,437.288086,319.331421,430.828613,344.093933,477.128662
1699146523242240,89.000000,0.294114,0.929546,0.222354,0.000000,-0.000530,0.000080,-0.000530,0.000080,0.000610,639.341675,557.672485,613.797913,532.249146,602.932312,580.559204
1699146523430720,62.000000,0.320235,0.939363,0.122663,0.000050,-0.000480,0.000150,-0.000530,0.000100,0.000630,459.079498,436.598419,394.092834,462.912720,431.084015,427.881073
1699146523738240,78.000000,0.294114,0.929546,0.222354,0.000000,-0.000530,0.000080,-0.000530,0.000080,0.000610,593.759583,584.776550,592.069214,530.329956,562.435181,584.035889
1699146524016000,74.000000,0.320235,0.939363,0.122663,0.000050,-0.000480,0.000150,-0.000530,0.000100,0.000630,371.634155,341.927551,321.856445,355.365845,400.228516,422.450409
1699146524174720,86.000000,0.294114,0.929546,0.222354,0.000000,-0.000530,0.000080,-0.000530,0.000080,0.000610,626.084839,631.264099,615.332336,628.875793,561.469971,640.722412
1699146524601280,76.000000,0.294114,0.929546,0.222354,0.000000,-0.000530,0.000080,-0.000530,0.000080,0.000610,585.668518,636.145264,617.768860,548.851196,486.834747,635.873291
1699146524700480,74.000000,0.320235,0.939363,0.122663,0.000050,-0.000480,0.000150,-0.000530,0.000100,0.000630,435.918335,419.769318,373.171936,441.717773,498.141968,494.365723
1699146525047680,75.000000,0.294114,0.929546,0.222354,0.000000,-0.000530,0.000080,-0.000530,0.000080,0.000610,514.226746,502.455505,438.372955,499.759338,321.039856,473.993896
1699146525216320,67.000000,0.320235,0.939363,0.122663,0.000050,-0.000480,0.000150,-0.000530,0.000100,0.000630,381.325439,392.849976,273.990234,466.495178,482.843445,442.215698
1699146525275840,200.000000,-0.044679,0.982668,0.179911,0.000150,-0.000490,0.000000,-0.000640,-0.000150,0.000490,403.301971,562.774841,645.239746,720.358032,613.951172,732.467163
1699146525464320,77.000000,0.301072,0.927466,0.221727,0.000000,-0.000530,0.000080,-0.000530,0.000090,0.000610,545.350830,660.353821,602.137756,469.777771,391.328735,640.654724
1699146525484160,36.000000,0.283998,0.934893,0.212886,0.000010,-0.000520,0.000080,-0.000530,0.000070,0.000610,261.770660,200.725098,147.174286,221.560211,180.655853,267.367035
1699146525692480,87.000000,0.317128,0.939585,0.128879,0.000050,-0.000480,0.000140,-0.000530,0.000100,0.000630,341.555725,409.904510,290.888306,479.928955,476.412445,433.068359
1699146525851200,230.000000,-0.044679,0.982668,0.179911,0.000150,-0.000490,0.000000,-0.000640,-0.000150,0.000490,501.232910,688.196777,771.927795,756.635315,688.144836,785.174805
1699146525871040,60.000000,0.301072,0.927466,0.221727,0.000000,-0.000530,0.000080,-0.000530,0.000090,0.000610,446.770569,648.635742,543.265564,364.460144,500.570984,628.663147
1699146526049600,40.000000,0.294378,0.933221,0.206012,0.000010,-0.000520,0.000090,-0.000530,0.000080,0.000610,327.334625,206.869415,231.302734,243.257141,256.413391,281.787506
1699146526099200,73.000000,0.317128,0.939585,0.128879,0.000050,-0.000480,0.000140,-0.000530,0.000100,0.000630,366.072388,380.780182,245.995163,462.916077,415.072815,423.049652
1699146526277760,78.000000,0.305308,0.925787,0.222947,0.000000,-0.000530,0.000080,-0.000520,0.000090,0.000610,399.325714,643.161865,529.889404,395.461761,540.017334,561.276367
1699146526486080,262.000000,-0.048202,0.983570,0.173973,0.000160,-0.000490,0.000000,-0.000640,-0.000150,0.000490,462.941864,661.361084,747.882202,719.391479,640.296509,801.791565
1699146526535680,111.000000,0.284396,0.946422,0.152982,0.000040,-0.000480,0.000140,-0.000530,0.000100,0.000500,231.418121,396.152008,222.980194,441.346558,250.034241,244.855621
1699146526674560,101.000000,0.305308,0.925787,0.222947,0.000000,-0.000530,0.000080,-0.000520,0.000090,0.000610,445.463562,606.068359,436.104462,402.746765,549.153015,514.408447
1699146527001920,96.000000,0.554996,-0.088633,-0.827118,0.000040,0.005220,0.000140,0.001300,0.000100,0.004810,276.710297,121.661301,353.239838,137.465759,492.322327,105.661057
1699146527051520,196.000000,-0.044679,0.982668,0.179911,0.000150,-0.000490,0.000000,-0.000640,-0.000150,0.000490,295.410706,438.415405,540.518188,615.929199,445.075134,600.171021
1699146527418560,68.000000,0.305308,0.925787,0.222947,0.000000,-0.000530,0.000080,-0.000520,0.000090,0.000610,337.198090,609.982422,461.922302,432.087952,639.354553,552.891113
1699146527448320,68.000000,0.320894,0.937510,0.134545,0.000040,-0.000480,0.000140,-0.000530,0.000100,0.000630,283.247314,364.627045,376.554535,513.168091,450.197327,466.928925
1699146527666560,263.000000,-0.048202,0.983570,0.173973,0.000160,-0.000490,0.000000,-0.000640,-0.000150,0.000490,510.843323,601.436890,748.326538,681.987427,528.797363,754.122559
1699146527785600,91.000000,0.308643,0.926171,0.216674,0.000000,-0.000530,0.000090,-0.000520,0.000090,0.000610,416.143524,529.914551,337.540985,373.492310,645.522339,459.872864
1699146527884800,91.000000,0.320315,0.936991,0.139449,0.000040,-0.000490,0.000140,-0.000530,0.000100,0.000630,387.259277,293.759949,374.313995,430.619904,494.823212,438.963806
1699146528142720,93.000000,0.308922,0.923213,0.228572,-0.000010,-0.000530,0.000080,-0.000520,0.000090,0.000610,341.224182,547.453613,406.190796,469.939453,565.170349,487.691528
1699146528222080,379.000000,-0.048202,0.983570,0.173973,0.000160,-0.000490,0.000000,-0.000640,-0.000150,0.000490,479.831848,429.101868,616.918274,681.292114,511.394501,700.168579
1699146528341120,96.000000,0.320315,0.936991,0.139449,0.000040,-0.000490,0.000140,-0.000530,0.000100,0.000630,370.960754,311.321228,452.860138,459.187805,453.982941,466.355591
1699146528509760,92.000000,0.308922,0.923213,0.228572,-0.000010,-0.000530,0.000080,-0.000520,0.000090,0.000610,307.205811,518.159668,355.995605,415.427887,575.001648,433.595642
1699146528718080,169.000000,-0.412918,-0.879231,-0.237595,0.000160,0.000860,0.000000,0.000820,-0.000150,-0.001740,439.002838,102.906342,616.649597,89.829483,557.054321,95.065163
1699146528787520,74.000000,0.320315,0.936991,0.139449,0.000040,-0.000490,0.000140,-0.000530,0.000100,0.000630,404.451508,389.435303,442.052582,478.120087,491.940186,437.050262
1699146529224000,228.000000,-0.048202,0.983570,0.173973,0.000160,-0.000490,0.000000,-0.000640,-0.000150,0.000490,413.685883,573.598633,664.993408,649.611816,554.441284,713.747864
1699146529233920,86.000000,0.320315,0.936991,0.139449,0.000040,-0.000490,0.000140,-0.000530,0.000100,0.000630,456.914093,405.980225,433.927429,474.955750,502.181335,416.692169
1699146529729920,297.000000,-0.048202,0.983570,0.173973,0.000160,-0.000490,0.000000,-0.000640,-0.000150,0.000490,387.429230,434.567139,699.844788,516.195068,368.957092,604.374146
1699146529799360,107.000000,0.320315,0.936991,0.139449,0.000040,-0.000490,0.000140,-0.000530,0.000100,0.000630,453.508606,469.959045,497.438477,474.003632,524.397217,471.849182
1699146530196160,360.000000,-0.048202,0.983570,0.173973,0.000160,-0.000490,0.000000,-0.000640,-0.000150,0.000490,543.784790,432.768158,678.124390,716.136597,518.425598,667.286377
1699146530265600,105.000000,0.320315,0.936991,0.139449,0.000040,-0.000490,0.000140,-0.000530,0.000100,0.000630,493.147705,439.456238,548.491394,415.493835,486.581177,536.039185
1699146530662400,254.000000,-0.048202,0.983570,0.173973,0.000160,-0.000490,0.000000,-0.000640,-0.000150,0.000490,485.250916,452.716187,606.687195,729.394165,578.587036,723.905273
1699146530692160,78.000000,0.320315,0.936991,0.139449,0.000040,-0.000490,0.000140,-0.000530,0.000100,0.000630,482.565643,519.258545,544.220581,498.460449,531.967529,548.210083
1699146531118720,63.000000,0.320315,0.936991,0.139449,0.000040,-0.000490,0.000140,-0.000530,0.000100,0.000630,516.272766,467.085999,498.720947,492.609924,491.485992,442.742249
1699146531158400,207.000000,-0.048202,0.983570,0.173973,0.000160,-0.000490,0.000000,-0.000640,-0.000150,0.000490,526.480103,426.699341,653.539673,674.949463,485.545502,618.078247
1699146531565120,105.000000,0.320315,0.936991,0.139449,0.000040,-0.000490,0.000140,-0.000530,0.000100,0.000630,539.592957,565.325134,570.380737,435.265137,552.258850,538.560303
1699146531614720,128.000000,0.775386,0.327178,0.540122,0.000150,-0.005020,0.000000,0.004640,-0.000150,0.004510,360.749603,106.829483,670.982849,109.225449,514.702393,103.816795
1699146531624640,44.000000,-0.360261,0.911748,0.197301,0.000160,-0.000310,0.000000,-0.000250,-0.000150,0.000080,181.440399,152.438370,321.122803,168.222015,166.040756,142.532562
1699146531991680,67.000000,0.320315,0.936991,0.139449,0.000040,-0.000490,0.000140,-0.000530,0.000100,0.000630,464.359039,536.347168,507.156128,394.482910,521.507690,470.478210
1699146532061120,106.000000,-0.044679,0.982668,0.179911,0.000150,-0.000490,0.000000,-0.000640,-0.000150,0.000490,301.090393,494.949768,586.369995,595.937134,506.255127,612.668945
1699146532080960,91.000000,0.321764,0.920957,0.219786,-0.000010,-0.000530,0.000090,-0.000520,0.000100,0.000620,647.690186,626.718262,415.209808,614.050293,444.354584,376.043549
1699146532457920,99.000000,0.308922,0.923213,0.228572,-0.000010,-0.000530,0.000080,-0.000520,0.000090,0.000610,617.363892,610.073608,426.401855,619.445740,426.124603,414.719849
1699146532497600,125.000000,-0.048202,0.983570,0.173973,0.000160,-0.000490,0.000000,-0.000640,-0.000150,0.000490,415.484955,460.716522,467.775604,576.985229,476.960785,504.962006
1699146532874560,84.000000,0.315862,0.921025,0.227911,-0.000010,-0.000530,0.000080,-0.000520,0.000100,0.000610,669.065430,710.652161,433.344269,616.671936,519.996460,433.835388
1699146532924160,100.000000,0.320315,0.936991,0.139449,0.000040,-0.000490,0.000140,-0.000530,0.000100,0.000630,347.207886,419.083069,455.266846,317.618286,452.779175,464.851227
1699146532944000,163.000000,-0.048202,0.983570,0.173973,0.000160,-0.000490,0.000000,-0.000640,-0.000150,0.000490,410.950714,584.908936,656.588684,563.477905,434.849731,646.196655
1699146533311040,78.000000,0.320315,0.936991,0.139449,0.000040,-0.000490,0.000140,-0.000530,0.000100,0.000630,315.401855,514.456238,454.938751,327.248047,470.129913,459.231873
1699146533320960,106.000000,0.315862,0.921025,0.227911,-0.000010,-0.000530,0.000080,-0.000520,0.000100,0.000610,596.025085,667.546631,401.783905,640.110718,490.321625,370.798492
1699146533370560,117.000000,-0.048202,0.983570,0.173973,0.000160,-0.000490,0.000000,-0.000640,-0.000150,0.000490,455.423187,382.945465,545.203552,624.370605,488.449615,584.945068
1699146533757440,154.000000,0.318476,0.920591,0.226019,-0.000010,-0.000530,0.000080,-0.000520,0.000100,0.000620,673.166382,775.794067,408.916992,720.750000,638.414978,481.947296
1699146533797120,204.000000,-0.048202,0.983570,0.173973,0.000160,-0.000490,0.000000,-0.000640,-0.000150,0.000490,550.382568,370.216919,689.261719,628.423645,379.859314,570.572632
1699146533816960,124.000000,0.324041,0.934852,0.145085,0.000030,-0.000490,0.000140,-0.000530,0.000100,0.000630,360.131775,479.871277,440.613312,344.278870,444.347687,515.644714
1699146534184000,139.000000,0.318476,0.920591,0.226019,-0.000010,-0.000530,0.000080,-0.000520,0.000100,0.000620,636.423340,759.671997,466.221436,638.912476,690.932434,489.405762
1699146534213760,172.000000,-0.055409,0.983167,0.174105,0.000160,-0.000490,0.000000,-0.000640,-0.000160,0.000490,545.625854,391.786743,662.231262,648.050964,387.628113,576.797058
1699146534263360,74.000000,0.324041,0.934852,0.145085,0.000030,-0.000490,0.000140,-0.000530,0.000100,0.000630,331.561768,518.703613,469.583405,369.725647,509.834473,487.030518
1699146534620480,129.000000,0.321764,0.920957,0.219786,-0.000010,-0.000530,0.000090,-0.000520,0.000100,0.000620,565.460449,737.866089,459.368164,643.162720,735.905762,562.941162
1699146534640320,123.000000,-0.048202,0.983570,0.173973,0.000160,-0.000490,0.000000,-0.000640,-0.000150,0.000490,406.371643,529.051514,630.098389,583.336304,430.400421,638.398071
1699146534699840,94.000000,0.324041,0.934852,0.145085,0.000030,-0.000490,0.000140,-0.000530,0.000100,0.000630,383.971619,505.267395,410.119385,330.824219,444.016785,479.949890
1699146535056960,82.000000,-0.048202,0.983570,0.173973,0.000160,-0.000490,0.000000,-0.000640,-0.000150,0.000490,358.338776,479.101532,581.833740,588.727051,434.401825,609.542114
1699146535066880,117.000000,0.321764,0.920957,0.219786,-0.000010,-0.000530,0.000090,-0.000520,0.000100,0.000620,538.492432,735.294006,455.662048,532.429871,757.945190,460.874542
1699146535225600,94.000000,0.324041,0.934852,0.145085,0.000030,-0.000490,0.000140,-0.000530,0.000100,0.000630,421.328186,434.863586,339.275543,322.246887,419.322449,433.906311
1699146535463680,144.000000,-0.048202,0.983570,0.173973,0.000160,-0.000490,0.000000,-0.000640,-0.000150,0.000490,407.469940,549.231995,678.422058,635.369141,440.856018,618.133850
1699146535493440,39.000000,0.294028,0.935883,0.194089,0.000020,-0.000520,0.000100,-0.000530,0.000080,0.000610,275.031311,269.116821,371.216370,333.574707,400.734436,302.184845
1699146535572800,147.000000,0.321764,0.920957,0.219786,-0.000010,-0.000530,0.000090,-0.000520,0.000100,0.000620,482.672729,757.364319,463.388672,561.368896,784.210571,549.684631
1699146535781120,73.000000,0.328390,0.933210,0.145874,0.000030,-0.000490,0.000140,-0.000520,0.000100,0.000630,493.530731,463.440613,347.434753,313.477814,495.023132,484.366364
1699146535880320,148.000000,-0.056732,0.983924,0.169334,0.000160,-0.000480,0.000000,-0.000640,-0.000160,0.000490,568.396851,416.518951,634.167053,704.064575,415.627533,481.432404
1699146535959680,30.000000,0.294028,0.935883,0.194089,0.000020,-0.000520,0.000100,-0.000530,0.000080,0.000610,217.079971,177.283737,213.484070,220.180649,199.519608,199.907730
1699146536128320,133.000000,0.325329,0.918356,0.225349,-0.000020,-0.000530,0.000090,-0.000520,0.000100,0.000620,477.020996,731.285400,479.772552,490.399933,775.163818,577.591675
1699146536247360,78.000000,0.328390,0.933210,0.145874,0.000030,-0.000490,0.000140,-0.000520,0.000100,0.000630,509.320129,499.332947,410.154083,344.141174,382.908020,540.544250
1699146536326720,129.000000,-0.055409,0.983167,0.174105,0.000160,-0.000490,0.000000,-0.000640,-0.000160,0.000490,533.975464,420.162964,672.131897,609.230713,422.165894,534.259888
1699146536683840,119.000000,0.325329,0.918356,0.225349,-0.000020,-0.000530,0.000090,-0.000520,0.000100,0.000620,451.992249,699.904541,484.541321,401.896240,648.641357,584.732971
1699146536703680,64.000000,0.328390,0.933210,0.145874,0.000030,-0.000490,0.000140,-0.000520,0.000100,0.000630,455.236969,456.879181,375.001465,338.050537,369.230835,469.142029
1699146536753280,114.000000,-0.056732,0.983924,0.169334,0.000160,-0.000480,0.000000,-0.000640,-0.000160,0.000490,501.038879,357.833435,560.496765,566.427368,406.754028,413.531952
1699146537160000,134.000000,0.325329,0.918356,0.225349,-0.000020,-0.000530,0.000090,-0.000520,0.000100,0.000620,464.306549,647.646973,457.278290,364.813965,680.254456,527.092346
1699146537169920,79.000000,0.328390,0.933210,0.145874,0.000030,-0.000490,0.000140,-0.000520,0.000100,0.000630,485.543030,426.248047,318.468842,361.379761,375.698669,458.157806
1699146537179840,144.000000,-0.055409,0.983167,0.174105,0.000160,-0.000490,0.000000,-0.000640,-0.000160,0.000490,476.310425,575.764404,689.417725,562.734985,431.751770,681.740784
1699146537606400,158.000000,-0.055409,0.983167,0.174105,0.000160,-0.000490,0.000000,-0.000640,-0.000160,0.000490,485.496460,546.884766,706.722778,659.543823,388.891754,584.334595
1699146537646080,107.000000,0.325249,0.933310,0.152134,0.000030,-0.000490,0.000130,-0.000520,0.000100,0.000630,495.776123,398.346100,387.783630,364.656464,443.645996,559.314453
1699146537656000,111.000000,0.329645,0.916519,0.226557,-0.000020,-0.000530,0.000090,-0.000510,0.000100,0.000620,449.853455,642.383789,489.197571,366.777283,581.676758,579.973450
1699146538032960,144.000000,-0.055409,0.983167,0.174105,0.000160,-0.000490,0.000000,-0.000640,-0.000160,0.000490,475.089600,498.180969,652.891113,601.497437,407.478271,547.475708
1699146538112320,88.000000,0.325249,0.933310,0.152134,0.000030,-0.000490,0.000130,-0.000520,0.000100,0.000630,546.688354,352.646423,462.615967,405.062286,414.226044,520.782349
1699146538280960,64.000000,0.329645,0.916519,0.226557,-0.000020,-0.000530,0.000090,-0.000510,0.000100,0.000620,505.480713,502.838623,402.714172,377.446655,363.445099,438.724030
1699146538459520,135.000000,-0.055409,0.983167,0.174105,0.000160,-0.000490,0.000000,-0.000640,-0.000160,0.000490,445.477264,558.386963,657.314941,501.863312,389.371033,578.107178
1699146538628160,92.000000,0.325249,0.933310,0.152134,0.000030,-0.000490,0.000130,-0.000520,0.000100,0.000630,550.014893,371.553467,477.860931,445.668915,366.673187,484.300171
1699146538767040,62.000000,0.336486,0.914201,0.225864,-0.000020,-0.000530,0.000090,-0.000510,0.000110,0.000620,370.476898,420.797943,371.121368,372.763733,290.175018,381.417236
1699146538876160,134.000000,-0.061807,0.983395,0.170629,0.000160,-0.000480,0.000000,-0.000640,-0.000160,0.000480,644.123291,452.863098,717.801880,644.248169,573.759949,400.055298
1699146539144000,95.000000,0.331455,0.930426,0.156350,0.000030,-0.000500,0.000130,-0.000520,0.000110,0.000630,511.278778,396.377625,475.377869,486.427002,370.769440,554.256348
1699146539282880,73.000000,0.336486,0.914201,0.225864,-0.000020,-0.000530,0.000090,-0.000510,0.000110,0.000620,375.790466,360.592224,278.634125,326.080078,238.229767,294.302063
1699146539292800,125.000000,-0.055409,0.983167,0.174105,0.000160,-0.000490,0.000000,-0.000640,-0.000160,0.000490,540.930420,495.026062,745.266052,503.899384,502.716614,538.686523
1699146539719360,135.000000,-0.055409,0.983167,0.174105,0.000160,-0.000490,0.000000,-0.000640,-0.000160,0.000490,537.272156,385.975128,654.450073,668.906555,513.656982,447.079224
1699146539749120,92.000000,0.331455,0.930426,0.156350,0.000030,-0.000500,0.000130,-0.000520,0.000110,0.000630,439.041687,409.086731,550.974792,372.894836,392.507782,521.059021
1699146539798720,70.000000,0.336486,0.914201,0.225864,-0.000020,-0.000530,0.000090,-0.000510,0.000110,0.000620,398.643036,423.220154,363.680298,395.760712,322.440857,306.003937
1699146540155840,143.000000,-0.055409,0.983167,0.174105,0.000160,-0.000490,0.000000,-0.000640,-0.000160,0.000490,497.178131,436.072937,683.468140,669.512695,501.566589,492.623016
1699146540195520,120.000000,0.331455,0.930426,0.156350,0.000030,-0.000500,0.000130,-0.000520,0.000110,0.000630,395.569611,473.530121,548.164307,530.699829,402.856171,571.275024
1699146540354240,64.000000,0.336486,0.914201,0.225864,-0.000020,-0.000530,0.000090,-0.000510,0.000110,0.000620,321.455872,348.217834,254.755646,328.679077,309.771973,285.119629
1699146540572480,126.000000,-0.055409,0.983167,0.174105,0.000160,-0.000490,0.000000,-0.000640,-0.000160,0.000490,537.546570,418.018463,688.610352,701.114685,527.620972,454.435699
1699146540731200,94.000000,0.331455,0.930426,0.156350,0.000030,-0.000500,0.000130,-0.000520,0.000110,0.000630,414.993225,453.321838,568.937500,475.356476,413.983459,521.250122
1699146540899840,50.000000,0.336486,0.914201,0.225864,-0.000020,-0.000530,0.000090,-0.000510,0.000110,0.000620,567.398621,515.189087,447.496399,524.298645,491.035004,511.137756
1699146540979200,94.000000,-0.055409,0.983167,0.174105,0.000160,-0.000490,0.000000,-0.000640,-0.000160,0.000490,492.261414,462.600159,616.495483,531.589355,456.391357,463.429047
1699146541147840,97.000000,0.331455,0.930426,0.156350,0.000030,-0.000500,0.000130,-0.000520,0.000110,0.000630,392.945557,378.993195,472.337708,523.901917,403.451691,471.447876
1699146541385920,112.000000,-0.055409,0.983167,0.174105,0.000160,-0.000490,0.000000,-0.000640,-0.000160,0.000490,539.889404,413.988007,605.742981,562.341736,487.664734,430.934021
1699146541405760,54.000000,0.336486,0.914201,0.225864,-0.000020,-0.000530,0.000090,-0.000510,0.000110,0.000620,459.299133,488.724731,445.152588,452.017212,489.633362,485.840546
1699146541594240,140.000000,0.331455,0.930426,0.156350,0.000030,-0.000500,0.000130,-0.000520,0.000110,0.000630,369.236664,500.599243,541.153870,563.926453,431.152069,483.680115
1699146541802560,150.000000,-0.060451,0.982636,0.175418,0.000160,-0.000490,0.000000,-0.000640,-0.000160,0.000480,539.567871,364.708801,673.253418,603.820068,560.981934,369.034241
1699146541901760,56.000000,0.336486,0.914201,0.225864,-0.000020,-0.000530,0.000090,-0.000510,0.000110,0.000620,413.569275,415.001862,358.870667,361.717041,397.801575,476.151215
1699146541971200,69.000000,-0.178371,0.958184,0.223756,0.000020,-0.001700,0.000130,-0.004180,0.000110,0.000180,427.516388,106.108589,591.271790,94.901405,492.042725,120.024246
1699146542209280,152.000000,-0.061807,0.983395,0.170629,0.000160,-0.000480,0.000000,-0.000640,-0.000160,0.000480,632.800659,356.211304,719.781799,587.258789,641.920898,391.938751
1699146542368000,112.000000,0.335142,0.928140,0.161977,0.000020,-0.000500,0.000130,-0.000520,0.000110,0.000630,454.727142,541.441833,572.720703,617.907227,514.444519,568.617432
1699146542625920,162.000000,-0.055409,0.983167,0.174105,0.000160,-0.000490,0.000000,-0.000640,-0.000160,0.000490,466.920685,455.791107,619.389954,380.519897,555.513550,436.626221
1699146542744960,81.000000,0.335142,0.928140,0.161977,0.000020,-0.000500,0.000130,-0.000520,0.000110,0.000630,485.129517,561.302124,552.109741,500.983093,518.229553,519.940247
1699146543022720,166.000000,-0.055409,0.983167,0.174105,0.000160,-0.000490,0.000000,-0.000640,-0.000160,0.000490,609.619141,538.924744,680.135803,485.919861,562.594604,520.656494
1699146543072320,36.000000,0.336486,0.914201,0.225864,-0.000020,-0.000530,0.000090,-0.000510,0.000110,0.000620,315.154541,377.017883,388.126160,352.881165,346.458618,458.650909
1699146543112000,109.000000,-0.106409,0.247567,0.963010,0.000020,-0.005100,0.000130,0.000270,0.000110,-0.002190,515.968079,103.038048,583.363770,92.077698,512.578796,108.374802
1699146543439360,126.000000,-0.055409,0.983167,0.174105,0.000160,-0.000490,0.000000,-0.000640,-0.000160,0.000490,533.475891,540.073853,685.313477,567.285583,530.373596,477.820068
1699146543498880,100.000000,0.335142,0.928140,0.161977,0.000020,-0.000500,0.000130,-0.000520,0.000110,0.000630,452.195648,517.394104,542.567993,541.115967,525.955139,488.495789
1699146543528640,46.000000,0.336486,0.914201,0.225864,-0.000020,-0.000530,0.000090,-0.000510,0.000110,0.000620,324.447083,339.726624,337.688141,383.573730,384.950317,402.598450
1699146543856000,99.000000,-0.055409,0.983167,0.174105,0.000160,-0.000490,0.000000,-0.000640,-0.000160,0.000490,584.581482,398.824615,664.528076,402.819763,606.759399,376.234924
1699146543905600,127.000000,0.335142,0.928140,0.161977,0.000020,-0.000500,0.000130,-0.000520,0.000110,0.000630,542.087769,564.024231,583.298462,551.024658,515.818298,518.488342
1699146544064320,56.000000,0.336486,0.914201,0.225864,-0.000020,-0.000530,0.000090,-0.000510,0.000110,0.000620,266.936371,413.788269,368.484650,315.064819,341.397369,421.219513
1699146544282560,135.000000,-0.060451,0.982636,0.175418,0.000160,-0.000490,0.000000,-0.000640,-0.000160,0.000480,447.239868,303.547363,542.131958,514.963623,521.482422,300.692932
1699146544639680,86.000000,0.340031,0.911493,0.231427,-0.000030,-0.000530,0.000090,-0.000510,0.000110,0.000620,308.032471,563.542969,529.075806,354.866364,351.101685,562.298706
1699146544689280,210.000000,-0.055409,0.983167,0.174105,0.000160,-0.000490,0.000000,-0.000640,-0.000160,0.000490,516.515015,533.570679,646.117676,474.078979,542.751831,375.638184
1699146545056320,98.000000,0.335142,0.928140,0.161977,0.000020,-0.000500,0.000130,-0.000520,0.000110,0.000630,513.140076,547.608765,529.268921,529.183105,527.076294,530.084900
1699146545105920,183.000000,-0.055409,0.983167,0.174105,0.000160,-0.000490,0.000000,-0.000640,-0.000160,0.000490,688.736755,495.337860,740.506226,552.824585,745.737183,450.876801
1699146545145600,74.000000,0.340031,0.911493,0.231427,-0.000030,-0.000530,0.000090,-0.000510,0.000110,0.000620,401.152863,540.841858,583.365723,454.373138,398.540497,584.114380
1699146545413440,85.000000,0.335142,0.928140,0.161977,0.000020,-0.000500,0.000130,-0.000520,0.000110,0.000630,470.910706,398.993774,476.890106,520.419617,471.412537,471.539459
1699146545522560,86.000000,-0.061807,0.983395,0.170629,0.000160,-0.000480,0.000000,-0.000640,-0.000160,0.000480,627.605774,443.138062,648.609924,572.669312,646.363647,486.522461
1699146545661440,69.000000,0.351225,0.907112,0.231924,-0.000030,-0.000530,0.000090,-0.000500,0.000120,0.000620,449.781128,513.646729,557.729065,291.280853,363.111969,478.222839
1699146545949120,84.000000,-0.060451,0.982636,0.175418,0.000160,-0.000490,0.000000,-0.000640,-0.000160,0.000480,506.275146,399.481201,607.358521,589.017395,606.562012,376.034729
1699146546276480,65.000000,0.351225,0.907112,0.231924,-0.000030,-0.000530,0.000090,-0.000500,0.000120,0.000620,477.588348,510.123352,534.504211,311.664490,387.702087,529.340698
1699146546365760,113.000000,0.281185,0.896824,0.341527,0.000160,-0.004360,0.000000,-0.002060,-0.000160,0.004360,561.279419,113.121246,711.017334,121.177269,652.299255,111.052956
1699146546792320,194.000000,-0.055409,0.983167,0.174105,0.000160,-0.000490,0.000000,-0.000640,-0.000160,0.000490,697.932068,545.290283,758.649963,438.906677,686.919983,426.646271
1699146547010560,77.000000,0.351225,0.907112,0.231924,-0.000030,-0.000530,0.000090,-0.000500,0.000120,0.000620,499.381958,477.804993,489.450806,344.167114,437.548279,481.675903
1699146547228800,149.000000,-0.060451,0.982636,0.175418,0.000160,-0.000490,0.000000,-0.000640,-0.000160,0.000480,651.981384,379.101501,698.957703,503.975952,718.969666,443.304199
1699146547516480,95.000000,0.351225,0.907112,0.231924,-0.000030,-0.000530,0.000090,-0.000500,0.000120,0.000620,676.371948,196.395325,634.670288,227.104355,593.801697,229.719818
1699146547655360,125.000000,-0.060451,0.982636,0.175418,0.000160,-0.000490,0.000000,-0.000640,-0.000160,0.000480,560.690796,470.336060,615.659668,467.013245,638.533569,373.605286
1699146548062080,109.000000,0.351225,0.907112,0.231924,-0.000030,-0.000530,0.000090,-0.000500,0.000120,0.000620,593.744629,452.941467,554.745483,490.120483,571.102417,572.996704
1699146548072000,174.000000,-0.055409,0.983167,0.174105,0.000160,-0.000490,0.000000,-0.000640,-0.000160,0.000490,648.893982,547.443176,700.323914,445.416748,707.137512,403.004639
1699146548577920,104.000000,0.351225,0.907112,0.231924,-0.000030,-0.000530,0.000090,-0.000500,0.000120,0.000620,626.896118,469.694214,602.800964,515.751465,627.219910,507.664062
1699146548597760,143.000000,-0.060451,0.982636,0.175418,0.000160,-0.000490,0.000000,-0.000640,-0.000160,0.000480,617.001709,504.500793,693.984070,515.584473,705.635315,391.591797
1699146549083840,69.000000,-0.060451,0.982636,0.175418,0.000160,-0.000490,0.000000,-0.000640,-0.000160,0.000480,287.103210,202.914337,430.283844,276.792755,325.544098,245.157013
1699146549093760,132.000000,0.351225,0.907112,0.231924,-0.000030,-0.000530,0.000090,-0.000500,0.000120,0.000620,613.873779,511.487213,609.550293,559.918335,629.018616,608.003662
1699146549540160,205.000000,-0.060451,0.982636,0.175418,0.000160,-0.000490,0.000000,-0.000640,-0.000160,0.000480,688.326660,414.524811,736.706421,678.802429,784.732056,623.662842
1699146549688960,103.000000,0.351225,0.907112,0.231924,-0.000030,-0.000530,0.000090,-0.000500,0.000120,0.000620,583.062805,520.524719,641.201538,634.076111,647.990479,551.699341
1699146550026240,103.000000,-0.060451,0.982636,0.175418,0.000160,-0.000490,0.000000,-0.000640,-0.000160,0.000480,572.048889,489.769409,640.601746,481.744812,632.850342,404.870087
1699146550194880,150.000000,0.351225,0.907112,0.231924,-0.000030,-0.000530,0.000090,-0.000500,0.000120,0.000620,608.363647,558.070007,718.864746,628.917725,656.762878,622.320801
1699146550482560,56.000000,0.419815,0.821367,-0.386149,0.000020,0.002020,0.000000,-0.001670,-0.000020,0.004430,202.617493,109.347893,310.885651,109.209999,168.148651,108.893478
1699146550492480,103.000000,0.263146,0.879207,0.397176,-0.000050,-0.000490,0.000000,-0.000240,-0.000060,0.000480,133.258759,338.928131,478.123871,121.486008,145.088654,333.433868
1699146550680960,92.000000,0.335142,0.928140,0.161977,0.000020,-0.000500,0.000130,-0.000520,0.000110,0.000630,461.271820,496.899414,465.882660,380.153656,308.616974,484.493530
1699146550690880,101.000000,0.351225,0.907112,0.231924,-0.000030,-0.000530,0.000090,-0.000500,0.000120,0.000620,620.037109,616.112305,712.419983,724.511047,649.898865,675.649231
1699146550919040,133.000000,-0.060451,0.982636,0.175418,0.000160,-0.000490,0.000000,-0.000640,-0.000160,0.000480,554.632446,544.070435,613.843201,520.242737,678.421143,421.245148
1699146551067840,80.000000,0.335142,0.928140,0.161977,0.000020,-0.000500,0.000130,-0.000520,0.000110,0.000630,431.890228,402.337280,458.068451,327.560608,306.454712,439.956268
1699146551256320,88.000000,0.351225,0.907112,0.231924,-0.000030,-0.000530,0.000090,-0.000500,0.000120,0.000620,480.788208,487.483032,696.369019,678.033569,586.595581,535.120911
1699146551355520,133.000000,-0.060451,0.982636,0.175418,0.000160,-0.000490,0.000000,-0.000640,-0.000160,0.000480,594.621338,315.464630,592.361267,456.822693,674.484680,420.658752
1699146551464640,124.000000,0.341933,0.925767,0.161359,0.000020,-0.000500,0.000130,-0.000520,0.000120,0.000630,465.275269,398.815857,380.119141,321.513580,355.947113,460.625519
1699146551792000,96.000000,-0.060451,0.982636,0.175418,0.000160,-0.000490,0.000000,-0.000640,-0.000160,0.000480,375.340790,335.987701,518.807190,259.883759,447.138916,200.433746
1699146551821760,109.000000,0.351225,0.907112,0.231924,-0.000030,-0.000530,0.000090,-0.000500,0.000120,0.000620,497.164886,572.970398,760.389099,717.172485,527.289185,615.704468
1699146551851520,135.000000,0.341933,0.925767,0.161359,0.000020,-0.000500,0.000130,-0.000520,0.000120,0.000630,484.707275,555.935791,450.914490,333.332947,430.349792,597.489929
1699146552228480,108.000000,-0.060451,0.982636,0.175418,0.000160,-0.000490,0.000000,-0.000640,-0.000160,0.000480,568.968994,298.345001,598.931641,417.438141,601.817871,433.705963
1699146552238400,78.000000,0.341933,0.925767,0.161359,0.000020,-0.000500,0.000130,-0.000520,0.000120,0.000630,583.671509,566.543335,513.363953,419.069092,381.616760,521.303650
1699146552317760,92.000000,0.354745,0.904299,0.237483,-0.000040,-0.000530,0.000090,-0.000500,0.000120,0.000620,430.865112,534.075073,758.904175,731.607300,511.307343,620.711060
1699146552595520,96.000000,0.346344,0.923975,0.162221,0.000020,-0.000500,0.000130,-0.000510,0.000120,0.000630,534.142212,497.433838,478.459381,388.372406,534.903259,562.762207
1699146552645120,52.000000,-0.060451,0.982636,0.175418,0.000160,-0.000490,0.000000,-0.000640,-0.000160,0.000480,563.282959,439.373230,626.737610,533.392700,679.964111,532.286011
1699146552853440,144.000000,0.361502,0.901818,0.236729,-0.000040,-0.000530,0.000090,-0.000500,0.000130,0.000620,579.395691,506.913544,786.374756,712.790527,549.077332,526.659607
1699146552962560,57.000000,0.346344,0.923975,0.162221,0.000020,-0.000500,0.000130,-0.000510,0.000120,0.000630,406.540894,346.494537,294.932526,299.379333,351.359894,424.624451
1699146553061760,149.000000,-0.060451,0.982636,0.175418,0.000160,-0.000490,0.000000,-0.000640,-0.000160,0.000480,530.418335,415.036621,562.162476,560.175903,692.980896,593.632568
1699146553369280,40.000000,0.346344,0.923975,0.162221,0.000020,-0.000500,0.000130,-0.000510,0.000120,0.000630,291.273621,327.095642,250.448929,259.344910,389.838623,354.456177
1699146553438720,100.000000,0.361502,0.901818,0.236729,-0.000040,-0.000530,0.000090,-0.000500,0.000130,0.000620,538.800171,534.276062,678.147400,605.864197,505.287628,575.812622
1699146553478400,96.000000,-0.060451,0.982636,0.175418,0.000160,-0.000490,0.000000,-0.000640,-0.000160,0.000480,577.384766,380.267365,604.021545,474.837555,658.715637,473.662598
1699146553855360,35.000000,0.341933,0.925767,0.161359,0.000020,-0.000500,0.000130,-0.000520,0.000120,0.000630,315.967743,396.429352,271.133362,255.341217,342.579559,335.800598
1699146553895040,77.000000,-0.061807,0.983395,0.170629,0.000160,-0.000480,0.000000,-0.000640,-0.000160,0.000480,553.789551,321.722290,467.527771,460.359009,619.155640,414.548645
1699146553954560,93.000000,0.361502,0.901818,0.236729,-0.000040,-0.000530,0.000090,-0.000500,0.000130,0.000620,621.569092,459.604065,680.385620,466.958374,577.495667,531.063232
1699146554311680,95.000000,-0.060451,0.982636,0.175418,0.000160,-0.000490,0.000000,-0.000640,-0.000160,0.000480,525.267090,340.222534,491.448822,425.248138,593.642578,427.200714
1699146554371200,35.000000,0.346344,0.923975,0.162221,0.000020,-0.000500,0.000130,-0.000510,0.000120,0.000630,194.809601,224.062103,224.300964,269.954559,312.662506,294.934753
1699146554500160,117.000000,0.361502,0.901818,0.236729,-0.000040,-0.000530,0.000090,-0.000500,0.000130,0.000620,629.872498,419.692963,652.155457,465.149719,573.937256,441.645172
1699146554718400,63.000000,-0.060451,0.982636,0.175418,0.000160,-0.000490,0.000000,-0.000640,-0.000160,0.000480,448.452820,312.557373,410.332794,267.506287,527.570557,301.470398
1699146554916800,49.000000,0.346344,0.923975,0.162221,0.000020,-0.000500,0.000130,-0.000510,0.000120,0.000630,262.562592,361.070923,234.598694,258.447662,310.393677,313.044739
1699146555025920,91.000000,0.360551,0.901063,0.241016,-0.000040,-0.000540,0.000090,-0.000500,0.000130,0.000620,632.570435,319.933105,635.071716,395.981598,613.373596,355.213562
1699146555154880,74.000000,-0.060451,0.982636,0.175418,0.000160,-0.000490,0.000000,-0.000640,-0.000160,0.000480,442.780823,346.215607,451.073395,391.179016,500.457733,395.634064
1699146555492160,41.000000,0.350016,0.921581,0.167858,0.000010,-0.000500,0.000130,-0.000510,0.000120,0.000630,283.333405,384.573242,266.160645,295.268921,363.805664,322.931763
1699146555561600,93.000000,0.361502,0.901818,0.236729,-0.000040,-0.000530,0.000090,-0.000500,0.000130,0.000620,646.431763,344.283630,648.006958,341.921326,687.486694,422.445099
1699146555601280,58.000000,-0.060451,0.982636,0.175418,0.000160,-0.000490,0.000000,-0.000640,-0.000160,0.000480,398.428162,318.485657,372.438995,515.924072,567.888672,507.892395
1699146556047680,103.000000,-0.060451,0.982636,0.175418,0.000160,-0.000490,0.000000,-0.000640,-0.000160,0.000480,491.744812,357.356384,544.851074,368.381012,586.716614,365.198914
1699146556077440,84.000000,0.362823,0.900680,0.239030,-0.000040,-0.000540,0.000090,-0.000500,0.000130,0.000630,508.482910,316.670105,570.067566,260.536865,557.036865,380.469055
1699146556583360,91.000000,0.364986,0.898941,0.242260,-0.000040,-0.000540,0.000090,-0.000490,0.000130,0.000620,659.736267,400.096680,611.934875,384.149292,641.794067,429.188782
1699146556593280,49.000000,0.353119,0.921519,0.161586,0.000010,-0.000500,0.000140,-0.000510,0.000120,0.000630,313.788574,401.796326,276.374817,329.201233,392.767517,245.686142
1699146556613120,80.000000,-0.060451,0.982636,0.175418,0.000160,-0.000490,0.000000,-0.000640,-0.000160,0.000480,461.534180,395.645874,466.565002,240.332657,510.282501,246.473877
1699146557079360,121.000000,0.364986,0.898941,0.242260,-0.000040,-0.000540,0.000090,-0.000490,0.000130,0.000620,671.557495,402.838837,667.654785,365.721680,688.507019,362.565979
1699146557089280,59.000000,0.350016,0.921581,0.167858,0.000010,-0.000500,0.000130,-0.000510,0.000120,0.000630,374.164429,424.533356,245.679733,389.359497,289.483307,284.546356
1699146557148800,74.000000,-0.060451,0.982636,0.175418,0.000160,-0.000490,0.000000,-0.000640,-0.000160,0.000480,331.482178,379.920990,246.023224,362.769379,419.059570,365.387146
1699146557575360,86.000000,0.364986,0.898941,0.242260,-0.000040,-0.000540,0.000090,-0.000490,0.000130,0.000620,614.720215,440.262482,657.067322,352.094666,641.309631,339.550110
1699146557634880,43.000000,-0.060451,0.982636,0.175418,0.000160,-0.000490,0.000000,-0.000640,-0.000160,0.000480,329.805450,250.823212,294.843292,305.313507,431.271759,351.138947
1699146557654720,51.000000,0.350016,0.921581,0.167858,0.000010,-0.000500,0.000130,-0.000510,0.000120,0.000630,344.134827,437.575256,256.560760,392.862030,341.134033,301.969391
1699146558101120,69.000000,0.365967,0.899691,0.237958,-0.000040,-0.000530,0.000090,-0.000490,0.000130,0.000620,321.144592,266.780151,346.835419,215.550705,318.458130,281.003235
1699146558130880,27.000000,0.308609,-0.895403,-0.320959,0.000010,0.000690,0.000130,0.001550,0.000120,0.000010,316.165375,94.560539,241.745453,104.885086,267.324829,89.217010
1699146558557440,55.000000,-0.060451,0.982636,0.175418,0.000160,-0.000490,0.000000,-0.000640,-0.000160,0.000480,374.471375,460.079193,307.058838,335.244568,425.231995,364.608490
1699146558597120,73.000000,0.350016,0.921581,0.167858,0.000010,-0.000500,0.000130,-0.000510,0.000120,0.000630,389.484131,374.293701,302.254089,429.664795,325.388214,381.372833
1699146558616960,130.000000,0.365967,0.899691,0.237958,-0.000040,-0.000530,0.000090,-0.000490,0.000130,0.000620,486.500977,289.400757,536.345276,485.789001,577.914185,420.206848
1699146559003840,62.000000,-0.060451,0.982636,0.175418,0.000160,-0.000490,0.000000,-0.000640,-0.000160,0.000480,396.419769,406.843781,338.243500,358.720581,562.558105,401.968170
1699146559053440,50.000000,-0.337990,0.136410,-0.931212,0.000010,0.002390,0.000130,-0.001710,0.000120,0.000070,342.453247,129.258057,251.992538,103.566208,282.130951,94.243729
1699146559212160,106.000000,-0.116263,0.899252,0.421698,-0.000040,-0.004540,0.000090,-0.005100,0.000130,-0.000010,395.402283,103.947922,482.810547,116.058350,468.101593,104.187195
1699146559450240,84.000000,-0.060451,0.982636,0.175418,0.000160,-0.000490,0.000000,-0.000640,-0.000160,0.000480,205.451920,328.858398,214.869843,415.961121,469.803406,389.120636
1699146559519680,53.000000,0.350016,0.921581,0.167858,0.000010,-0.000500,0.000130,-0.000510,0.000120,0.000630,371.244110,364.105164,216.007782,376.882385,257.659210,283.504303
1699146559886720,78.000000,-0.064167,0.981296,0.181495,0.000160,-0.000490,-0.000010,-0.000640,-0.000160,0.000480,307.248505,506.597931,242.851456,436.621216,505.008972,429.574249
1699146559906560,100.000000,0.364986,0.898941,0.242260,-0.000040,-0.000540,0.000090,-0.000490,0.000130,0.000620,413.349854,337.347473,565.224976,578.890625,542.786987,421.669281
1699146559976000,49.000000,0.356778,0.919103,0.167211,0.000010,-0.000500,0.000130,-0.000510,0.000130,0.000630,353.909485,377.443359,276.344055,345.306885,358.756836,260.136597
1699146560333120,55.000000,-0.060660,0.980396,0.187470,0.000150,-0.000490,-0.000010,-0.000640,-0.000160,0.000480,286.304871,387.518890,176.579681,417.371582,383.550812,388.795959
1699146560422400,52.000000,0.356778,0.919103,0.167211,0.000010,-0.000500,0.000130,-0.000510,0.000130,0.000630,353.243774,438.493958,278.645813,372.982086,384.731110,309.228058
1699146560432320,41.000000,0.367237,0.898563,0.240253,-0.000040,-0.000540,0.000090,-0.000490,0.000130,0.000630,229.997971,331.537354,430.629150,379.638733,347.675446,260.607086
1699146560868800,69.000000,0.356778,0.919103,0.167211,0.000010,-0.000500,0.000130,-0.000510,0.000130,0.000630,281.058319,335.522583,334.047363,322.027039,316.847839,252.887405
1699146560958080,34.000000,-0.060660,0.980396,0.187470,0.000150,-0.000490,-0.000010,-0.000640,-0.000160,0.000480,218.127533,328.789795,241.875061,195.421356,352.955292,318.738708
1699146560977920,63.000000,0.368450,0.896021,0.247774,-0.000050,-0.000540,0.000090,-0.000490,0.000130,0.000620,219.388580,381.602325,475.525391,384.892883,336.765503,252.406448
1699146561305280,56.000000,0.356778,0.919103,0.167211,0.000010,-0.000500,0.000130,-0.000510,0.000130,0.000630,291.980255,414.605042,298.739105,344.009216,350.460205,283.225128
1699146561523520,46.000000,0.368450,0.896021,0.247774,-0.000050,-0.000540,0.000090,-0.000490,0.000130,0.000620,362.634491,380.811829,435.284882,445.248047,343.928528,262.582550
1699146561741760,42.000000,0.359043,0.918496,0.165688,0.000010,-0.000500,0.000130,-0.000510,0.000130,0.000640,323.937561,425.253479,344.162415,258.317688,422.243622,317.435089
1699146562059200,96.000000,-0.712353,-0.589477,0.380880,-0.000050,-0.001440,0.000090,-0.000420,0.000130,-0.004130,335.783783,114.214653,361.153809,105.841125,356.439392,104.885773
1699146562178240,58.000000,0.356778,0.919103,0.167211,0.000010,-0.000500,0.000130,-0.000510,0.000130,0.000630,286.819214,475.659882,306.483276,301.662659,434.508514,286.565735
1699146562436160,73.000000,-0.060660,0.980396,0.187470,0.000150,-0.000490,-0.000010,-0.000640,-0.000160,0.000480,302.629242,387.433472,275.939331,303.537415,396.638885,354.563660
1699146562575040,55.000000,0.368450,0.896021,0.247774,-0.000050,-0.000540,0.000090,-0.000490,0.000130,0.000620,340.158966,369.954895,374.148376,407.255554,372.774353,309.802277
1699146562614720,42.000000,0.359043,0.918496,0.165688,0.000010,-0.000500,0.000130,-0.000510,0.000130,0.000640,354.905518,468.716400,315.397614,317.128357,455.814941,324.930511
1699146562961920,53.000000,-0.049491,0.984339,0.169195,0.000150,-0.000490,0.000020,-0.000640,-0.000160,0.000480,272.187469,337.312256,223.721512,346.501740,438.396973,346.276367
1699146563041280,27.000000,0.367130,0.914099,0.172162,0.000000,-0.000500,0.000130,-0.000500,0.000130,0.000640,282.594788,374.189514,249.242691,271.309326,364.424896,280.957489
1699146563170240,38.000000,0.368450,0.896021,0.247774,-0.000050,-0.000540,0.000090,-0.000490,0.000130,0.000620,402.444946,383.566559,314.742645,437.888977,344.566620,294.308380
1699146563418240,53.000000,-0.002488,0.968890,0.247480,0.000020,-0.000490,0.000020,-0.000640,-0.000160,0.000480,157.431061,393.416565,213.989624,172.221558,234.757797,411.409790
1699146563477760,34.000000,0.367130,0.914099,0.172162,0.000000,-0.000500,0.000130,-0.000500,0.000130,0.000640,346.680054,406.431244,297.827698,312.505554,394.594666,266.176910
1699146563676160,100.000000,0.368450,0.896021,0.247774,-0.000050,-0.000540,0.000090,-0.000490,0.000130,0.000620,572.390320,587.827759,550.432617,681.446167,422.144348,416.805084
1699146563844800,76.000000,-0.060660,0.980396,0.187470,0.000150,-0.000490,-0.000010,-0.000640,-0.000160,0.000480,280.805389,434.608643,310.426361,406.523438,403.650024,384.310913
1699146563884480,50.000000,0.364911,0.914689,0.173738,0.000000,-0.000500,0.000130,-0.000500,0.000130,0.000630,342.038574,344.820679,245.687775,307.710876,323.199188,253.498886
1699146564201920,304.000000,0.377307,0.893108,0.244943,-0.000050,-0.000540,0.000090,-0.000490,0.000140,0.000630,798.820007,812.535400,725.401428,830.397766,614.622986,571.507141
1699146564291200,55.000000,0.367130,0.914099,0.172162,0.000000,-0.000500,0.000130,-0.000500,0.000130,0.000640,386.893555,415.147034,323.100311,341.636810,400.343567,296.327362
1699146564301120,55.000000,-0.060660,0.980396,0.187470,0.000150,-0.000490,-0.000010,-0.000640,-0.000160,0.000480,390.364563,488.564362,373.425537,393.880798,403.191223,380.193176
1699146564697920,238.000000,0.375133,0.893462,0.246981,-0.000050,-0.000540,0.000090,-0.000490,0.000140,0.000620,777.916504,717.778076,618.983154,755.200989,467.653534,462.112183
1699146564737600,87.000000,-0.060660,0.980396,0.187470,0.000150,-0.000490,-0.000010,-0.000640,-0.000160,0.000480,299.093048,145.445190,203.107910,140.450775,421.808807,130.001862
1699146565104640,36.000000,0.367130,0.914099,0.172162,0.000000,-0.000500,0.000130,-0.000500,0.000130,0.000640,273.745056,310.798767,336.018524,316.805817,263.363312,283.478546
1699146565203840,171.000000,0.368450,0.896021,0.247774,-0.000050,-0.000540,0.000090,-0.000490,0.000130,0.000620,744.682495,734.114258,477.373352,739.257812,394.970581,482.176392
1699146565213760,76.000000,-0.060660,0.980396,0.187470,0.000150,-0.000490,-0.000010,-0.000640,-0.000160,0.000480,402.421692,509.815918,404.061401,421.890045,508.848022,462.811035
1699146565491520,40.000000,0.367130,0.914099,0.172162,0.000000,-0.000500,0.000130,-0.000500,0.000130,0.000640,446.773529,403.380615,365.512817,324.163818,326.319061,267.754272
1699146565729600,99.000000,0.375133,0.893462,0.246981,-0.000050,-0.000540,0.000090,-0.000490,0.000140,0.000620,701.659607,703.929199,473.927032,702.457153,455.469391,403.603546
1699146565858560,43.000000,0.367130,0.914099,0.172162,0.000000,-0.000500,0.000130,-0.000500,0.000130,0.000640,428.187286,397.583771,373.911011,339.524902,376.279755,344.790924
1699146565878400,83.000000,-0.060660,0.980396,0.187470,0.000150,-0.000490,-0.000010,-0.000640,-0.000160,0.000480,467.435547,536.358521,420.027130,510.726257,564.384766,511.739685
1699146566195840,40.000000,0.367130,0.914099,0.172162,0.000000,-0.000500,0.000130,-0.000500,0.000130,0.000640,374.832581,363.353149,326.115631,366.574951,292.937744,336.117493
1699146566394240,332.000000,0.377307,0.893108,0.244943,-0.000050,-0.000540,0.000090,-0.000490,0.000140,0.000630,818.016846,837.823242,557.095703,805.886353,584.166199,475.306122
1699146566424000,48.000000,-0.060660,0.980396,0.187470,0.000150,-0.000490,-0.000010,-0.000640,-0.000160,0.000480,471.854614,497.109528,399.072418,402.095093,489.668121,399.795105
1699146566890240,366.000000,0.377307,0.893108,0.244943,-0.000050,-0.000540,0.000090,-0.000490,0.000140,0.000630,852.039124,855.913818,584.759338,841.765930,650.298645,488.159485
1699146566939840,165.000000,-0.060660,0.980396,0.187470,0.000150,-0.000490,-0.000010,-0.000640,-0.000160,0.000480,581.350098,687.425049,542.269409,554.116211,652.457947,479.771790
1699146567406080,143.000000,0.377307,0.893108,0.244943,-0.000050,-0.000540,0.000090,-0.000490,0.000140,0.000630,738.582947,717.217529,444.513550,717.285645,524.137329,437.252106
1699146567485440,100.000000,-0.060660,0.980396,0.187470,0.000150,-0.000490,-0.000010,-0.000640,-0.000160,0.000480,582.033752,543.712708,558.651550,520.804443,605.672485,517.442627
1699146567912000,71.000000,0.365186,0.895594,0.254068,-0.000050,-0.000540,0.000080,-0.000490,0.000130,0.000620,561.832825,627.669067,467.308929,520.591064,287.728210,427.856232
1699146568031040,107.000000,-0.060660,0.980396,0.187470,0.000150,-0.000490,-0.000010,-0.000640,-0.000160,0.000480,558.067810,551.009583,542.623840,520.800049,565.821960,466.122131
1699146568348480,48.000000,0.373800,0.911518,0.171487,0.000000,-0.000500,0.000130,-0.000500,0.000140,0.000640,326.134125,397.876282,373.943359,441.098450,453.788605,381.075806
1699146568417920,82.000000,0.374097,0.892722,0.251194,-0.000050,-0.000540,0.000080,-0.000490,0.000140,0.000630,482.119171,493.325714,327.223419,475.977051,457.379120,253.103928
1699146568536960,170.000000,-0.060660,0.980396,0.187470,0.000150,-0.000490,-0.000010,-0.000640,-0.000160,0.000480,649.781067,646.976807,509.947754,638.606689,592.150024,540.101746
1699146568765120,33.000000,0.373800,0.911518,0.171487,0.000000,-0.000500,0.000130,-0.000500,0.000140,0.000640,272.712158,356.796844,353.421600,369.713867,395.776337,339.820129
1699146568963520,64.000000,0.374097,0.892722,0.251194,-0.000050,-0.000540,0.000080,-0.000490,0.000140,0.000630,484.904907,494.404205,354.109619,514.979065,396.760437,258.799042
1699146569003200,59.000000,-0.060660,0.980396,0.187470,0.000150,-0.000490,-0.000010,-0.000640,-0.000160,0.000480,432.858459,538.243286,453.736633,510.730682,458.389954,449.346252
1699146569152000,41.000000,0.377395,0.908966,0.177072,-0.000010,-0.000500,0.000130,-0.000500,0.000140,0.000640,358.472107,315.382507,426.691193,432.344788,453.827240,377.742706
1699146569449600,46.000000,-0.060660,0.980396,0.187470,0.000150,-0.000490,-0.000010,-0.000640,-0.000160,0.000480,428.576172,424.376892,365.746155,454.347992,433.947998,425.623993
1699146569538880,48.000000,0.371892,0.893057,0.253272,-0.000050,-0.000540,0.000080,-0.000490,0.000140,0.000620,387.501038,500.912537,408.491913,437.915161,386.778381,283.730743
1699146569578560,46.000000,0.377395,0.908966,0.177072,-0.000010,-0.000500,0.000130,-0.000500,0.000140,0.000640,368.746368,306.906189,328.197815,423.445923,497.010986,402.861786
1699146569965440,34.000000,0.376469,0.908433,0.181717,-0.000010,-0.000510,0.000130,-0.000500,0.000140,0.000640,371.555176,244.035309,337.839935,373.172180,327.956573,306.429474
1699146570163840,61.000000,0.371892,0.893057,0.253272,-0.000050,-0.000540,0.000080,-0.000490,0.000140,0.000620,364.347656,421.976196,400.149414,401.705139,380.950684,269.796539
1699146570382080,37.000000,0.377395,0.908966,0.177072,-0.000010,-0.000500,0.000130,-0.000500,0.000140,0.000640,370.749329,246.905121,322.284668,226.945587,349.812073,284.728271
1699146570471360,76.000000,-0.400004,-0.829199,-0.390417,0.000150,0.004890,-0.000010,0.001180,-0.000160,-0.004900,372.787231,108.620728,320.359253,104.992203,359.857635,97.777588
1699146570679680,61.000000,0.371892,0.893057,0.253272,-0.000050,-0.000540,0.000080,-0.000490,0.000140,0.000620,310.440216,399.106567,437.425995,370.898590,343.054169,332.399750
1699146570788800,54.000000,0.377395,0.908966,0.177072,-0.000010,-0.000500,0.000130,-0.000500,0.000140,0.000640,351.050385,207.605988,294.371368,272.135406,361.359436,304.480194
1699146570947520,85.000000,-0.060660,0.980396,0.187470,0.000150,-0.000490,-0.000010,-0.000640,-0.000160,0.000480,408.458282,394.469666,378.020264,381.505219,398.883484,294.557068
1699146571185600,39.000000,0.541912,0.391538,-0.743659,-0.000010,-0.000530,0.004590,-0.000500,0.000140,0.000160,262.550537,197.455231,112.320763,129.089325,112.746078,110.436272
1699146571205440,58.000000,0.371892,0.893057,0.253272,-0.000050,-0.000540,0.000080,-0.000490,0.000140,0.000620,385.886353,491.043823,503.489746,444.661804,388.443359,364.786255
1699146571403840,74.000000,-0.060660,0.980396,0.187470,0.000150,-0.000490,-0.000010,-0.000640,-0.000160,0.000480,467.914978,435.173157,441.601746,490.242065,475.993652,449.970337
1699146571741120,58.000000,0.375312,0.890049,0.258752,-0.000060,-0.000540,0.000080,-0.000490,0.000140,0.000620,300.157227,350.373474,432.729126,395.808228,343.084595,283.388855
1699146571909760,77.000000,-0.060660,0.980396,0.187470,0.000150,-0.000490,-0.000010,-0.000640,-0.000160,0.000480,643.057312,556.508179,612.867065,597.531311,613.683533,601.016968
1699146571959360,44.000000,0.376469,0.908433,0.181717,-0.000010,-0.000510,0.000130,-0.000500,0.000140,0.000640,407.271881,297.482727,337.059174,252.078552,316.150360,350.610535
1699146572366080,68.000000,0.380972,0.906366,0.182648,-0.000010,-0.000510,0.000130,-0.000490,0.000140,0.000640,608.401611,390.490082,512.944153,411.109802,450.076111,524.171204
1699146572376000,56.000000,0.375312,0.890049,0.258752,-0.000060,-0.000540,0.000080,-0.000490,0.000140,0.000620,295.504211,403.542053,469.934509,384.561707,386.159637,355.414642
1699146572475200,536.000000,-0.060660,0.980396,0.187470,0.000150,-0.000490,-0.000010,-0.000640,-0.000160,0.000480,792.446533,718.084961,789.812744,789.215576,782.545776,713.984070
1699146572762880,75.000000,-0.763006,0.571043,0.302871,-0.000010,-0.001510,0.000130,-0.004210,0.000140,-0.003200,544.432251,114.460091,534.659668,113.188225,413.895844,101.354370
1699146572891840,63.000000,0.375312,0.890049,0.258752,-0.000060,-0.000540,0.000080,-0.000490,0.000140,0.000620,320.261810,383.281250,476.709473,452.355133,364.868805,299.512054
1699146573000960,410.000000,-0.060660,0.980396,0.187470,0.000150,-0.000490,-0.000010,-0.000640,-0.000160,0.000480,825.243530,673.922241,872.664673,747.390869,873.817383,668.042480
1699146573169600,96.000000,0.380972,0.906366,0.182648,-0.000010,-0.000510,0.000130,-0.000490,0.000140,0.000640,546.420837,377.159576,505.735352,477.931335,400.793243,538.740479
1699146573407680,105.000000,0.375312,0.890049,0.258752,-0.000060,-0.000540,0.000080,-0.000490,0.000140,0.000620,263.360840,495.689972,463.255096,465.737457,284.199432,384.777710
1699146573516800,287.000000,-0.060660,0.980396,0.187470,0.000150,-0.000490,-0.000010,-0.000640,-0.000160,0.000480,824.050781,648.128845,846.161194,688.761414,839.148682,628.486389
1699146573576320,151.000000,0.380972,0.906366,0.182648,-0.000010,-0.000510,0.000130,-0.000490,0.000140,0.000640,560.376770,436.974121,560.724487,562.907837,401.912720,637.938477
1699146573943360,96.000000,0.375312,0.890049,0.258752,-0.000060,-0.000540,0.000080,-0.000490,0.000140,0.000620,453.506531,385.247131,569.825500,408.337921,415.278717,414.853790
1699146573983040,144.000000,0.387571,0.903707,0.181940,-0.000010,-0.000510,0.000130,-0.000490,0.000150,0.000640,558.140381,442.127563,581.543091,586.962830,489.736664,642.013855
1699146573992960,178.000000,-0.060660,0.980396,0.187470,0.000150,-0.000490,-0.000010,-0.000640,-0.000160,0.000480,695.589783,651.019409,749.188721,776.276733,747.903442,668.616028
1699146574399680,132.000000,0.387571,0.903707,0.181940,-0.000010,-0.000510,0.000130,-0.000490,0.000150,0.000640,512.590393,436.091980,579.818726,591.436340,465.311646,620.795593
1699146574449280,266.000000,-0.480129,-0.285479,0.829444,0.000150,-0.004480,-0.000010,0.000690,-0.000160,-0.004190,734.345703,109.637604,771.508850,112.680557,750.204956,90.965523
1699146574459200,38.000000,0.239266,-0.276739,0.930681,-0.000660,-0.000100,-0.000010,0.000000,-0.000160,-0.000030,105.631241,180.052582,176.380554,203.852448,130.951599,190.991104
1699146574518720,137.000000,0.375312,0.890049,0.258752,-0.000060,-0.000540,0.000080,-0.000490,0.000140,0.000620,499.184814,409.342651,575.217468,402.404144,402.811035,483.028534
1699146574846080,139.000000,0.387571,0.903707,0.181940,-0.000010,-0.000510,0.000130,-0.000490,0.000150,0.000640,431.053802,477.471130,531.881470,601.526489,526.713379,617.872864
1699146575044480,82.000000,0.006500,0.984812,0.173505,0.000150,-0.000500,-0.000010,-0.000640,-0.000160,0.000620,251.407761,214.494659,341.892578,298.465698,276.705780,370.848907
1699146575441280,115.000000,0.391111,0.901043,0.187492,-0.000020,-0.000510,0.000130,-0.000490,0.000150,0.000640,345.976990,475.336975,556.391785,551.519653,488.441345,579.270081
1699146575520640,80.000000,-0.060660,0.980396,0.187470,0.000150,-0.000490,-0.000010,-0.000640,-0.000160,0.000480,419.041626,325.101562,393.494568,491.393280,423.566498,447.683472
1699146575560320,89.000000,0.367599,0.891814,0.263701,-0.000060,-0.000550,0.000080,-0.000490,0.000130,0.000620,497.420227,293.222839,461.231110,467.922180,277.862213,490.372833
1699146575957120,67.000000,0.391111,0.901043,0.187492,-0.000020,-0.000510,0.000130,-0.000490,0.000150,0.000640,376.450806,481.318420,403.336395,409.218323,399.062134,476.586029
1699146576096000,163.000000,0.375312,0.890049,0.258752,-0.000060,-0.000540,0.000080,-0.000490,0.000140,0.000620,687.422607,405.578552,632.706543,533.539490,464.318970,579.526428
1699146576105920,236.000000,0.715156,0.489634,0.498808,0.000150,-0.005460,-0.000010,0.003970,-0.000160,0.005450,562.254639,126.367294,780.382507,108.010941,669.589233,111.216866
1699146576115840,51.000000,-0.006885,0.994993,0.099704,0.000320,-0.000360,-0.000010,0.000250,-0.000160,0.000280,107.134872,186.128189,255.113037,125.356956,129.768417,129.593277
1699146576453120,82.000000,0.391111,0.901043,0.187492,-0.000020,-0.000510,0.000130,-0.000490,0.000150,0.000640,392.315430,416.539978,355.013519,476.349274,434.649750,450.100220
1699146576592000,151.000000,-0.060660,0.980396,0.187470,0.000150,-0.000490,-0.000010,-0.000640,-0.000160,0.000480,356.419525,394.094299,452.222961,587.209290,417.215393,426.800690
1699146576949120,136.000000,0.391111,0.901043,0.187492,-0.000020,-0.000510,0.000130,-0.000490,0.000150,0.000640,541.458862,518.514465,531.508972,615.450195,563.823425,580.873413
1699146577028480,342.000000,-0.060660,0.980396,0.187470,0.000150,-0.000490,-0.000010,-0.000640,-0.000160,0.000480,690.348083,571.558228,803.359985,810.219482,800.995117,736.916077
1699146577167360,140.000000,0.367599,0.891814,0.263701,-0.000060,-0.000550,0.000080,-0.000490,0.000130,0.000620,667.922974,377.110596,457.529266,483.960144,361.979645,676.274414
1699146577623680,105.000000,0.391111,0.901043,0.187492,-0.000020,-0.000510,0.000130,-0.000490,0.000150,0.000640,463.645142,445.142334,519.920715,478.903564,514.365845,478.335327
1699146577683200,139.000000,0.364312,0.891292,0.269954,-0.000060,-0.000550,0.000070,-0.000490,0.000130,0.000620,636.237427,557.411499,396.339050,588.365112,414.670807,694.661926
1699146577703040,85.000000,-0.060660,0.980396,0.187470,0.000150,-0.000490,-0.000010,-0.000640,-0.000160,0.000480,437.932343,381.807983,461.558167,520.726685,484.609436,498.321960
1699146578070080,51.000000,0.368122,0.908898,0.195937,-0.000020,-0.000510,0.000120,-0.000500,0.000130,0.000630,262.888947,245.471252,292.133636,259.011475,259.889679,227.250839
1699146578159360,69.000000,-0.047426,-0.659990,-0.749776,-0.000020,0.002660,0.000130,0.000270,0.000150,-0.000120,370.327209,98.577759,348.599762,118.608391,350.041565,104.226936
1699146578179200,182.000000,0.364312,0.891292,0.269954,-0.000060,-0.000550,0.000070,-0.000490,0.000130,0.000620,645.456665,450.278717,342.238403,435.551117,320.052582,622.924988
1699146578228800,73.000000,-0.060660,0.980396,0.187470,0.000150,-0.000490,-0.000010,-0.000640,-0.000160,0.000480,465.095978,372.981293,472.306458,543.223999,568.138550,545.262878
1699146578536320,42.000000,0.367205,0.908276,0.200487,-0.000020,-0.000520,0.000120,-0.000500,0.000130,0.000630,286.438293,247.224319,231.306549,298.481018,263.481720,299.852356
1699146578704960,57.000000,-0.060660,0.980396,0.187470,0.000150,-0.000490,-0.000010,-0.000640,-0.000160,0.000480,299.186462,297.784485,438.456635,486.259399,477.955139,448.984161
1699146578714880,77.000000,0.333743,0.897280,0.288971,-0.000060,-0.000590,0.000070,-0.000490,0.000090,0.000620,366.903687,202.416351,244.006439,435.097595,212.281723,358.234406
1699146579022400,50.000000,0.368122,0.908898,0.195937,-0.000020,-0.000510,0.000120,-0.000500,0.000130,0.000630,203.540634,231.763107,320.934082,361.025391,268.930603,343.350342
1699146579191040,88.000000,-0.059309,0.979573,0.192143,0.000150,-0.000500,-0.000010,-0.000640,-0.000160,0.000480,245.731781,220.252121,295.287933,392.815552,410.470276,393.238464
1699146579220800,70.000000,0.364312,0.891292,0.269954,-0.000060,-0.000550,0.000070,-0.000490,0.000130,0.000620,507.383301,418.293884,376.780426,377.921814,318.544006,573.641052
1699146579498560,61.000000,0.367205,0.908276,0.200487,-0.000020,-0.000520,0.000120,-0.000500,0.000130,0.000630,307.806610,254.538101,363.036804,377.686401,300.599670,412.626282
1699146579677120,86.000000,-0.059309,0.979573,0.192143,0.000150,-0.000500,-0.000010,-0.000640,-0.000160,0.000480,307.047455,326.620239,306.395905,427.708130,432.787537,377.747314
1699146579825920,86.000000,0.364312,0.891292,0.269954,-0.000060,-0.000550,0.000070,-0.000490,0.000130,0.000620,624.177185,569.573364,488.282043,456.240845,413.166748,627.354004
1699146579944960,74.000000,0.367205,0.908276,0.200487,-0.000020,-0.000520,0.000120,-0.000500,0.000130,0.000630,362.745056,296.973511,382.204620,409.908997,352.751068,422.170044
1699146580153280,66.000000,-0.059309,0.979573,0.192143,0.000150,-0.000500,-0.000010,-0.000640,-0.000160,0.000480,253.310181,226.496002,268.543945,397.103363,377.598389,345.845093
1699146580331840,151.000000,0.364312,0.891292,0.269954,-0.000060,-0.000550,0.000070,-0.000490,0.000130,0.000620,572.841919,638.969604,626.711670,507.377106,483.954132,634.824219
1699146580391360,78.000000,0.367205,0.908276,0.200487,-0.000020,-0.000520,0.000120,-0.000500,0.000130,0.000630,348.017853,256.294373,325.163452,438.436188,324.923462,401.627838
1699146580599680,48.000000,-0.257376,-0.843223,-0.471946,0.000140,0.002900,-0.000020,0.001260,-0.000160,-0.001560,266.890747,113.691544,196.191620,108.170364,354.187653,102.985352
1699146580817920,81.000000,0.374811,0.906314,0.195223,-0.000020,-0.000510,0.000120,-0.000500,0.000140,0.000630,395.003326,329.244080,379.264221,369.776855,250.618927,407.184204
1699146580946880,67.000000,0.364312,0.891292,0.269954,-0.000060,-0.000550,0.000070,-0.000490,0.000130,0.000620,451.941101,347.929871,516.940857,280.519592,334.007263,341.004364
1699146581036160,57.000000,-0.048389,0.981361,0.185983,0.000140,-0.000500,0.000010,-0.000640,-0.000160,0.000480,273.655182,307.992401,165.569244,436.963501,394.200867,375.690765
1699146581442880,52.000000,0.364312,0.891292,0.269954,-0.000060,-0.000550,0.000070,-0.000490,0.000130,0.000620,414.884949,483.207642,498.942352,369.801819,359.139221,454.262329
1699146581552000,89.000000,-0.055801,0.978592,0.198101,0.000140,-0.000500,-0.000010,-0.000640,-0.000160,0.000480,197.386703,348.806732,217.989014,403.500916,426.668030,358.632050
1699146582008320,62.000000,-0.059504,0.977131,0.204145,0.000140,-0.000500,-0.000020,-0.000640,-0.000160,0.000480,339.561707,319.696777,240.270309,551.980835,503.845398,470.061462
1699146582038080,61.000000,0.364312,0.891292,0.269954,-0.000060,-0.000550,0.000070,-0.000490,0.000130,0.000620,429.496460,552.672363,545.756775,432.100861,469.725830,541.772400
1699146582444800,93.000000,-0.059504,0.977131,0.204145,0.000140,-0.000500,-0.000020,-0.000640,-0.000160,0.000480,314.422211,359.181519,265.550049,432.158020,476.900146,433.699310
1699146582524160,77.000000,0.364312,0.891292,0.269954,-0.000060,-0.000550,0.000070,-0.000490,0.000130,0.000620,314.295349,585.729858,566.130493,307.943481,398.474884,549.820618
1699146582891200,112.000000,-0.059504,0.977131,0.204145,0.000140,-0.000500,-0.000020,-0.000640,-0.000160,0.000480,392.444244,389.749481,274.838562,504.904205,477.541565,481.146545
1699146583030080,60.000000,0.372133,0.885950,0.276783,-0.000070,-0.000550,0.000070,-0.000480,0.000130,0.000620,299.351898,451.464264,466.284332,260.541656,382.049805,376.961151
1699146583307840,62.000000,0.391583,0.898296,0.199317,-0.000030,-0.000510,0.000120,-0.000490,0.000150,0.000640,351.584961,309.382080,306.330292,315.689697,297.997681,357.304474
1699146583526080,66.000000,0.367698,0.888233,0.275389,-0.000070,-0.000550,0.000070,-0.000490,0.000130,0.000620,374.942139,550.627136,523.886780,304.001343,409.658173,512.750732
1699146583545920,58.000000,-0.059504,0.977131,0.204145,0.000140,-0.000500,-0.000020,-0.000640,-0.000160,0.000480,406.603363,418.261444,368.146301,418.753601,406.561615,451.145630
1699146583764160,42.000000,0.394632,0.898334,0.193035,-0.000030,-0.000510,0.000130,-0.000490,0.000150,0.000640,285.932129,300.931641,274.172272,225.579346,258.655853,326.583374
1699146583962560,62.000000,0.373862,0.905714,0.199771,-0.000020,-0.000520,0.000120,-0.000500,0.000140,0.000630,370.253723,311.510773,320.292908,286.340057,315.941193,338.111786
1699146584051840,91.000000,-0.059504,0.977131,0.204145,0.000140,-0.000500,-0.000020,-0.000640,-0.000160,0.000480,575.531494,628.254150,565.871521,644.364868,648.016052,644.961853
1699146584170880,54.000000,0.367698,0.888233,0.275389,-0.000070,-0.000550,0.000070,-0.000490,0.000130,0.000620,375.708191,454.169678,403.210022,361.658997,479.574768,503.164856
1699146584240320,80.000000,0.391583,0.898296,0.199317,-0.000030,-0.000510,0.000120,-0.000490,0.000150,0.000640,408.381775,290.428528,310.384033,291.791687,340.976257,328.474640
1699146584478400,58.000000,0.373862,0.905714,0.199771,-0.000020,-0.000520,0.000120,-0.000500,0.000140,0.000630,450.157227,277.782104,362.947968,305.883423,349.093536,351.279114
1699146584508160,84.000000,-0.059504,0.977131,0.204145,0.000140,-0.000500,-0.000020,-0.000640,-0.000160,0.000480,383.760834,413.357788,394.978424,543.718201,573.991882,544.090820
1699146584676800,73.000000,0.367698,0.888233,0.275389,-0.000070,-0.000550,0.000070,-0.000490,0.000130,0.000620,465.943237,529.709717,398.820312,339.511658,479.984039,538.671875
1699146584746240,47.000000,0.396145,0.896069,0.200324,-0.000030,-0.000510,0.000120,-0.000480,0.000150,0.000640,353.565857,312.065765,264.359619,251.810013,280.161011,309.790833
1699146584954560,101.000000,-0.059504,0.977131,0.204145,0.000140,-0.000500,-0.000020,-0.000640,-0.000160,0.000480,461.218628,499.994354,496.742523,557.305359,589.689636,611.702881
1699146585033920,62.000000,0.373862,0.905714,0.199771,-0.000020,-0.000520,0.000120,-0.000500,0.000140,0.000630,454.378479,353.665741,423.553162,347.810730,400.177155,409.155334
1699146585202560,71.000000,0.390548,0.897734,0.203827,-0.000030,-0.000520,0.000120,-0.000490,0.000150,0.000640,355.520599,278.600800,303.691376,281.691681,327.253204,407.283386
1699146585212480,59.000000,0.364383,0.887641,0.281637,-0.000070,-0.000550,0.000060,-0.000490,0.000130,0.000620,422.884766,458.265869,306.822052,304.394653,471.201263,469.176361
1699146585391040,106.000000,-0.059504,0.977131,0.204145,0.000140,-0.000500,-0.000020,-0.000640,-0.000160,0.000480,502.029938,496.578369,466.075287,618.328918,651.837646,626.210815
1699146585569600,73.000000,0.373862,0.905714,0.199771,-0.000020,-0.000520,0.000120,-0.000500,0.000140,0.000630,537.572388,400.875519,449.681549,398.611023,436.417603,457.977264
1699146585698560,56.000000,0.395079,0.895516,0.204851,-0.000030,-0.000520,0.000120,-0.000480,0.000150,0.000640,392.806519,242.660828,284.457184,274.012207,402.292419,426.607025
1699146585867200,93.000000,-0.059504,0.977131,0.204145,0.000140,-0.000500,-0.000020,-0.000640,-0.000160,0.000480,437.460236,555.727295,511.095520,551.486755,562.417969,561.660461
1699146585887040,79.000000,0.368807,0.885356,0.283066,-0.000070,-0.000550,0.000060,-0.000480,0.000130,0.000620,527.032471,423.769897,400.349670,283.995361,523.167297,430.879120
1699146586184640,65.000000,0.373862,0.905714,0.199771,-0.000020,-0.000520,0.000120,-0.000500,0.000140,0.000630,424.540222,377.013336,423.942535,321.852905,450.533386,375.320984
1699146586264000,44.000000,0.395079,0.895516,0.204851,-0.000030,-0.000520,0.000120,-0.000480,0.000150,0.000640,262.602448,222.063431,265.009186,232.421936,295.483765,268.600311
1699146586353280,107.000000,-0.059504,0.977131,0.204145,0.000140,-0.000500,-0.000020,-0.000640,-0.000160,0.000480,461.165009,566.026245,534.098877,560.104065,580.410889,618.426575
1699146586412800,85.000000,0.979191,-0.143593,-0.143407,-0.000070,0.000320,0.000060,0.002420,0.000130,0.002690,543.485962,91.913010,405.382446,94.126358,435.485718,103.590500
1699146586680640,42.000000,0.378361,0.903617,0.200797,-0.000020,-0.000520,0.000120,-0.000490,0.000140,0.000630,508.165100,359.762146,457.719177,308.851410,501.587891,445.205414
1699146586799680,117.000000,-0.059504,0.977131,0.204145,0.000140,-0.000500,-0.000020,-0.000640,-0.000160,0.000480,457.057404,514.491699,558.854492,634.368347,595.467773,638.315430
1699146586938560,125.000000,0.364383,0.887641,0.281637,-0.000070,-0.000550,0.000060,-0.000490,0.000130,0.000620,644.323242,409.902863,580.344482,375.445740,618.463806,523.775269
1699146587156800,86.000000,0.339585,0.911485,0.232114,-0.000020,-0.000520,0.000120,-0.000490,0.000140,0.000470,436.816986,318.871582,241.393692,288.546875,242.521774,161.530594
1699146587226240,88.000000,-0.059504,0.977131,0.204145,0.000140,-0.000500,-0.000020,-0.000640,-0.000160,0.000480,557.737366,606.004639,603.520752,618.236389,609.684753,684.756348
1699146587454400,187.000000,0.368807,0.885356,0.283066,-0.000070,-0.000550,0.000060,-0.000480,0.000130,0.000620,755.580811,413.579773,687.406006,378.540588,696.843872,370.091431
1699146587632960,70.000000,0.373862,0.905714,0.199771,-0.000020,-0.000520,0.000120,-0.000500,0.000140,0.000630,447.594147,361.801605,372.516663,271.144958,388.342865,420.567932
1699146587662720,115.000000,-0.059504,0.977131,0.204145,0.000140,-0.000500,-0.000020,-0.000640,-0.000160,0.000480,497.699188,600.364685,636.699219,628.297363,593.415894,643.345276
1699146587990080,125.000000,0.368807,0.885356,0.283066,-0.000070,-0.000550,0.000060,-0.000480,0.000130,0.000620,709.073120,398.948120,666.382935,430.217712,667.722290,383.525574
1699146588198400,47.000000,0.378361,0.903617,0.200797,-0.000020,-0.000520,0.000120,-0.000490,0.000140,0.000630,385.439636,314.255188,295.104309,279.341431,378.723419,330.936523
1699146588257920,122.000000,-0.059504,0.977131,0.204145,0.000140,-0.000500,-0.000020,-0.000640,-0.000160,0.000480,587.633423,705.683533,702.129883,696.668579,701.260132,739.331238
1699146588505920,147.000000,0.363350,0.886795,0.285607,-0.000070,-0.000560,0.000060,-0.000490,0.000130,0.000620,701.390442,556.538635,752.147766,437.572601,696.609680,563.638245
1699146588535680,51.000000,0.395079,0.895516,0.204851,-0.000030,-0.000520,0.000120,-0.000480,0.000150,0.000640,237.520630,263.131012,245.355652,192.606720,218.949341,257.563110
1699146588714240,111.000000,-0.059504,0.977131,0.204145,0.000140,-0.000500,-0.000020,-0.000640,-0.000160,0.000480,518.505005,633.448242,695.678650,699.875305,639.595703,694.127625
1699146588724160,58.000000,0.378361,0.903617,0.200797,-0.000020,-0.000520,0.000120,-0.000490,0.000140,0.000630,336.138947,313.620453,345.262756,201.177048,366.960907,256.868134
1699146589051520,60.000000,0.398554,0.892692,0.210372,-0.000040,-0.000520,0.000120,-0.000480,0.000150,0.000640,157.272980,309.898865,260.982727,264.001282,271.998138,211.313370
1699146589101120,77.000000,0.367743,0.884516,0.287047,-0.000070,-0.000560,0.000060,-0.000480,0.000130,0.000620,622.314697,434.837646,629.176636,378.658600,641.272217,350.648804
1699146589150720,173.000000,-0.059504,0.977131,0.204145,0.000140,-0.000500,-0.000020,-0.000640,-0.000160,0.000480,427.119232,503.957520,656.524048,650.056030,571.146606,607.944275
1699146589230080,52.000000,0.378361,0.903617,0.200797,-0.000020,-0.000520,0.000120,-0.000490,0.000140,0.000630,285.585693,271.111053,296.146423,241.895493,335.421265,269.573456
1699146589597120,161.000000,-0.059504,0.977131,0.204145,0.000140,-0.000500,-0.000020,-0.000640,-0.000160,0.000480,455.494080,562.681458,666.269287,694.408813,588.645020,721.074646
1699146589706240,190.000000,0.363350,0.886795,0.285607,-0.000070,-0.000560,0.000060,-0.000490,0.000130,0.000620,620.204224,650.598816,714.464661,408.243073,729.557495,473.580566
1699146589874880,47.000000,0.378361,0.903617,0.200797,-0.000020,-0.000520,0.000120,-0.000490,0.000140,0.000630,194.861725,252.128418,210.319687,164.328201,315.708527,220.740234
1699146590013760,233.000000,-0.063007,0.978138,0.198182,0.000150,-0.000500,-0.000020,-0.000640,-0.000160,0.000480,465.225464,651.584229,773.463928,784.082520,632.069031,761.679871
1699146590222080,204.000000,0.365455,0.884716,0.289346,-0.000070,-0.000560,0.000060,-0.000480,0.000130,0.000610,367.372192,512.806641,450.054108,487.517792,530.534119,267.620697
1699146590480000,219.000000,-0.059504,0.977131,0.204145,0.000140,-0.000500,-0.000020,-0.000640,-0.000160,0.000480,465.508789,647.646301,733.615601,807.200073,659.129517,812.862976
1699146590708160,99.000000,0.398554,0.892692,0.210372,-0.000040,-0.000520,0.000120,-0.000480,0.000150,0.000640,496.141785,596.606750,508.179321,520.497070,430.377502,455.691742
1699146590747840,110.000000,0.363350,0.886795,0.285607,-0.000070,-0.000560,0.000060,-0.000490,0.000130,0.000620,486.003571,615.471313,488.214722,331.785797,646.420654,334.375519
1699146590926400,201.000000,-0.063007,0.978138,0.198182,0.000150,-0.000500,-0.000020,-0.000640,-0.000160,0.000480,547.866638,312.167114,721.731506,332.731873,494.935608,341.496429
1699146591303360,85.000000,0.365434,0.880815,0.301037,-0.000080,-0.000560,0.000050,-0.000480,0.000130,0.000610,382.982544,680.006348,349.532990,448.579315,651.408081,493.141388
1699146591352960,35.000000,0.398554,0.892692,0.210372,-0.000040,-0.000520,0.000120,-0.000480,0.000150,0.000640,415.694153,467.889832,377.919769,379.490845,311.738831,351.530304
1699146591362880,153.000000,-0.063007,0.978138,0.198182,0.000150,-0.000500,-0.000020,-0.000640,-0.000160,0.000480,571.189941,494.103394,702.149780,714.134033,477.719238,669.647949
1699146591491840,79.000000,0.378361,0.903617,0.200797,-0.000020,-0.000520,0.000120,-0.000490,0.000140,0.000630,341.938782,292.000122,297.784973,383.045135,413.037720,302.463501
1699146591819200,103.000000,0.365434,0.880815,0.301037,-0.000080,-0.000560,0.000050,-0.000480,0.000130,0.000610,368.592834,589.849182,349.456970,439.978149,654.533508,446.344269
1699146591829120,124.000000,-0.063007,0.978138,0.198182,0.000150,-0.000500,-0.000020,-0.000640,-0.000160,0.000480,408.940552,532.311646,591.639648,573.032349,459.906799,620.749756
1699146591888640,44.000000,0.398554,0.892692,0.210372,-0.000040,-0.000520,0.000120,-0.000480,0.000150,0.000640,435.092712,490.391327,328.778137,434.655396,304.715393,360.669861
1699146592176320,89.000000,0.378361,0.903617,0.200797,-0.000020,-0.000520,0.000120,-0.000490,0.000140,0.000630,374.212646,487.646454,409.713959,425.586426,498.064331,365.301483
1699146592245760,76.000000,-0.063007,0.978138,0.198182,0.000150,-0.000500,-0.000020,-0.000640,-0.000160,0.000480,452.426575,361.682892,557.950134,601.691650,391.278015,507.610016
1699146592364800,122.000000,0.365434,0.880815,0.301037,-0.000080,-0.000560,0.000050,-0.000480,0.000130,0.000610,410.139587,628.254883,471.183624,405.639465,595.046265,467.816223
1699146592424320,35.000000,0.395469,0.892558,0.216668,-0.000040,-0.000520,0.000110,-0.000480,0.000150,0.000640,311.668945,350.864258,203.721008,374.808167,261.543365,242.044891
1699146592652480,108.000000,-0.060301,0.976417,0.207300,0.000150,-0.000520,-0.000020,-0.000640,-0.000160,0.000480,319.972656,278.826904,401.878876,342.436371,319.488403,484.989624
1699146593039360,86.000000,0.365434,0.880815,0.301037,-0.000080,-0.000560,0.000050,-0.000480,0.000130,0.000610,390.757263,599.304626,481.318726,396.727478,519.426270,486.933350
1699146593049280,119.000000,-0.070185,0.977635,0.198253,0.000150,-0.000500,-0.000020,-0.000640,-0.000170,0.000480,536.348877,454.129700,659.754761,566.640991,421.636932,520.203430
1699146593267520,43.000000,0.378361,0.903617,0.200797,-0.000020,-0.000520,0.000120,-0.000490,0.000140,0.000630,214.046524,309.613983,296.528748,236.950546,295.052612,234.904678
1699146593426240,150.000000,-0.493337,-0.307759,0.813574,0.000150,-0.004690,-0.000020,0.000720,-0.000170,-0.004560,487.561493,87.215096,635.796143,120.530807,443.334839,119.185104
1699146593565120,35.000000,0.395469,0.892558,0.216668,-0.000040,-0.000520,0.000110,-0.000480,0.000150,0.000640,389.874176,390.152100,326.182648,369.913208,274.424957,244.033127
1699146593604800,77.000000,0.365434,0.880815,0.301037,-0.000080,-0.000560,0.000050,-0.000480,0.000130,0.000610,405.632080,471.970581,442.776215,314.526337,453.492432,379.176025
1699146593803200,149.000000,-0.071591,0.978461,0.193622,0.000150,-0.000490,-0.000020,-0.000640,-0.000170,0.000480,536.961914,408.080383,594.540039,603.785156,455.805695,420.580231
1699146594120640,35.000000,0.395469,0.892558,0.216668,-0.000040,-0.000520,0.000110,-0.000480,0.000150,0.000640,348.213013,322.077454,313.071716,389.836548,200.006531,284.520782
1699146594676160,41.000000,0.402006,0.889824,0.215880,-0.000040,-0.000520,0.000110,-0.000480,0.000160,0.000640,214.745972,242.334259,311.346405,316.932526,231.967682,189.167740
1699146595281280,29.000000,0.402006,0.889824,0.215880,-0.000040,-0.000520,0.000110,-0.000480,0.000160,0.000640,248.587723,148.809998,269.893707,251.397812,237.316467,195.047379
1699146595906240,51.000000,0.405436,0.886913,0.221373,-0.000050,-0.000520,0.000110,-0.000480,0.000160,0.000640,217.484955,304.680725,371.224243,378.666260,286.265350,257.729980
1699146596432000,62.000000,0.405436,0.886913,0.221373,-0.000050,-0.000520,0.000110,-0.000480,0.000160,0.000640,299.705536,278.099884,436.349304,487.510559,340.421387,280.410889
1699146597096640,40.000000,0.404293,0.886334,0.225742,-0.000050,-0.000530,0.000110,-0.000480,0.000160,0.000640,283.791168,270.250061,388.323364,326.146912,331.905579,297.412689
1699146597662080,30.000000,0.402344,0.886728,0.227669,-0.000050,-0.000530,0.000110,-0.000480,0.000160,0.000630,182.758209,254.312836,274.686829,243.401596,181.831543,206.760376
1699146598187840,50.000000,-0.075297,0.976966,0.199671,0.000150,-0.000500,-0.000020,-0.000640,-0.000170,0.000470,384.575317,462.640900,320.228516,343.454620,551.388306,432.941925
1699146598306880,74.000000,0.402344,0.886728,0.227669,-0.000050,-0.000530,0.000110,-0.000480,0.000160,0.000630,520.645630,461.214539,410.795502,512.046204,315.343597,306.643738
1699146598574720,62.000000,-0.078999,0.975419,0.205708,0.000150,-0.000500,-0.000030,-0.000640,-0.000170,0.000470,359.526794,540.574463,421.320587,433.326355,503.972900,514.560669
1699146598822720,76.000000,0.063115,-0.993276,-0.097048,-0.000050,0.000640,0.000110,0.003430,0.000160,-0.001610,557.642578,105.218018,539.850159,118.208282,412.226166,96.111420
1699146599001280,58.000000,-0.078999,0.975419,0.205708,0.000150,-0.000500,-0.000030,-0.000640,-0.000170,0.000470,238.970840,326.942108,329.413177,372.006287,422.677216,397.803497
1699146599398080,101.000000,0.402344,0.886728,0.227669,-0.000050,-0.000530,0.000110,-0.000480,0.000160,0.000630,501.658997,508.267975,481.079742,487.463867,519.914917,330.447937
1699146599477440,52.000000,-0.075512,0.974412,0.211705,0.000140,-0.000500,-0.000030,-0.000640,-0.000170,0.000470,232.489838,491.799805,421.985626,397.350220,437.691833,529.379272
1699146599864320,82.000000,0.404293,0.886334,0.225742,-0.000050,-0.000530,0.000110,-0.000480,0.000160,0.000640,570.127075,525.844238,446.188049,479.294281,456.043457,350.016083
1699146599973440,80.000000,-0.078999,0.975419,0.205708,0.000150,-0.000500,-0.000030,-0.000640,-0.000170,0.000470,282.930298,518.065552,546.370789,338.105103,363.706665,567.337219
1699146600479360,78.000000,-0.086163,0.974806,0.205742,0.000150,-0.000500,-0.000030,-0.000640,-0.000180,0.000470,265.082306,474.415222,472.247681,240.408081,242.098297,521.857727
1699146600548800,60.000000,0.404293,0.886334,0.225742,-0.000050,-0.000530,0.000110,-0.000480,0.000160,0.000640,438.139526,411.594727,293.819611,397.294617,360.513916,242.423080
1699146601094400,62.000000,-0.075512,0.974412,0.211705,0.000140,-0.000500,-0.000030,-0.000640,-0.000170,0.000470,358.383301,548.612244,523.952759,453.511932,349.967529,539.942139
1699146601134080,53.000000,0.402344,0.886728,0.227669,-0.000050,-0.000530,0.000110,-0.000480,0.000160,0.000630,391.433960,427.100861,278.911072,318.487000,375.435394,283.701141
1699146601620160,37.000000,-0.075512,0.974412,0.211705,0.000140,-0.000500,-0.000030,-0.000640,-0.000170,0.000470,337.167053,413.507080,441.588379,355.871765,232.721542,405.818237
1699146602136000,51.000000,-0.082696,0.973823,0.211733,0.000140,-0.000500,-0.000030,-0.000640,-0.000180,0.000470,253.746384,485.431213,415.036774,326.426880,281.536163,436.696259
1699146602651840,85.000000,-0.082696,0.973823,0.211733,0.000140,-0.000500,-0.000030,-0.000640,-0.000180,0.000470,223.577576,365.565247,370.785736,341.927002,328.109863,289.157867
1699146603197440,70.000000,-0.082696,0.973823,0.211733,0.000140,-0.000500,-0.000030,-0.000640,-0.000180,0.000470,189.661301,388.654541,307.192749,242.171265,317.394836,251.260101
1699146603752960,68.000000,-0.086163,0.974806,0.205742,0.000150,-0.000500,-0.000030,-0.000640,-0.000180,0.000470,254.223145,437.300354,321.861511,270.801270,443.271118,256.695953
1699146604397760,87.000000,0.351673,0.877506,0.326052,-0.000090,-0.000570,0.000030,-0.000480,0.000120,0.000600,321.982300,299.003235,405.886597,485.628998,299.309326,276.172363
1699146604417600,60.000000,-0.091366,0.974026,0.207184,0.000150,-0.000500,-0.000030,-0.000640,-0.000180,0.000460,255.998825,456.995361,241.978592,257.753601,386.073730,272.898376
1699146604943360,69.000000,0.360667,0.870776,0.334169,-0.000100,-0.000580,0.000030,-0.000480,0.000130,0.000600,304.744751,319.201477,428.859406,478.370117,243.299515,267.362244
1699146604953280,149.000000,-0.096972,0.972500,0.211757,0.000150,-0.000500,-0.000040,-0.000650,-0.000180,0.000460,402.990295,600.587402,301.066071,326.914062,597.983459,346.482422
1699146605449280,148.000000,-0.091597,0.971361,0.219245,0.000140,-0.000500,-0.000040,-0.000640,-0.000180,0.000460,400.125244,707.245483,522.551208,470.736450,648.166443,591.292664
1699146605568320,94.000000,0.360667,0.870776,0.334169,-0.000100,-0.000580,0.000030,-0.000480,0.000130,0.000600,389.410980,407.908936,392.882294,502.965729,327.192017,296.516388
1699146605935360,131.000000,-0.294188,0.939390,0.176066,0.000150,-0.000290,-0.000040,-0.000380,-0.000180,0.000200,321.706207,244.857895,551.899719,170.590546,599.503723,197.005798
1699146606104000,93.000000,0.353926,0.873197,0.335057,-0.000100,-0.000580,0.000030,-0.000480,0.000120,0.000600,448.146027,447.492676,385.225616,552.053101,358.311981,409.098541
1699146606451200,142.000000,-0.095068,0.972369,0.213216,0.000150,-0.000500,-0.000040,-0.000640,-0.000180,0.000460,331.079498,727.432739,673.005981,412.715576,543.729675,668.262939
1699146606639680,147.000000,0.353926,0.873197,0.335057,-0.000100,-0.000580,0.000030,-0.000480,0.000120,0.000600,648.502930,617.691711,512.008484,665.995239,414.336395,499.218353
1699146607006720,117.000000,-0.096972,0.972500,0.211757,0.000150,-0.000500,-0.000040,-0.000650,-0.000180,0.000460,407.877502,659.863342,561.100281,381.115784,432.861145,605.192627
1699146607165440,80.000000,0.353926,0.873197,0.335057,-0.000100,-0.000580,0.000030,-0.000480,0.000120,0.000600,640.266174,536.859619,368.499603,612.313904,433.725403,561.183411
1699146607611840,140.000000,-0.104061,0.971768,0.211752,0.000150,-0.000500,-0.000040,-0.000650,-0.000190,0.000460,468.811737,649.214417,582.175598,401.209290,349.406281,609.888245
1699146607711040,136.000000,0.350436,0.872212,0.341235,-0.000100,-0.000580,0.000020,-0.000480,0.000120,0.000600,662.960388,606.775269,370.696472,619.115417,363.741669,520.625793
1699146608187200,84.000000,-0.104061,0.971768,0.211752,0.000150,-0.000500,-0.000040,-0.000650,-0.000190,0.000460,392.018585,513.590942,494.180725,321.408325,334.521393,549.922485
1699146608207040,104.000000,0.350436,0.872212,0.341235,-0.000100,-0.000580,0.000020,-0.000480,0.000120,0.000600,609.348755,653.338745,433.370758,607.048828,424.928528,540.482361
1699146608445120,83.000000,0.407193,0.881073,0.240631,-0.000060,-0.000530,0.000100,-0.000470,0.000160,0.000630,492.183533,390.729126,483.615967,512.080078,472.886841,391.902161
1699146608693120,47.000000,-0.104061,0.971768,0.211752,0.000150,-0.000500,-0.000040,-0.000650,-0.000190,0.000460,399.678375,427.195312,458.201721,262.261841,356.891602,455.609192
1699146608712960,84.000000,0.350436,0.872212,0.341235,-0.000100,-0.000580,0.000020,-0.000480,0.000120,0.000600,536.320068,573.526245,468.289185,516.163452,377.395966,536.429443
1699146609089920,84.000000,0.405998,0.880446,0.244908,-0.000060,-0.000540,0.000100,-0.000470,0.000160,0.000630,307.185120,248.863251,420.968750,377.802979,396.272003,305.566803
1699146609179200,48.000000,-0.104061,0.971768,0.211752,0.000150,-0.000500,-0.000040,-0.000650,-0.000190,0.000460,416.738647,427.207062,431.952698,304.251343,362.325073,395.140930
1699146609268480,126.000000,0.350436,0.872212,0.341235,-0.000100,-0.000580,0.000020,-0.000480,0.000120,0.000600,429.887146,491.185089,508.903107,448.667877,323.161713,504.428680
1699146609685120,69.000000,-0.104061,0.971768,0.211752,0.000150,-0.000500,-0.000040,-0.000650,-0.000190,0.000460,392.235962,537.177124,474.101074,362.848328,443.783325,511.676941
1699146609704960,82.000000,0.409350,0.877358,0.250349,-0.000070,-0.000540,0.000100,-0.000470,0.000160,0.000630,277.959259,373.622375,445.945099,439.608032,425.707428,340.595398
1699146609774400,100.000000,0.350436,0.872212,0.341235,-0.000100,-0.000580,0.000020,-0.000480,0.000120,0.000600,385.423889,566.808716,556.407593,457.715851,304.661011,485.860901
1699146610181120,87.000000,-0.104061,0.971768,0.211752,0.000150,-0.000500,-0.000040,-0.000650,-0.000190,0.000460,487.617676,636.208862,548.954468,444.742310,516.353271,522.334839
1699146610240640,75.000000,0.407193,0.881073,0.240631,-0.000060,-0.000530,0.000100,-0.000470,0.000160,0.000630,284.618774,263.281708,382.673370,456.236877,450.032410,420.744507
1699146610320000,77.000000,0.350436,0.872212,0.341235,-0.000100,-0.000580,0.000020,-0.000480,0.000120,0.000600,456.050201,664.564758,653.230713,596.002869,496.863892,627.902039
1699146610677120,114.000000,-0.104061,0.971768,0.211752,0.000150,-0.000500,-0.000040,-0.000650,-0.000190,0.000460,545.225769,706.550049,624.181641,498.207825,672.038452,593.821350
1699146610786240,81.000000,0.409350,0.877358,0.250349,-0.000070,-0.000540,0.000100,-0.000470,0.000160,0.000630,300.365723,330.906128,395.481506,466.738190,470.684845,386.519318
1699146610825920,128.000000,0.350436,0.872212,0.341235,-0.000100,-0.000580,0.000020,-0.000480,0.000120,0.000600,494.468170,681.447021,721.029663,635.746582,546.501709,712.499634
1699146611183040,110.000000,-0.541646,0.678609,-0.496093,0.000150,0.002770,-0.000040,-0.004850,-0.000190,-0.000030,475.554047,106.226791,553.968750,98.661850,529.723511,89.935516
1699146611292160,65.000000,0.409350,0.877358,0.250349,-0.000070,-0.000540,0.000100,-0.000470,0.000160,0.000630,362.489502,345.077606,466.596252,481.019012,420.724823,461.116272
1699146611321920,142.000000,0.353699,0.868807,0.346514,-0.000110,-0.000580,0.000020,-0.000480,0.000120,0.000600,422.760468,640.669922,625.107483,441.527924,427.915955,674.757263
1699146611679040,103.000000,-0.104061,0.971768,0.211752,0.000150,-0.000500,-0.000040,-0.000650,-0.000190,0.000460,565.800415,663.900269,536.039856,482.531860,555.605347,461.961975
1699146611817920,64.000000,0.409350,0.877358,0.250349,-0.000070,-0.000540,0.000100,-0.000470,0.000160,0.000630,311.588013,323.677002,337.346191,423.876709,305.011658,354.826263
1699146611907200,153.000000,0.353699,0.868807,0.346514,-0.000110,-0.000580,0.000020,-0.000480,0.000120,0.000600,447.405273,587.963013,600.658264,562.579041,527.867981,671.482178
1699146612184960,114.000000,-0.104061,0.971768,0.211752,0.000150,-0.000500,-0.000040,-0.000650,-0.000190,0.000460,560.331360,643.905640,508.824158,519.979126,563.651978,466.075287
1699146612294080,43.000000,0.409350,0.877358,0.250349,-0.000070,-0.000540,0.000100,-0.000470,0.000160,0.000630,390.927429,384.534241,295.507935,439.705597,336.012177,346.431488
1699146612432960,101.000000,0.353699,0.868807,0.346514,-0.000110,-0.000580,0.000020,-0.000480,0.000120,0.000600,626.762451,485.147217,463.195190,517.786011,581.925354,678.671936
1699146612680960,140.000000,-0.104061,0.971768,0.211752,0.000150,-0.000500,-0.000040,-0.000650,-0.000190,0.000460,566.663879,648.429688,461.304688,495.761047,618.580627,393.864807
1699146612800000,83.000000,-0.939376,0.295218,-0.174412,-0.000070,0.001160,0.000100,-0.004970,0.000160,-0.003510,332.697388,112.098534,337.095398,107.829269,307.616180,112.858109
1699146612938880,141.000000,0.350183,0.867754,0.352670,-0.000110,-0.000580,0.000010,-0.000480,0.000120,0.000600,738.477173,500.206299,445.622925,527.997742,638.614197,714.966370
1699146613176960,112.000000,-0.104061,0.971768,0.211752,0.000150,-0.000500,-0.000040,-0.000650,-0.000190,0.000460,541.398376,646.842041,401.259583,612.062378,569.200439,381.391205
1699146613246400,86.000000,0.409350,0.877358,0.250349,-0.000070,-0.000540,0.000100,-0.000470,0.000160,0.000630,514.613159,456.492523,311.133759,497.500336,384.264740,479.070953
1699146613474560,166.000000,0.349125,0.866761,0.356142,-0.000110,-0.000590,0.000010,-0.000480,0.000120,0.000600,718.514221,422.275269,530.628235,549.836914,651.108521,748.406982
1699146613672960,74.000000,-0.104061,0.971768,0.211752,0.000150,-0.000500,-0.000040,-0.000650,-0.000190,0.000460,521.583679,550.865601,377.488403,448.638977,458.229492,295.040222
1699146613960640,368.000000,0.350183,0.867754,0.352670,-0.000110,-0.000580,0.000010,-0.000480,0.000120,0.000600,806.255859,558.730042,568.960999,541.151306,676.695496,796.743103
1699146614178880,69.000000,-0.109321,0.970874,0.213195,0.000150,-0.000500,-0.000040,-0.000650,-0.000190,0.000450,396.696991,475.854218,272.150543,346.978516,374.073792,247.470825
1699146614466560,114.000000,0.350183,0.867754,0.352670,-0.000110,-0.000580,0.000010,-0.000480,0.000120,0.000600,730.801208,454.526245,588.185059,445.493378,642.063965,667.138428
1699146614714560,71.000000,-0.120054,0.968281,0.219133,0.000150,-0.000500,-0.000050,-0.000650,-0.000200,0.000450,471.422058,565.089233,422.714294,463.253845,237.958527,409.566528
1699146615032000,148.000000,0.349125,0.866761,0.356142,-0.000110,-0.000590,0.000010,-0.000480,0.000120,0.000600,763.201172,488.350098,679.213257,457.717651,658.187195,701.519409
1699146615309760,57.000000,-0.112992,0.969120,0.219177,0.000150,-0.000500,-0.000050,-0.000650,-0.000190,0.000450,432.134888,494.201141,325.333923,376.215637,208.523895,355.966034
1699146615518080,100.000000,0.349125,0.866761,0.356142,-0.000110,-0.000590,0.000010,-0.000480,0.000120,0.000600,633.305115,503.964783,633.349731,409.441284,572.607300,658.377686
1699146615865280,57.000000,-0.120054,0.968281,0.219133,0.000150,-0.000500,-0.000050,-0.000650,-0.000200,0.000450,421.571808,470.920319,395.264526,358.132874,261.690735,420.612427
1699146615994240,128.000000,0.353418,0.864290,0.357909,-0.000110,-0.000590,0.000010,-0.000470,0.000120,0.000600,694.218018,461.652924,686.865173,423.600159,633.487305,530.515259
1699146616381120,43.000000,-0.120054,0.968281,0.219133,0.000150,-0.000500,-0.000050,-0.000650,-0.000200,0.000450,367.265076,515.432861,402.150848,370.606873,244.150452,440.991730
1699146616539840,265.000000,0.349125,0.866761,0.356142,-0.000110,-0.000590,0.000010,-0.000480,0.000120,0.000600,710.125732,627.021851,745.096802,473.020782,682.030457,646.611877
1699146616877120,147.000000,0.412677,0.874230,0.255772,-0.000070,-0.000540,0.000090,-0.000470,0.000170,0.000630,372.894165,603.365051,548.895447,382.790619,356.490356,521.634460
1699146616916800,64.000000,-0.120054,0.968281,0.219133,0.000150,-0.000500,-0.000050,-0.000650,-0.000200,0.000450,412.312683,525.888428,461.611633,461.454041,277.751495,461.603882
1699146617006080,104.000000,0.349125,0.866761,0.356142,-0.000110,-0.000590,0.000010,-0.000480,0.000120,0.000600,460.877869,523.310730,596.898193,395.681274,507.193146,507.253723
1699146617373120,24.000000,0.417254,0.871690,0.257011,-0.000070,-0.000540,0.000090,-0.000460,0.000170,0.000630,194.671600,308.745972,360.038055,192.313019,244.056961,300.363708
1699146617422720,44.000000,-0.120054,0.968281,0.219133,0.000150,-0.000500,-0.000050,-0.000650,-0.000200,0.000450,318.606567,376.114319,386.859253,352.328430,265.323425,383.298859
1699146617472320,54.000000,0.349125,0.866761,0.356142,-0.000110,-0.000590,0.000010,-0.000480,0.000120,0.000600,546.917725,495.327789,632.275024,359.548035,665.501587,445.255463
1699146617908800,77.000000,0.415980,0.871062,0.261175,-0.000080,-0.000540,0.000090,-0.000470,0.000170,0.000630,372.195709,533.628174,527.364990,330.572540,341.787048,518.210205
1699146617948480,88.000000,-0.120054,0.968281,0.219133,0.000150,-0.000500,-0.000050,-0.000650,-0.000200,0.000450,327.826263,417.718262,418.875397,377.847534,230.083176,397.631775
1699146618047680,101.000000,0.353418,0.864290,0.357909,-0.000110,-0.000590,0.000010,-0.000470,0.000120,0.000600,483.977112,607.207703,628.162354,421.705536,590.325195,441.857758
1699146618434560,71.000000,0.415980,0.871062,0.261175,-0.000080,-0.000540,0.000090,-0.000470,0.000170,0.000630,387.594177,457.523804,523.067688,271.555908,374.110046,482.070862
1699146618454400,133.000000,-0.120054,0.968281,0.219133,0.000150,-0.000500,-0.000050,-0.000650,-0.000200,0.000450,311.993713,450.004120,440.747559,301.638367,229.103760,410.718384
1699146618504000,115.000000,0.353418,0.864290,0.357909,-0.000110,-0.000590,0.000010,-0.000470,0.000120,0.000600,502.736328,715.707886,657.800049,356.146729,635.717896,578.323669
1699146618920640,72.000000,0.420557,0.868482,0.262432,-0.000080,-0.000540,0.000090,-0.000460,0.000170,0.000630,402.776550,543.565247,551.306763,327.603027,422.400696,515.505066
1699146618960320,107.000000,0.356630,0.860789,0.363121,-0.000120,-0.000590,0.000010,-0.000470,0.000120,0.000600,455.384644,705.998779,469.068512,549.672485,687.661255,425.688293
1699146619009920,94.000000,-0.120054,0.968281,0.219133,0.000150,-0.000500,-0.000050,-0.000650,-0.000200,0.000450,397.623993,471.530365,465.102051,402.654663,376.637421,465.069336
1699146619396800,95.000000,0.420557,0.868482,0.262432,-0.000080,-0.000540,0.000090,-0.000460,0.000170,0.000630,463.047821,498.321655,442.385376,348.187073,413.474548,493.886383
1699146619545600,356.000000,0.354189,0.860643,0.365846,-0.000120,-0.000590,0.000010,-0.000470,0.000120,0.000590,553.603394,794.100586,516.276428,592.397461,865.629761,468.846588
1699146619565440,94.000000,-0.120054,0.968281,0.219133,0.000150,-0.000500,-0.000050,-0.000650,-0.000200,0.000450,334.177551,424.442261,391.810577,358.932343,314.454590,397.772400
1699146619863040,96.000000,0.420557,0.868482,0.262432,-0.000080,-0.000540,0.000090,-0.000460,0.000170,0.000630,571.231567,546.431396,597.441040,408.958405,539.042358,599.165100
1699146619992000,315.000000,0.356630,0.860789,0.363121,-0.000120,-0.000590,0.000010,-0.000470,0.000120,0.000600,486.526489,854.662354,576.437744,495.734924,777.988098,525.696350
1699146620071360,99.000000,-0.120054,0.968281,0.219133,0.000150,-0.000500,-0.000050,-0.000650,-0.000200,0.000450,422.210205,486.917603,480.601929,387.073730,390.171814,490.024811
1699146620319360,95.000000,0.420557,0.868482,0.262432,-0.000080,-0.000540,0.000090,-0.000460,0.000170,0.000630,525.485168,485.781311,498.108673,424.632751,504.111725,543.195312
1699146620418560,134.000000,0.350611,0.859473,0.371993,-0.000120,-0.000590,0.000000,-0.000470,0.000120,0.000590,472.987000,727.924744,420.235901,461.894318,736.803223,377.687012
1699146620577280,97.000000,-0.120054,0.968281,0.219133,0.000150,-0.000500,-0.000050,-0.000650,-0.000200,0.000450,433.756348,586.059204,598.368774,524.298523,491.376068,605.673828
1699146620785600,129.000000,0.420557,0.868482,0.262432,-0.000080,-0.000540,0.000090,-0.000460,0.000170,0.000630,578.836548,437.596863,492.908447,441.056274,524.160645,600.330444
1699146620835200,119.000000,0.356630,0.860789,0.363121,-0.000120,-0.000590,0.000010,-0.000470,0.000120,0.000600,385.274445,626.435242,302.104828,353.529327,587.124146,305.688538
1699146621152640,91.000000,-0.120054,0.968281,0.219133,0.000150,-0.000500,-0.000050,-0.000650,-0.000200,0.000450,474.234406,574.767334,519.475159,504.029663,464.132477,581.067261
1699146621251840,126.000000,0.420557,0.868482,0.262432,-0.000080,-0.000540,0.000090,-0.000460,0.000170,0.000630,617.142212,426.581970,476.518921,473.965912,545.694641,567.449829
1699146621678400,101.000000,-0.120054,0.968281,0.219133,0.000150,-0.000500,-0.000050,-0.000650,-0.000200,0.000450,428.588867,625.538757,577.124573,538.642212,526.971313,592.245300
1699146621708160,112.000000,0.420557,0.868482,0.262432,-0.000080,-0.000540,0.000090,-0.000460,0.000170,0.000630,523.699951,405.687866,441.915466,504.351501,518.635376,569.662170
1699146622174400,116.000000,0.419257,0.867854,0.266558,-0.000080,-0.000550,0.000090,-0.000460,0.000170,0.000630,572.305969,429.456360,446.092773,610.767090,610.361816,634.582214
1699146622204160,75.000000,-0.120054,0.968281,0.219133,0.000150,-0.000500,-0.000050,-0.000650,-0.000200,0.000450,230.970459,478.560364,415.858398,350.132507,393.462433,490.895874
1699146622630720,108.000000,0.419257,0.867854,0.266558,-0.000080,-0.000550,0.000090,-0.000460,0.000170,0.000630,495.554108,404.138031,423.878204,545.139832,662.773376,569.210388
1699146622720000,53.000000,-0.120054,0.968281,0.219133,0.000150,-0.000500,-0.000050,-0.000650,-0.000200,0.000450,289.984558,444.905579,461.056946,362.069305,394.004944,480.363800
1699146623087040,141.000000,0.416084,0.867427,0.272847,-0.000080,-0.000550,0.000080,-0.000460,0.000170,0.000630,417.341553,482.382599,441.316345,633.340149,623.845093,626.333374
1699146623553280,143.000000,0.419331,0.864155,0.278204,-0.000090,-0.000550,0.000080,-0.000460,0.000170,0.000630,483.952515,591.362732,530.653381,710.859497,692.349304,703.431274
1699146623989760,107.000000,0.419331,0.864155,0.278204,-0.000090,-0.000550,0.000080,-0.000460,0.000170,0.000630,528.960938,560.002686,547.735657,664.164429,669.039307,660.082764
1699146624456000,140.000000,0.419331,0.864155,0.278204,-0.000090,-0.000550,0.000080,-0.000460,0.000170,0.000630,626.921631,596.513855,619.204163,652.895508,614.722534,625.213379
1699146624882560,105.000000,-0.120054,0.968281,0.219133,0.000150,-0.000500,-0.000050,-0.000650,-0.000200,0.000450,378.189636,610.911438,487.107330,546.375732,555.793945,636.650940
1699146624922240,112.000000,0.419331,0.864155,0.278204,-0.000090,-0.000550,0.000080,-0.000460,0.000170,0.000630,554.851929,578.879395,606.597046,602.322144,622.069397,587.495300
1699146625170240,244.000000,0.350611,0.859473,0.371993,-0.000120,-0.000590,0.000000,-0.000470,0.000120,0.000590,817.875244,757.947388,857.271484,585.048767,768.812927,824.211792
1699146625378560,115.000000,0.419331,0.864155,0.278204,-0.000090,-0.000550,0.000080,-0.000460,0.000170,0.000630,594.436523,596.323730,622.807861,639.887878,636.002930,661.931458
1699146625408320,57.000000,-0.116654,0.967317,0.225144,0.000140,-0.000500,-0.000050,-0.000650,-0.000200,0.000450,364.344452,544.771667,431.473877,486.115906,571.077393,595.933899
1699146625567040,286.000000,0.350611,0.859473,0.371993,-0.000120,-0.000590,0.000000,-0.000470,0.000120,0.000590,825.782532,705.586670,800.097473,557.910278,762.175659,779.049561
1699146625844800,132.000000,0.419331,0.864155,0.278204,-0.000090,-0.000550,0.000080,-0.000460,0.000170,0.000630,673.486084,713.630005,690.729004,679.811279,663.427002,664.443115
1699146625924160,72.000000,-0.980125,-0.011659,-0.198038,0.000140,0.000860,-0.000060,-0.002420,-0.000200,-0.002420,384.843384,92.156830,360.921814,122.679634,481.349365,103.538673
1699146625934080,75.000000,-0.930828,0.337133,0.141069,0.000020,-0.000500,-0.000050,-0.000180,-0.004510,0.000450,117.367828,329.758728,325.278198,101.771309,118.286011,398.694153
1699146626043200,415.000000,0.350611,0.859473,0.371993,-0.000120,-0.000590,0.000000,-0.000470,0.000120,0.000590,877.021240,652.224976,799.980408,555.024780,755.529297,816.481079
1699146626311040,171.000000,0.419331,0.864155,0.278204,-0.000090,-0.000550,0.000080,-0.000460,0.000170,0.000630,467.948608,615.414185,622.853821,515.338318,552.375305,601.925598
1699146626430080,125.000000,-0.116654,0.967317,0.225144,0.000140,-0.000500,-0.000050,-0.000650,-0.000200,0.000450,514.854675,586.875244,386.823303,582.523926,673.703430,654.971191
1699146626549120,190.000000,0.350611,0.859473,0.371993,-0.000120,-0.000590,0.000000,-0.000470,0.000120,0.000590,849.934448,606.025024,692.206238,552.076782,637.304688,786.334412
1699146626767360,174.000000,0.419331,0.864155,0.278204,-0.000090,-0.000550,0.000080,-0.000460,0.000170,0.000630,508.645508,606.343933,627.593445,601.428528,653.911499,592.562195
1699146626955840,228.000000,-0.120307,0.965464,0.231094,0.000140,-0.000500,-0.000060,-0.000650,-0.000200,0.000450,604.682129,581.862122,553.212891,674.092651,823.510315,696.712219
1699146627055040,148.000000,0.350611,0.859473,0.371993,-0.000120,-0.000590,0.000000,-0.000470,0.000120,0.000590,782.803162,478.062805,587.779297,432.267151,542.185181,787.133301
1699146627233600,155.000000,0.419331,0.864155,0.278204,-0.000090,-0.000550,0.000080,-0.000460,0.000170,0.000630,517.632935,676.885803,602.659241,616.198181,628.451721,656.155884
1699146627471680,159.000000,-0.120307,0.965464,0.231094,0.000140,-0.000500,-0.000060,-0.000650,-0.000200,0.000450,546.022034,708.792358,441.721710,568.439270,730.214111,665.566772
1699146627650240,256.000000,0.350611,0.859473,0.371993,-0.000120,-0.000590,0.000000,-0.000470,0.000120,0.000590,845.373291,555.436523,607.023926,547.728882,629.889893,869.691467
1699146627689920,154.000000,0.422553,0.860846,0.283538,-0.000100,-0.000550,0.000080,-0.000460,0.000170,0.000630,432.959534,672.877747,601.921753,481.531433,598.948853,668.248230
1699146627947840,176.000000,-0.120307,0.965464,0.231094,0.000140,-0.000500,-0.000060,-0.000650,-0.000200,0.000450,597.299438,658.755493,534.750854,625.101562,766.849365,641.649109
1699146628136320,128.000000,-0.620705,-0.662023,0.420060,-0.005370,0.003420,0.000080,-0.001090,-0.003960,-0.000540,104.601700,115.699448,373.803253,109.839989,110.715576,93.451279
1699146628146240,81.000000,0.372028,0.858055,0.354030,-0.000100,-0.000550,0.000070,-0.000450,0.000170,0.000400,428.149414,405.626984,292.144409,429.987793,290.401276,192.316574
1699146628156160,223.000000,0.349520,0.858462,0.375338,-0.000120,-0.000600,0.000000,-0.000470,0.000120,0.000590,798.855225,483.666504,429.957428,399.174683,542.767212,760.923401
1699146628424000,248.000000,-0.116654,0.967317,0.225144,0.000140,-0.000500,-0.000050,-0.000650,-0.000200,0.000450,457.534607,683.301025,452.069336,648.238892,756.385010,711.939697
1699146628602560,139.000000,0.422553,0.860846,0.283538,-0.000100,-0.000550,0.000080,-0.000460,0.000170,0.000630,530.342651,562.506958,468.093628,403.667603,497.836639,680.056824
1699146628721600,352.000000,0.350611,0.859473,0.371993,-0.000120,-0.000590,0.000000,-0.000470,0.000120,0.000590,826.899170,471.559875,464.077148,609.813721,597.685974,848.779297
1699146628890240,182.000000,-0.120307,0.965464,0.231094,0.000140,-0.000500,-0.000060,-0.000650,-0.000200,0.000450,602.403015,594.531616,558.977295,578.866455,761.134766,580.231018
1699146629058880,172.000000,0.423901,0.857623,0.291188,-0.000100,-0.000550,0.000070,-0.000450,0.000170,0.000630,670.648315,560.360840,454.288635,463.659790,563.578491,643.988281
1699146629227520,132.000000,0.345934,0.857232,0.381423,-0.000120,-0.000600,-0.000010,-0.000470,0.000120,0.000590,622.797546,378.291809,412.983185,589.241577,610.651733,745.837158
1699146629406080,340.000000,-0.120307,0.965464,0.231094,0.000140,-0.000500,-0.000060,-0.000650,-0.000200,0.000450,635.551208,644.984863,561.306702,662.503052,862.538025,698.599182
1699146629505280,144.000000,0.423901,0.857623,0.291188,-0.000100,-0.000550,0.000070,-0.000450,0.000170,0.000630,663.760376,554.627441,490.406982,502.967896,520.951233,574.064270
1699146629733440,162.000000,-0.401411,-0.800358,-0.445305,-0.000120,0.003970,-0.000010,0.000090,0.000110,-0.003310,528.869141,95.031502,603.282959,95.131065,325.429688,106.659828
1699146629902080,157.000000,-0.120307,0.965464,0.231094,0.000140,-0.000500,-0.000060,-0.000650,-0.000200,0.000450,647.519043,467.957764,636.137695,600.960938,764.991821,592.013672
1699146629961600,142.000000,0.423901,0.857623,0.291188,-0.000100,-0.000550,0.000070,-0.000450,0.000170,0.000630,611.275635,478.207855,528.590576,515.724670,439.203491,669.927734
1699146630298880,147.000000,0.345934,0.857232,0.381423,-0.000120,-0.000600,-0.000010,-0.000470,0.000120,0.000590,557.606262,419.976074,500.376617,550.313843,502.295288,678.364441
1699146630408000,121.000000,-0.120307,0.965464,0.231094,0.000140,-0.000500,-0.000060,-0.000650,-0.000200,0.000450,453.079407,469.402893,455.661591,492.813354,608.132996,500.731995
1699146630417920,99.000000,0.423901,0.857623,0.291188,-0.000100,-0.000550,0.000070,-0.000450,0.000170,0.000630,674.042725,504.502319,560.448608,632.085571,438.465576,583.218384
1699146630824640,97.000000,0.345934,0.857232,0.381423,-0.000120,-0.000600,-0.000010,-0.000470,0.000120,0.000590,387.988892,397.216187,493.327393,406.106293,393.588531,568.116150
1699146630884160,122.000000,0.422533,0.856954,0.295120,-0.000100,-0.000560,0.000070,-0.000450,0.000170,0.000630,530.814941,450.386597,562.133057,553.877319,430.848450,576.819702
1699146631042880,149.000000,-0.120307,0.965464,0.231094,0.000140,-0.000500,-0.000060,-0.000650,-0.000200,0.000450,600.116638,606.942566,650.094360,554.177002,783.610474,534.252075
1699146631360320,184.000000,0.428916,0.854116,0.294137,-0.000100,-0.000560,0.000070,-0.000450,0.000180,0.000630,516.885376,576.988159,712.977844,648.913208,520.508362,694.777527
1699146631380160,85.000000,0.349111,0.853634,0.386562,-0.000130,-0.000600,-0.000010,-0.000470,0.000120,0.000590,434.047089,653.717407,673.186523,595.931641,536.031921,712.207642
1699146631697600,122.000000,-0.120307,0.965464,0.231094,0.000140,-0.000500,-0.000060,-0.000650,-0.000200,0.000450,435.457184,466.014893,482.967957,488.584717,600.678345,452.946930
1699146631816640,214.000000,0.428916,0.854116,0.294137,-0.000100,-0.000560,0.000070,-0.000450,0.000180,0.000630,449.487122,529.314453,689.035583,674.788879,502.510254,610.667114
1699146631955520,162.000000,0.345934,0.857232,0.381423,-0.000120,-0.000600,-0.000010,-0.000470,0.000120,0.000590,540.824097,757.923584,828.022583,621.136169,488.816681,741.911133
1699146632272960,143.000000,0.432058,0.850697,0.299400,-0.000110,-0.000560,0.000070,-0.000450,0.000180,0.000630,490.514282,567.003601,712.111572,707.903015,544.658691,588.745850
1699146632362240,441.000000,-0.120307,0.965464,0.231094,0.000140,-0.000500,-0.000060,-0.000650,-0.000200,0.000450,648.374695,615.920410,712.240723,672.451782,795.911255,560.564636
1699146632461440,245.000000,0.349111,0.853634,0.386562,-0.000130,-0.000600,-0.000010,-0.000470,0.000120,0.000590,548.553711,706.714722,803.893188,742.410156,610.317322,743.324463
1699146632729280,149.000000,0.432058,0.850697,0.299400,-0.000110,-0.000560,0.000070,-0.000450,0.000180,0.000630,563.609741,650.064331,684.026367,693.192383,546.617371,631.128235
1699146632977280,322.000000,0.349111,0.853634,0.386562,-0.000130,-0.000600,-0.000010,-0.000470,0.000120,0.000590,448.972443,676.860718,700.018555,611.136963,498.492889,682.154724
1699146633185600,274.000000,0.432058,0.850697,0.299400,-0.000110,-0.000560,0.000070,-0.000450,0.000180,0.000630,680.664307,704.997192,816.928894,799.075562,660.703674,643.478333
1699146633552640,231.000000,-0.120307,0.965464,0.231094,0.000140,-0.000500,-0.000060,-0.000650,-0.000200,0.000450,523.555359,450.227539,567.589966,466.730713,608.660461,376.761841
1699146633651840,311.000000,0.432058,0.850697,0.299400,-0.000110,-0.000560,0.000070,-0.000450,0.000180,0.000630,781.114380,733.100952,797.897461,827.225708,771.576843,651.566895
1699146634068480,338.000000,0.145179,0.946305,0.288842,0.000140,-0.004690,-0.000060,-0.004830,-0.000200,0.004630,630.292786,262.557434,690.362427,306.008972,667.981689,274.209045
1699146634118080,263.000000,0.432058,0.850697,0.299400,-0.000110,-0.000560,0.000070,-0.000450,0.000180,0.000630,825.101257,814.763306,793.647522,820.629272,718.199768,675.641663
1699146634564480,279.000000,0.432058,0.850697,0.299400,-0.000110,-0.000560,0.000070,-0.000450,0.000180,0.000630,829.213135,796.207275,724.391479,767.791016,725.476501,621.899902
1699146634584320,232.000000,-0.856469,-0.171635,-0.486828,0.000140,0.004480,-0.000060,-0.005220,-0.000200,-0.004540,510.196167,134.474121,686.573486,102.049072,685.230347,102.044296
1699146634594240,48.000000,0.361959,-0.247329,0.898785,-0.000250,-0.000290,-0.000060,0.000170,0.000020,-0.000040,109.358177,108.122360,236.613312,127.221390,115.926872,141.340088
1699146634693440,295.000000,0.349111,0.853634,0.386562,-0.000130,-0.000600,-0.000010,-0.000470,0.000120,0.000590,652.952759,830.808960,802.793091,751.775146,507.742157,735.743164
1699146635020800,170.000000,0.432058,0.850697,0.299400,-0.000110,-0.000560,0.000070,-0.000450,0.000180,0.000630,712.617310,712.780884,637.957031,680.290527,671.152283,553.278137
1699146635070400,255.000000,-0.120307,0.965464,0.231094,0.000140,-0.000500,-0.000060,-0.000650,-0.000200,0.000450,732.758362,476.708679,818.591309,703.305664,780.535278,493.768738
1699146635219200,118.000000,0.349111,0.853634,0.386562,-0.000130,-0.000600,-0.000010,-0.000470,0.000120,0.000590,639.466492,689.268555,646.165527,646.351196,458.182922,585.414490
1699146635477120,207.000000,0.432058,0.850697,0.299400,-0.000110,-0.000560,0.000070,-0.000450,0.000180,0.000630,661.065186,644.408020,530.977112,618.645996,616.768982,502.656708
1699146635536640,244.000000,-0.120307,0.965464,0.231094,0.000140,-0.000500,-0.000060,-0.000650,-0.000200,0.000450,659.810608,522.013367,727.061340,689.121704,732.739502,447.134460
1699146635744960,88.000000,0.349111,0.853634,0.386562,-0.000130,-0.000600,-0.000010,-0.000470,0.000120,0.000590,549.301453,607.589111,371.064331,542.886230,329.439514,361.122223
1699146635923520,151.000000,0.432058,0.850697,0.299400,-0.000110,-0.000560,0.000070,-0.000450,0.000180,0.000630,660.693542,773.957947,569.149780,676.515747,702.572876,578.251587
1699146636072320,84.000000,-0.125652,0.964419,0.232610,0.000140,-0.000500,-0.000060,-0.000650,-0.000200,0.000440,428.471161,306.961334,480.114166,347.216125,398.605255,236.575394
1699146636260800,96.000000,0.349111,0.853634,0.386562,-0.000130,-0.000600,-0.000010,-0.000470,0.000120,0.000590,651.866638,665.366211,598.143066,663.885132,581.976257,605.412903
1699146636369920,190.000000,0.432058,0.850697,0.299400,-0.000110,-0.000560,0.000070,-0.000450,0.000180,0.000630,598.264282,728.458496,498.122040,556.344482,704.402466,492.320068
1699146636588160,74.000000,-0.125652,0.964419,0.232610,0.000140,-0.000500,-0.000060,-0.000650,-0.000200,0.000440,352.051849,301.005829,433.943298,455.708191,346.257812,261.072632
1699146636826240,148.000000,0.426995,0.850149,0.308093,-0.000110,-0.000560,0.000060,-0.000450,0.000180,0.000620,497.635712,736.390137,488.875427,500.198303,634.657227,444.493805
1699146636885760,81.000000,0.976313,0.089703,-0.196891,-0.000550,0.002000,-0.000010,0.000820,0.004830,0.004710,98.806343,111.986839,325.627808,102.963730,108.658913,106.887550
1699146636895680,186.000000,0.349111,0.853634,0.386562,-0.000130,-0.000600,-0.000010,-0.000470,0.000120,0.000590,562.136963,568.764038,480.532532,700.633911,467.446075,515.584167
1699146637153600,111.000000,-0.123951,0.963563,0.237027,0.000140,-0.000510,-0.000060,-0.000650,-0.000200,0.000440,535.625366,329.090942,626.556396,546.901855,509.019958,316.775177
1699146637282560,157.000000,0.432058,0.850697,0.299400,-0.000110,-0.000560,0.000070,-0.000450,0.000180,0.000630,495.647217,724.438354,492.429321,560.389282,679.740601,561.005066
1699146637411520,88.000000,0.349111,0.853634,0.386562,-0.000130,-0.000600,-0.000010,-0.000470,0.000120,0.000590,688.147278,683.061523,423.498779,665.927612,522.581909,486.964813
1699146637738880,162.000000,0.431944,0.846626,0.310884,-0.000120,-0.000560,0.000060,-0.000450,0.000180,0.000630,479.653687,728.390320,490.686554,501.576721,662.500061,465.361664
1699146637877760,521.000000,-0.125652,0.964419,0.232610,0.000140,-0.000500,-0.000060,-0.000650,-0.000200,0.000440,619.094543,541.495728,834.365479,730.414001,519.971863,617.139221
1699146637937280,116.000000,0.349111,0.853634,0.386562,-0.000130,-0.000600,-0.000010,-0.000470,0.000120,0.000590,758.112427,714.498840,532.493164,748.952393,595.332153,615.803589
1699146638185280,198.000000,0.431944,0.846626,0.310884,-0.000120,-0.000560,0.000060,-0.000450,0.000180,0.000630,563.701538,681.214478,579.242676,536.611328,744.954102,518.399902
1699146638373760,398.000000,-0.125652,0.964419,0.232610,0.000140,-0.000500,-0.000060,-0.000650,-0.000200,0.000440,706.697510,455.032532,811.435425,672.513672,630.780396,546.459717
1699146638443200,151.000000,0.349111,0.853634,0.386562,-0.000130,-0.000600,-0.000010,-0.000470,0.000120,0.000590,590.717163,655.233765,451.597778,686.957764,578.891235,542.438843
1699146638651520,158.000000,0.434695,0.843764,0.314804,-0.000120,-0.000560,0.000060,-0.000440,0.000180,0.000620,569.004456,634.165344,528.244141,450.870056,658.147827,394.976959
1699146638949120,91.000000,-0.142262,0.879109,0.454894,-0.000130,-0.003810,-0.000010,-0.004270,0.000120,-0.000280,307.021423,109.913910,327.638672,107.572586,339.425049,110.257454
1699146638959040,61.000000,0.349111,0.853634,0.386562,-0.000130,-0.000600,-0.000010,-0.000470,0.000120,0.000590,277.388000,260.642578,304.122040,422.468109,271.618774,205.221359
1699146639117760,129.000000,0.434695,0.843764,0.314804,-0.000120,-0.000560,0.000060,-0.000440,0.000180,0.000620,609.833069,589.065430,516.935059,493.124512,667.714233,429.237122
1699146639127680,122.000000,-0.125652,0.964419,0.232610,0.000140,-0.000500,-0.000060,-0.000650,-0.000200,0.000440,570.221802,443.988342,613.191162,503.709045,430.051758,533.787781
1699146639464960,111.000000,0.349111,0.853634,0.386562,-0.000130,-0.000600,-0.000010,-0.000470,0.000120,0.000590,515.648987,553.128296,362.585358,611.420715,614.538269,532.138672
1699146639593920,199.000000,0.434695,0.843764,0.314804,-0.000120,-0.000560,0.000060,-0.000440,0.000180,0.000620,661.570679,647.099976,577.020996,579.998230,698.219727,435.246765
1699146639663360,72.000000,-0.123951,0.963563,0.237027,0.000140,-0.000510,-0.000060,-0.000650,-0.000200,0.000440,531.399658,361.080780,555.803467,545.158936,404.643372,420.049408
1699146640050240,179.000000,0.397601,0.860552,0.318375,-0.000120,-0.000560,0.000060,-0.000440,0.000120,0.000630,318.023621,459.597168,495.735779,399.392273,400.385315,343.189972
1699146640189120,90.000000,-0.123951,0.963563,0.237027,0.000140,-0.000510,-0.000060,-0.000650,-0.000200,0.000440,558.810852,334.004242,547.162231,514.879089,414.046326,380.988983
1699146640516480,164.000000,0.434695,0.843764,0.314804,-0.000120,-0.000560,0.000060,-0.000440,0.000180,0.000620,810.876587,672.646729,739.562256,676.930054,750.606262,514.276733
1699146640714880,77.000000,-0.132705,0.963497,0.232516,0.000140,-0.000500,-0.000060,-0.000650,-0.000210,0.000440,467.713318,431.960693,561.557861,437.893860,346.176208,546.577209
1699146640744640,185.000000,0.348650,0.848689,0.397706,-0.000140,-0.000600,-0.000020,-0.000470,0.000120,0.000590,480.231873,655.020874,635.503967,573.318237,719.181641,412.357727
1699146640962880,161.000000,0.434695,0.843764,0.314804,-0.000120,-0.000560,0.000060,-0.000440,0.000180,0.000620,768.549500,724.527954,743.459778,719.956177,711.862732,570.037415
1699146641250560,219.000000,0.348650,0.848689,0.397706,-0.000140,-0.000600,-0.000020,-0.000470,0.000120,0.000590,290.530701,581.976868,528.409302,500.177612,557.570557,371.103333
1699146641429120,177.000000,0.434695,0.843764,0.314804,-0.000120,-0.000560,0.000060,-0.000440,0.000180,0.000620,718.829163,629.837891,721.491516,726.157776,694.403320,532.528931
1699146641746560,213.000000,0.348650,0.848689,0.397706,-0.000140,-0.000600,-0.000020,-0.000470,0.000120,0.000590,490.626068,689.696045,631.706299,644.376404,798.066345,579.098816
1699146641766400,111.000000,-0.130971,0.962659,0.236926,0.000140,-0.000510,-0.000060,-0.000650,-0.000210,0.000440,528.655212,324.570465,308.208923,473.665466,389.333557,388.406433
1699146641885440,176.000000,0.434695,0.843764,0.314804,-0.000120,-0.000560,0.000060,-0.000440,0.000180,0.000620,710.855957,573.671875,825.000427,769.432739,696.380188,488.986664
1699146642272320,121.000000,0.348650,0.848689,0.397706,-0.000140,-0.000600,-0.000020,-0.000470,0.000120,0.000590,515.459473,634.941956,574.523071,540.185059,712.578918,483.567474
1699146642282240,85.000000,-0.132705,0.963497,0.232516,0.000140,-0.000500,-0.000060,-0.000650,-0.000210,0.000440,430.902435,300.305847,382.752777,406.662079,241.495392,470.142548
1699146642351680,172.000000,0.434695,0.843764,0.314804,-0.000120,-0.000560,0.000060,-0.000440,0.000180,0.000620,774.320557,707.311279,825.519470,824.441162,768.083923,622.786499
1699146642788160,97.000000,-0.130971,0.962659,0.236926,0.000140,-0.000510,-0.000060,-0.000650,-0.000210,0.000440,476.561951,333.164795,275.389862,500.531067,403.026672,482.848236
1699146642808000,168.000000,0.434695,0.843764,0.314804,-0.000120,-0.000560,0.000060,-0.000440,0.000180,0.000620,708.529053,566.802551,871.407471,822.962036,725.353699,557.295532
1699146642927040,101.000000,0.348650,0.848689,0.397706,-0.000140,-0.000600,-0.000020,-0.000470,0.000120,0.000590,588.291931,470.431580,612.999878,476.929932,718.727173,443.629120
1699146643264320,171.000000,0.434695,0.843764,0.314804,-0.000120,-0.000560,0.000060,-0.000440,0.000180,0.000620,755.370728,657.362000,902.521301,898.477417,751.952820,677.667969
1699146643304000,71.000000,-0.130971,0.962659,0.236926,0.000140,-0.000510,-0.000060,-0.000650,-0.000210,0.000440,461.080750,294.334290,346.909424,536.217163,480.572906,568.068115
1699146643452800,114.000000,0.350395,0.845676,0.402562,-0.000140,-0.000600,-0.000020,-0.000460,0.000120,0.000580,651.207031,608.986450,673.444092,399.717255,670.398193,430.838562
1699146643730560,277.000000,0.434695,0.843764,0.314804,-0.000120,-0.000560,0.000060,-0.000440,0.000180,0.000620,600.436890,507.381042,845.881042,852.232788,646.915649,541.123962
1699146643859520,70.000000,-0.132705,0.963497,0.232516,0.000140,-0.000500,-0.000060,-0.000650,-0.000210,0.000440,527.914795,402.346313,396.338623,491.287750,444.736664,560.037292
1699146643998400,381.000000,0.352910,0.846016,0.399639,-0.000140,-0.000600,-0.000020,-0.000460,0.000120,0.000590,847.954224,622.588318,843.191895,498.251862,865.885254,499.902222
1699146644176960,266.000000,0.434695,0.843764,0.314804,-0.000120,-0.000560,0.000060,-0.000440,0.000180,0.000620,596.834595,573.168030,870.415283,909.803040,675.331665,649.371155
1699146644494400,188.000000,0.352910,0.846016,0.399639,-0.000140,-0.000600,-0.000020,-0.000460,0.000120,0.000590,725.614136,587.989319,744.039185,464.365723,739.313354,439.751831
1699146644544000,89.000000,-0.130971,0.962659,0.236926,0.000140,-0.000510,-0.000060,-0.000650,-0.000210,0.000440,484.472961,297.936401,306.638733,461.667511,456.935272,565.962341
1699146644623360,326.000000,0.434695,0.843764,0.314804,-0.000120,-0.000560,0.000060,-0.000440,0.000180,0.000620,541.522156,560.678833,852.498230,887.667908,648.437073,648.550476
1699146645079680,246.000000,0.442617,0.836627,0.322716,-0.000130,-0.000570,0.000060,-0.000440,0.000190,0.000620,663.181824,588.450012,869.643372,884.931641,520.729004,576.136841
1699146645129280,93.000000,-0.134589,0.960689,0.242822,0.000140,-0.000510,-0.000070,-0.000650,-0.000210,0.000440,455.946320,331.558960,296.510620,567.150635,554.903503,607.277771
1699146645159040,90.000000,0.350395,0.845676,0.402562,-0.000140,-0.000600,-0.000020,-0.000460,0.000120,0.000580,743.078857,465.337769,715.807007,475.239899,711.280457,393.926880
1699146645536000,310.000000,0.442617,0.836627,0.322716,-0.000130,-0.000570,0.000060,-0.000440,0.000190,0.000620,688.564819,554.720337,879.496948,830.164368,546.455139,655.541016
1699146645664960,99.000000,0.350395,0.845676,0.402562,-0.000140,-0.000600,-0.000020,-0.000460,0.000120,0.000580,491.288879,398.112274,544.282410,470.952148,587.464966,337.102295
1699146645674880,84.000000,-0.134589,0.960689,0.242822,0.000140,-0.000510,-0.000070,-0.000650,-0.000210,0.000440,442.839966,329.291626,360.680573,453.416504,487.584778,523.116455
1699146645982400,268.000000,0.442617,0.836627,0.322716,-0.000130,-0.000570,0.000060,-0.000440,0.000190,0.000620,749.113525,648.318665,837.956055,897.370605,550.248474,606.533508
1699146646200640,195.000000,0.349262,0.844651,0.405686,-0.000140,-0.000610,-0.000020,-0.000460,0.000120,0.000580,699.478088,528.603516,784.735474,604.516846,706.432861,473.028625
1699146646428800,303.000000,0.442617,0.836627,0.322716,-0.000130,-0.000570,0.000060,-0.000440,0.000190,0.000620,845.895813,707.458435,865.958801,880.744995,687.441345,580.602661
1699146646528000,411.000000,-0.134589,0.960689,0.242822,0.000140,-0.000510,-0.000070,-0.000650,-0.000210,0.000440,730.754395,473.745575,587.778748,765.877869,779.043762,827.865967
1699146646726400,221.000000,0.349262,0.844651,0.405686,-0.000140,-0.000610,-0.000020,-0.000460,0.000120,0.000580,695.565796,462.293396,779.059570,718.813965,744.276794,545.082397
1699146646875200,205.000000,0.442617,0.836627,0.322716,-0.000130,-0.000570,0.000060,-0.000440,0.000190,0.000620,675.557922,548.203979,667.110596,710.844849,542.648010,582.942139
1699146647033920,264.000000,0.797934,0.301282,0.522045,0.000010,-0.003940,-0.000060,0.003870,-0.000020,0.003880,399.264801,112.574387,295.901550,107.590782,255.492416,105.550873
1699146647043840,378.000000,-0.071543,0.965310,0.251116,0.000140,-0.000500,-0.000070,-0.000580,-0.000140,0.000440,195.589157,329.396393,390.674561,283.149048,263.848999,710.440979
1699146647252160,330.000000,0.349262,0.844651,0.405686,-0.000140,-0.000610,-0.000020,-0.000460,0.000120,0.000580,670.089783,595.074402,802.532227,679.461304,745.447205,479.023407
1699146647311680,232.000000,0.442617,0.836627,0.322716,-0.000130,-0.000570,0.000060,-0.000440,0.000190,0.000620,619.222168,565.344482,586.880920,666.925293,463.682648,532.703125
1699146647688640,117.000000,-0.134589,0.960689,0.242822,0.000140,-0.000510,-0.000070,-0.000650,-0.000210,0.000440,598.891235,405.202637,510.944427,494.487976,540.982910,517.466797
1699146647738240,239.000000,0.442617,0.836627,0.322716,-0.000130,-0.000570,0.000060,-0.000440,0.000190,0.000620,764.426331,650.185913,718.358765,710.078979,609.037170,553.278259
1699146647857280,274.000000,0.349262,0.844651,0.405686,-0.000140,-0.000610,-0.000020,-0.000460,0.000120,0.000580,587.258606,550.037048,761.761230,788.429382,793.404663,610.620850
1699146648144960,240.000000,0.442617,0.836627,0.322716,-0.000130,-0.000570,0.000060,-0.000440,0.000190,0.000620,761.380737,555.201660,739.611206,686.659790,606.895203,639.348389
1699146648214400,75.000000,-0.134589,0.960689,0.242822,0.000140,-0.000510,-0.000070,-0.000650,-0.000210,0.000440,477.370667,368.232086,441.143799,544.796143,517.184631,517.521973
1699146648591360,190.000000,0.442617,0.836627,0.322716,-0.000130,-0.000570,0.000060,-0.000440,0.000190,0.000620,793.459839,628.191895,683.935669,663.063354,597.951050,575.160767
1699146648760000,106.000000,-0.134589,0.960689,0.242822,0.000140,-0.000510,-0.000070,-0.000650,-0.000210,0.000440,532.118042,418.755463,534.927002,529.106140,553.126831,523.197876
1699146649027840,123.000000,0.442617,0.836627,0.322716,-0.000130,-0.000570,0.000060,-0.000440,0.000190,0.000620,737.024536,617.535278,647.963867,611.900391,653.877075,577.318237
1699146649275840,93.000000,-0.134589,0.960689,0.242822,0.000140,-0.000510,-0.000070,-0.000650,-0.000210,0.000440,471.652985,323.573120,424.602600,521.144165,552.299194,455.400269
1699146649464320,173.000000,0.442617,0.836627,0.322716,-0.000130,-0.000570,0.000060,-0.000440,0.000190,0.000620,762.038452,603.508545,654.525146,581.530640,650.567383,502.587402
1699146649494080,35.000000,0.449931,0.864327,0.224724,-0.000070,-0.000520,0.000120,-0.000450,0.000190,0.000650,225.451736,265.287048,167.038849,180.736908,205.512009,142.580566
1699146649801600,95.000000,-0.134589,0.960689,0.242822,0.000140,-0.000510,-0.000070,-0.000650,-0.000210,0.000440,511.291473,424.085144,499.899841,550.557495,515.179993,461.776764
1699146649900800,125.000000,0.442617,0.836627,0.322716,-0.000130,-0.000570,0.000060,-0.000440,0.000190,0.000620,749.513916,588.289917,587.000244,522.232117,657.211182,591.093750
1699146650029760,31.000000,0.448326,0.864652,0.226675,-0.000070,-0.000520,0.000120,-0.000450,0.000190,0.000640,201.323669,246.308853,239.558121,220.391541,231.797455,184.895081
1699146650287680,64.000000,0.060494,0.930903,-0.360223,0.000140,0.002520,-0.000070,-0.004260,-0.000210,0.003910,319.906555,105.973892,361.128906,96.239532,294.785187,99.210106
1699146650297600,82.000000,0.320382,0.548036,0.772665,-0.000370,-0.000500,-0.000070,0.000010,-0.000210,0.000440,134.747101,220.231094,322.511688,93.770798,132.045929,383.190430
1699146650337280,194.000000,0.442617,0.836627,0.322716,-0.000130,-0.000570,0.000060,-0.000440,0.000190,0.000620,694.710144,572.944885,603.980103,489.361115,715.590454,595.279053
1699146650585280,43.000000,0.452878,0.864406,0.218410,-0.000070,-0.000520,0.000130,-0.000450,0.000190,0.000650,311.020599,331.434753,204.101151,249.890411,281.149567,234.940521
1699146650773760,180.000000,0.442617,0.836627,0.322716,-0.000130,-0.000570,0.000060,-0.000440,0.000190,0.000620,669.567749,601.571350,594.311340,429.195496,666.534912,532.749084
1699146651081280,51.000000,0.449931,0.864327,0.224724,-0.000070,-0.000520,0.000120,-0.000450,0.000190,0.000650,367.967987,375.217102,257.169037,278.370728,327.479523,264.496613
1699146651120960,451.000000,-0.134589,0.960689,0.242822,0.000140,-0.000510,-0.000070,-0.000650,-0.000210,0.000440,769.885132,565.379211,827.686523,732.278931,796.747559,695.905823
1699146651230080,173.000000,0.442617,0.836627,0.322716,-0.000130,-0.000570,0.000060,-0.000440,0.000190,0.000620,652.259521,588.516113,589.755493,505.736145,684.275208,530.647949
1699146651547520,35.000000,0.448326,0.864652,0.226675,-0.000070,-0.000520,0.000120,-0.000450,0.000190,0.000640,346.817413,313.197571,203.373215,315.523865,280.985229,213.546997
1699146651676480,594.000000,-0.134589,0.960689,0.242822,0.000140,-0.000510,-0.000070,-0.000650,-0.000210,0.000440,783.857056,502.627899,813.109863,687.780640,837.620850,598.121460
1699146651686400,196.000000,0.447181,0.833632,0.324172,-0.000130,-0.000570,0.000060,-0.000430,0.000190,0.000620,653.381958,644.050537,601.135559,458.314819,686.405151,573.746033
1699146652093120,31.000000,0.449931,0.864327,0.224724,-0.000070,-0.000520,0.000120,-0.000450,0.000190,0.000650,316.705017,322.856873,307.267883,318.642639,269.547852,239.337677
1699146652182400,204.000000,0.447181,0.833632,0.324172,-0.000130,-0.000570,0.000060,-0.000430,0.000190,0.000620,708.013184,533.022705,670.363770,534.457520,767.453003,562.122009
1699146652301440,354.000000,-0.134589,0.960689,0.242822,0.000140,-0.000510,-0.000070,-0.000650,-0.000210,0.000440,700.077148,510.235413,774.468628,701.182251,743.993408,623.081116
1699146652628800,192.000000,0.442617,0.836627,0.322716,-0.000130,-0.000570,0.000060,-0.000440,0.000190,0.000620,577.850037,520.086670,566.651001,447.855133,613.417175,486.797424
1699146653095040,251.000000,0.447181,0.833632,0.324172,-0.000130,-0.000570,0.000060,-0.000430,0.000190,0.000620,633.215332,647.515137,640.665222,528.246399,747.211853,542.523865
1699146653531520,249.000000,0.447181,0.833632,0.324172,-0.000130,-0.000570,0.000060,-0.000430,0.000190,0.000620,630.864075,631.093140,631.185059,650.428650,770.983093,626.875305
1699146653839040,35.000000,0.449931,0.864327,0.224724,-0.000070,-0.000520,0.000120,-0.000450,0.000190,0.000650,295.182739,349.842682,227.977127,296.415161,167.441620,239.060349
1699146653968000,206.000000,0.447181,0.833632,0.324172,-0.000130,-0.000570,0.000060,-0.000430,0.000190,0.000620,644.445068,655.225220,697.331482,624.753052,802.381653,598.552063
1699146654354880,43.000000,0.459084,0.861351,0.217525,-0.000070,-0.000520,0.000130,-0.000450,0.000200,0.000650,386.601440,434.153259,275.569733,458.752777,351.503571,321.545715
1699146654394560,29.000000,0.799633,-0.563167,-0.208398,-0.003030,0.005080,0.000060,0.005250,0.001970,0.004880,138.268250,108.495575,428.819550,106.065567,121.619446,92.332169
1699146654404480,200.000000,0.447181,0.833632,0.324172,-0.000130,-0.000570,0.000060,-0.000430,0.000190,0.000620,598.556885,485.259674,549.514160,681.858337,524.334167,404.578217
1699146654831040,206.000000,0.448886,0.833700,0.321630,-0.000130,-0.000570,0.000060,-0.000430,0.000190,0.000630,636.395508,717.895020,729.917480,520.161377,747.990723,499.128845
1699146654870720,28.000000,0.454610,0.861601,0.225773,-0.000070,-0.000520,0.000120,-0.000450,0.000200,0.000640,313.647705,345.590302,300.536316,382.611298,229.761200,248.987106
1699146655267520,130.000000,0.447181,0.833632,0.324172,-0.000130,-0.000570,0.000060,-0.000430,0.000190,0.000620,465.736267,591.954773,577.469666,636.066040,636.932068,496.013092
1699146655485760,37.000000,0.456164,0.861287,0.223830,-0.000070,-0.000520,0.000120,-0.000450,0.000200,0.000650,362.515991,423.301208,236.796356,377.324646,318.932220,260.195679
1699146655684160,150.000000,0.448886,0.833700,0.321630,-0.000130,-0.000570,0.000060,-0.000430,0.000190,0.000630,572.590515,664.745850,663.145264,498.706970,678.638367,467.087341
1699146656090880,128.000000,0.448886,0.833700,0.321630,-0.000130,-0.000570,0.000060,-0.000430,0.000190,0.000630,493.205139,590.654236,600.899597,523.156738,533.287903,403.562134
1699146656229760,24.000000,0.459084,0.861351,0.217525,-0.000070,-0.000520,0.000130,-0.000450,0.000200,0.000650,198.720062,292.636963,193.549438,188.044998,190.584320,161.723495
1699146656517440,127.000000,0.448886,0.833700,0.321630,-0.000130,-0.000570,0.000060,-0.000430,0.000190,0.000630,394.189117,581.675720,600.488342,531.094360,542.528015,421.670044
1699146656934080,112.000000,0.447181,0.833632,0.324172,-0.000130,-0.000570,0.000060,-0.000430,0.000190,0.000620,415.052734,534.220215,544.618652,585.009644,526.892761,487.949951
1699146657360640,111.000000,0.447181,0.833632,0.324172,-0.000130,-0.000570,0.000060,-0.000430,0.000190,0.000620,440.443237,482.811737,575.743530,580.007874,583.517517,463.704590
1699146657787200,124.000000,0.450194,0.829975,0.329343,-0.000140,-0.000570,0.000060,-0.000430,0.000190,0.000620,513.045593,604.241455,455.969360,619.340698,577.511230,482.587524
1699146658213760,114.000000,0.450194,0.829975,0.329343,-0.000140,-0.000570,0.000060,-0.000430,0.000190,0.000620,465.081665,664.305237,560.159912,660.949158,573.617004,472.067657
1699146658640320,144.000000,0.450194,0.829975,0.329343,-0.000140,-0.000570,0.000060,-0.000430,0.000190,0.000620,525.397827,658.793701,570.359741,703.619751,564.046143,416.731598
1699146659056960,157.000000,0.450194,0.829975,0.329343,-0.000140,-0.000570,0.000060,-0.000430,0.000190,0.000620,580.996826,635.229004,571.071960,723.870972,645.586365,567.004578
1699146659493440,204.000000,0.450194,0.829975,0.329343,-0.000140,-0.000570,0.000060,-0.000430,0.000190,0.000620,653.836182,742.495605,579.920166,795.342896,610.331055,527.166687
1699146659929920,205.000000,0.450194,0.829975,0.329343,-0.000140,-0.000570,0.000060,-0.000430,0.000190,0.000620,559.780212,680.370239,561.984863,682.098022,554.833496,467.330536
1699146660386240,273.000000,0.450194,0.829975,0.329343,-0.000140,-0.000570,0.000060,-0.000430,0.000190,0.000620,752.728088,803.404297,602.826416,878.814575,684.040100,589.735474
1699146660812800,716.000000,0.450194,0.829975,0.329343,-0.000140,-0.000570,0.000060,-0.000430,0.000190,0.000620,806.682007,865.281982,716.048706,917.707886,742.402893,678.641724
1699146661249280,721.000000,0.450194,0.829975,0.329343,-0.000140,-0.000570,0.000060,-0.000430,0.000190,0.000620,893.659912,930.964600,701.180664,927.726501,667.340454,623.490356
1699146661259200,36.000000,-0.564164,-0.820876,-0.088777,-0.000010,0.005060,-0.003910,-0.001900,0.002240,-0.003920,136.884537,100.205658,105.195587,113.040466,145.034424,109.376404
1699146661675840,782.000000,0.450194,0.829975,0.329343,-0.000140,-0.000570,0.000060,-0.000430,0.000190,0.000620,877.589233,889.208862,629.542725,941.846802,685.483704,661.432251
1699146662102400,317.000000,0.450194,0.829975,0.329343,-0.000140,-0.000570,0.000060,-0.000430,0.000190,0.000620,777.169189,810.943726,702.775391,904.352661,645.494324,648.529968
1699146662429760,46.000000,0.473163,0.852277,0.223025,-0.000080,-0.000520,0.000130,-0.000440,0.000210,0.000650,464.700287,458.034210,371.222229,392.840271,252.024353,386.372589
1699146662509120,440.000000,0.450194,0.829975,0.329343,-0.000140,-0.000570,0.000060,-0.000430,0.000190,0.000620,887.818970,894.848145,763.848206,920.817444,559.430664,571.615234
1699146662945600,341.000000,-0.134589,0.960689,0.242822,0.000140,-0.000510,-0.000070,-0.000650,-0.000210,0.000440,831.324402,764.429871,713.420471,720.459595,739.322876,487.817657
1699146662995200,38.000000,0.467029,0.855413,0.223948,-0.000080,-0.000520,0.000130,-0.000440,0.000200,0.000650,355.268890,417.688568,336.538330,327.669861,324.102905,445.927704
1699146663005120,227.000000,0.458078,0.827110,0.325658,-0.000140,-0.000570,0.000060,-0.000430,0.000200,0.000630,802.588074,796.473877,664.019653,839.520325,539.955811,502.360962
1699146663094400,112.000000,0.362139,0.825100,0.433665,-0.000170,-0.000610,-0.000040,-0.000450,0.000130,0.000580,510.545013,350.050690,389.270233,380.868225,416.600983,573.247192
1699146663471360,172.000000,0.450194,0.829975,0.329343,-0.000140,-0.000570,0.000060,-0.000430,0.000190,0.000620,694.199585,683.931763,561.530945,725.262451,493.533081,537.322754
1699146663501120,87.000000,0.473163,0.852277,0.223025,-0.000080,-0.000520,0.000130,-0.000440,0.000210,0.000650,485.161987,521.294434,426.687469,470.405884,333.988892,485.581421
1699146663520960,235.000000,-0.139973,0.959528,0.244365,0.000140,-0.000510,-0.000070,-0.000650,-0.000210,0.000430,772.372314,758.424072,579.876709,698.412415,598.121826,543.730286
1699146663649920,107.000000,0.360907,0.824127,0.436533,-0.000170,-0.000620,-0.000040,-0.000450,0.000130,0.000580,582.739624,357.252930,416.329773,393.123596,464.436066,609.788208
1699146663878080,211.000000,0.210498,-0.862256,0.460657,-0.003030,0.001060,0.000050,0.001260,-0.000980,-0.000200,123.225998,117.387131,438.471008,94.982979,96.506004,100.793167
1699146663888000,201.000000,0.456442,0.827002,0.328220,-0.000140,-0.000570,0.000060,-0.000430,0.000200,0.000620,597.667053,612.065674,432.682526,747.094482,251.323364,305.636383
1699146664036800,51.000000,0.467029,0.855413,0.223948,-0.000080,-0.000520,0.000130,-0.000440,0.000200,0.000650,317.450928,414.020874,367.884735,324.255920,260.301056,362.520508
1699146664165760,342.000000,-0.139973,0.959528,0.244365,0.000140,-0.000510,-0.000070,-0.000650,-0.000210,0.000430,846.451416,784.717407,682.668518,686.280884,778.796387,558.644165
1699146664264960,101.000000,0.360907,0.824127,0.436533,-0.000170,-0.000620,-0.000040,-0.000450,0.000130,0.000580,583.110657,480.538177,605.875122,372.772675,451.096313,632.007996
1699146664374080,239.000000,0.450194,0.829975,0.329343,-0.000140,-0.000570,0.000060,-0.000430,0.000190,0.000620,874.719360,800.136536,520.872009,814.733032,469.738098,573.423950
1699146664592320,38.000000,0.791306,-0.026290,-0.610855,-0.000080,-0.000520,0.002270,-0.000440,0.001540,-0.001220,214.257736,168.118256,121.249237,200.486481,109.883873,92.192795
1699146664731200,157.000000,-0.139973,0.959528,0.244365,0.000140,-0.000510,-0.000070,-0.000650,-0.000210,0.000430,831.447449,723.322693,652.677490,670.357422,754.101807,494.028748
1699146664790720,146.000000,0.456442,0.827002,0.328220,-0.000140,-0.000570,0.000060,-0.000430,0.000200,0.000620,788.195435,707.866333,560.941711,729.506836,509.085358,587.613464
1699146664870080,105.000000,0.365144,0.821177,0.438563,-0.000170,-0.000620,-0.000040,-0.000440,0.000130,0.000580,616.796692,557.777771,672.669556,526.505127,476.568268,675.294373
1699146665068480,53.000000,-0.093138,0.699970,0.708072,-0.000080,-0.002940,0.000130,-0.001330,0.000210,-0.000870,293.880066,112.785080,268.599579,113.176704,207.528946,105.413605
1699146665217280,200.000000,0.446907,0.829239,0.335614,-0.000140,-0.000570,0.000050,-0.000430,0.000190,0.000620,844.717529,809.241394,579.188599,826.646912,589.089111,705.416382
1699146665296640,143.000000,-0.139973,0.959528,0.244365,0.000140,-0.000510,-0.000070,-0.000650,-0.000210,0.000430,735.256409,658.794312,661.365723,612.484985,713.985229,443.658295
1699146665524800,98.000000,0.371826,0.818751,0.437485,-0.000170,-0.000620,-0.000040,-0.000440,0.000140,0.000580,538.064087,719.091858,760.479126,614.761414,489.148560,773.786621
1699146665663680,155.000000,0.456442,0.827002,0.328220,-0.000140,-0.000570,0.000060,-0.000430,0.000200,0.000620,673.492432,630.672180,396.306915,661.946167,406.660400,538.130737
1699146665872000,157.000000,-0.139973,0.959528,0.244365,0.000140,-0.000510,-0.000070,-0.000650,-0.000210,0.000430,699.489868,682.994629,510.947174,594.437500,573.147949,502.844330
1699146666040640,132.000000,0.374779,0.814791,0.442330,-0.000180,-0.000620,-0.000040,-0.000440,0.000140,0.000580,383.836975,674.646667,721.025085,599.963745,428.388336,707.052246
1699146666090240,149.000000,0.456442,0.827002,0.328220,-0.000140,-0.000570,0.000060,-0.000430,0.000200,0.000620,725.311401,693.342285,564.170410,684.008850,562.600586,482.663269
1699146666328320,54.000000,0.473163,0.852277,0.223025,-0.000080,-0.000520,0.000130,-0.000440,0.000210,0.000650,437.057770,498.560883,440.246857,465.787903,466.142578,485.746124
1699146666427520,48.000000,-0.139973,0.959528,0.244365,0.000140,-0.000510,-0.000070,-0.000650,-0.000210,0.000430,382.583252,430.357025,247.542633,371.654114,290.163422,317.043457
1699146666516800,192.000000,0.456442,0.827002,0.328220,-0.000140,-0.000570,0.000060,-0.000430,0.000200,0.000620,774.670776,742.976562,577.864136,695.374878,602.306824,574.926208
1699146666556480,117.000000,0.365144,0.821177,0.438563,-0.000170,-0.000620,-0.000040,-0.000440,0.000130,0.000580,464.713593,646.354248,770.315857,612.800537,399.909027,612.139648
1699146666804480,81.000000,-0.972386,0.188212,-0.137995,-0.000080,0.000630,0.000130,-0.003280,0.000210,-0.002770,426.861786,121.907990,396.736511,93.578674,404.934540,121.150970
1699146666943360,126.000000,0.456442,0.827002,0.328220,-0.000140,-0.000570,0.000060,-0.000430,0.000200,0.000620,674.425354,611.059692,471.606384,629.050049,565.939880,507.201355
1699146666953280,74.000000,-0.134589,0.960689,0.242822,0.000140,-0.000510,-0.000070,-0.000650,-0.000210,0.000440,516.165649,575.581543,389.403992,450.401428,421.861206,317.371185
1699146667072320,132.000000,0.363890,0.820219,0.441390,-0.000180,-0.000620,-0.000040,-0.000450,0.000130,0.000580,479.557617,205.805328,752.948792,150.332230,433.610992,172.535950
1699146667260800,75.000000,0.473163,0.852277,0.223025,-0.000080,-0.000520,0.000130,-0.000440,0.000210,0.000650,429.626099,534.990479,372.907715,445.687012,433.348755,430.712433
1699146667379840,100.000000,0.456442,0.827002,0.328220,-0.000140,-0.000570,0.000060,-0.000430,0.000200,0.000620,683.607422,620.837524,548.786377,603.256042,590.092529,431.066895
1699146667479040,74.000000,-0.139973,0.959528,0.244365,0.000140,-0.000510,-0.000070,-0.000650,-0.000210,0.000430,550.772583,516.736877,284.184540,458.280396,347.243927,269.452179
1699146667617920,244.000000,0.374779,0.814791,0.442330,-0.000180,-0.000620,-0.000040,-0.000440,0.000140,0.000580,685.429932,757.711182,739.463623,779.875366,609.149170,685.908203
1699146667707200,73.000000,0.473163,0.852277,0.223025,-0.000080,-0.000520,0.000130,-0.000440,0.000210,0.000650,472.238251,498.266052,443.460327,532.929932,566.759277,540.871948
1699146667796480,96.000000,0.456442,0.827002,0.328220,-0.000140,-0.000570,0.000060,-0.000430,0.000200,0.000620,646.931519,622.278809,429.836060,564.184448,531.097168,451.177368
1699146668133760,139.000000,-0.139973,0.959528,0.244365,0.000140,-0.000510,-0.000070,-0.000650,-0.000210,0.000430,540.609436,575.962646,357.937805,444.208954,523.884155,422.370209
1699146668143680,402.000000,0.374779,0.814791,0.442330,-0.000180,-0.000620,-0.000040,-0.000440,0.000140,0.000580,831.565674,886.763184,847.577026,880.092041,707.570312,781.218506
1699146668213120,146.000000,0.456442,0.827002,0.328220,-0.000140,-0.000570,0.000060,-0.000430,0.000200,0.000620,624.153198,640.424316,444.528748,616.465088,473.281586,397.099396
1699146668312320,51.000000,0.473163,0.852277,0.223025,-0.000080,-0.000520,0.000130,-0.000440,0.000210,0.000650,423.592773,514.033081,396.884766,462.033569,440.806122,514.084351
1699146668639680,101.000000,0.456442,0.827002,0.328220,-0.000140,-0.000570,0.000060,-0.000430,0.000200,0.000620,599.795776,560.828247,460.254395,493.715027,563.219421,423.870544
1699146668659520,327.000000,0.374779,0.814791,0.442330,-0.000180,-0.000620,-0.000040,-0.000440,0.000140,0.000580,749.920715,765.989563,707.729004,792.188477,671.348694,715.465515
1699146668798400,57.000000,0.473163,0.852277,0.223025,-0.000080,-0.000520,0.000130,-0.000440,0.000210,0.000650,304.464172,398.635071,352.451233,417.375122,432.372192,444.240784
1699146669066240,85.000000,0.458078,0.827110,0.325658,-0.000140,-0.000570,0.000060,-0.000430,0.000200,0.000630,607.795654,589.740234,564.715149,558.007080,606.735474,406.759460
1699146669165440,105.000000,-0.143590,0.957471,0.250261,0.000140,-0.000510,-0.000080,-0.000650,-0.000210,0.000430,538.271729,615.604736,399.995850,478.184937,360.425079,478.312256
1699146669185280,193.000000,0.374779,0.814791,0.442330,-0.000180,-0.000620,-0.000040,-0.000440,0.000140,0.000580,840.512268,840.663391,729.694519,823.493347,710.742737,663.706116
1699146669334080,48.000000,0.473163,0.852277,0.223025,-0.000080,-0.000520,0.000130,-0.000440,0.000210,0.000650,305.618378,413.655212,389.938385,295.504517,372.811554,368.582520
1699146669492800,103.000000,0.456442,0.827002,0.328220,-0.000140,-0.000570,0.000060,-0.000430,0.000200,0.000620,592.291504,677.664185,520.610413,515.284302,626.933350,449.854156
1699146669651520,85.000000,-0.143590,0.957471,0.250261,0.000140,-0.000510,-0.000080,-0.000650,-0.000210,0.000430,487.417664,576.391846,398.325745,457.491547,401.657928,424.288361
1699146669701120,81.000000,0.374779,0.814791,0.442330,-0.000180,-0.000620,-0.000040,-0.000440,0.000140,0.000580,709.370544,798.404663,580.037537,713.428711,687.261963,567.811035
1699146670028480,71.000000,0.456442,0.827002,0.328220,-0.000140,-0.000570,0.000060,-0.000430,0.000200,0.000620,586.368774,613.232483,552.120911,440.652039,607.703796,435.770294
1699146670197120,88.000000,-0.143590,0.957471,0.250261,0.000140,-0.000510,-0.000080,-0.000650,-0.000210,0.000430,591.162048,606.274658,333.061401,553.752808,404.904602,399.843842
1699146670256640,85.000000,0.374779,0.814791,0.442330,-0.000180,-0.000620,-0.000040,-0.000440,0.000140,0.000580,598.953918,696.603821,499.566467,640.811707,663.217041,541.378967
1699146670415360,58.000000,0.473163,0.852277,0.223025,-0.000080,-0.000520,0.000130,-0.000440,0.000210,0.000650,295.346924,402.323303,333.274597,291.569702,345.632050,390.174011
1699146670435200,127.000000,0.456442,0.827002,0.328220,-0.000140,-0.000570,0.000060,-0.000430,0.000200,0.000620,559.469116,554.107788,475.018555,463.057678,582.043335,392.772400
1699146670703040,137.000000,-0.139973,0.959528,0.244365,0.000140,-0.000510,-0.000070,-0.000650,-0.000210,0.000430,610.944092,690.038208,349.425110,579.666992,575.177124,400.619843
1699146670901440,42.000000,0.476373,0.849057,0.228410,-0.000090,-0.000520,0.000130,-0.000440,0.000210,0.000650,191.284668,337.592285,342.384979,354.205261,346.512177,352.304443
1699146670941120,352.000000,0.374779,0.814791,0.442330,-0.000180,-0.000620,-0.000040,-0.000440,0.000140,0.000580,765.246094,835.037842,597.647217,844.320923,843.485413,699.099487
1699146671000640,134.000000,0.458078,0.827110,0.325658,-0.000140,-0.000570,0.000060,-0.000430,0.000200,0.000630,675.872253,696.359131,650.481018,566.872070,688.896545,491.080414
1699146671407360,148.000000,-0.143590,0.957471,0.250261,0.000140,-0.000510,-0.000080,-0.000650,-0.000210,0.000430,617.149475,421.353088,465.321136,346.546814,433.605957,340.771362
1699146671496640,128.000000,0.371072,0.813252,0.448249,-0.000180,-0.000620,-0.000050,-0.000440,0.000140,0.000580,485.478699,811.592651,544.783203,608.403687,797.111206,471.256226
1699146671526400,57.000000,0.476373,0.849057,0.228410,-0.000090,-0.000520,0.000130,-0.000440,0.000210,0.000650,290.492737,430.984253,368.064178,334.666901,313.395050,420.193176
1699146671824000,168.000000,0.458078,0.827110,0.325658,-0.000140,-0.000570,0.000060,-0.000430,0.000200,0.000630,734.808960,676.633362,724.107605,512.781128,783.509338,473.139038
1699146671933120,136.000000,-0.143590,0.957471,0.250261,0.000140,-0.000510,-0.000080,-0.000650,-0.000210,0.000430,614.833313,697.008545,520.324036,572.500427,417.270966,584.622437
1699146672002560,151.000000,0.373995,0.809251,0.453036,-0.000190,-0.000620,-0.000050,-0.000440,0.000140,0.000580,473.015320,716.867188,535.513977,535.349487,754.486023,521.589172
1699146672091840,73.000000,0.473163,0.852277,0.223025,-0.000080,-0.000520,0.000130,-0.000440,0.000210,0.000650,298.614929,478.287720,476.167847,399.888458,395.281555,437.853394
1699146672429120,154.000000,-0.143590,0.957471,0.250261,0.000140,-0.000510,-0.000080,-0.000650,-0.000210,0.000430,668.149841,769.722595,432.729858,648.300049,602.347412,528.583923
1699146672488640,134.000000,0.375845,0.805428,0.458286,-0.000190,-0.000620,-0.000050,-0.000430,0.000140,0.000570,578.648621,644.466553,560.311646,408.781708,702.352417,394.527374
1699146672637440,94.000000,0.476373,0.849057,0.228410,-0.000090,-0.000520,0.000130,-0.000440,0.000210,0.000650,386.754944,466.496826,442.065643,288.473785,383.108521,503.201782
1699146672667200,157.000000,0.450790,0.822904,0.345858,-0.000140,-0.000570,0.000060,-0.000420,0.000200,0.000560,601.056519,613.265503,415.794373,527.995789,421.412506,238.884872
1699146672944960,166.000000,-0.143590,0.957471,0.250261,0.000140,-0.000510,-0.000080,-0.000650,-0.000210,0.000430,639.145386,730.564941,644.981384,591.900024,424.416656,690.434448
1699146673014400,134.000000,0.375845,0.805428,0.458286,-0.000190,-0.000620,-0.000050,-0.000430,0.000140,0.000570,674.576660,668.474365,610.663696,476.293732,746.818909,443.060394
1699146673054080,129.000000,0.462639,0.824002,0.327086,-0.000140,-0.000570,0.000060,-0.000420,0.000200,0.000630,680.934998,633.557800,725.316895,443.567078,710.503174,513.578064
1699146673312000,82.000000,0.481081,0.846121,0.229434,-0.000090,-0.000520,0.000130,-0.000430,0.000210,0.000650,434.602356,529.372192,446.381714,324.609375,333.471252,529.087097
1699146673450880,163.000000,-0.143590,0.957471,0.250261,0.000140,-0.000510,-0.000080,-0.000650,-0.000210,0.000430,684.355835,821.886841,646.274780,654.701172,470.975220,696.841309
1699146673530240,158.000000,0.378241,0.806123,0.455081,-0.000190,-0.000620,-0.000050,-0.000430,0.000140,0.000580,655.571594,649.748657,600.928711,481.252625,722.548889,473.252075
1699146673768320,226.000000,0.462639,0.824002,0.327086,-0.000140,-0.000570,0.000060,-0.000420,0.000200,0.000630,695.652100,637.901245,782.547058,499.472229,749.019043,545.389099
1699146673946880,72.000000,0.487138,0.842910,0.228472,-0.000090,-0.000520,0.000130,-0.000430,0.000220,0.000650,454.973053,464.714111,498.369385,334.736115,322.411530,482.703217
1699146674056000,185.000000,0.375845,0.805428,0.458286,-0.000190,-0.000620,-0.000050,-0.000430,0.000140,0.000570,684.783447,535.987793,676.954651,577.714905,766.688232,482.401398
1699146674075840,155.000000,-0.616306,-0.645506,-0.451097,0.000140,0.004890,-0.000080,-0.001670,-0.000210,-0.004970,609.685303,116.546181,498.815796,109.079262,495.102936,107.912338
1699146674085760,74.000000,0.922671,-0.382165,0.051270,0.000000,-0.000510,-0.000070,0.001850,0.003410,0.000300,147.932770,291.106323,237.145966,127.529160,117.290192,186.107391
1699146674383360,158.000000,0.462639,0.824002,0.327086,-0.000140,-0.000570,0.000060,-0.000420,0.000200,0.000630,714.442261,593.511963,778.891724,544.595154,758.662659,555.255920
1699146674581760,122.000000,0.375845,0.805428,0.458286,-0.000190,-0.000620,-0.000050,-0.000430,0.000140,0.000570,786.189514,607.287048,728.879883,648.720703,715.970703,421.734039
1699146674591680,280.000000,-0.040222,-0.935399,-0.351299,0.000140,0.004050,-0.000080,0.004820,-0.000210,-0.001770,600.159912,104.689476,674.554077,113.322159,499.940247,96.705658
1699146674611520,98.000000,0.487138,0.842910,0.228472,-0.000090,-0.000520,0.000130,-0.000430,0.000220,0.000650,409.411926,452.013641,432.172424,356.779053,291.029022,469.660126
1699146674948800,169.000000,0.462639,0.824002,0.327086,-0.000140,-0.000570,0.000060,-0.000420,0.000200,0.000630,636.408325,611.874084,705.701294,514.939819,597.002991,567.365173
1699146675097600,512.000000,-0.143590,0.957471,0.250261,0.000140,-0.000510,-0.000080,-0.000650,-0.000210,0.000430,749.946533,898.788879,739.169067,749.063354,482.414246,773.529175
1699146675107520,139.000000,0.375845,0.805428,0.458286,-0.000190,-0.000620,-0.000050,-0.000430,0.000140,0.000570,716.009888,645.317383,728.626404,697.446228,656.003479,529.650635
1699146675365440,102.000000,0.487138,0.842910,0.228472,-0.000090,-0.000520,0.000130,-0.000430,0.000220,0.000650,476.193604,510.892883,444.306366,411.634521,329.185333,511.947235
1699146675573760,183.000000,-0.143590,0.957471,0.250261,0.000140,-0.000510,-0.000080,-0.000650,-0.000210,0.000430,544.351013,786.304688,721.088745,529.098022,484.293701,729.648926
1699146675613440,89.000000,-0.164374,0.745720,0.645665,-0.002980,-0.003460,0.000060,-0.005330,-0.001120,-0.000430,102.185410,104.880859,283.146118,103.680038,96.437897,123.989456
1699146675623360,122.000000,0.462639,0.824002,0.327086,-0.000140,-0.000570,0.000060,-0.000420,0.000200,0.000630,480.228668,438.888000,540.416382,546.443604,467.604034,379.976013
1699146675702720,162.000000,0.375845,0.805428,0.458286,-0.000190,-0.000620,-0.000050,-0.000430,0.000140,0.000570,643.968262,543.991577,795.030884,748.009827,681.134155,541.960876
1699146675821760,95.000000,0.487138,0.842910,0.228472,-0.000090,-0.000520,0.000130,-0.000430,0.000220,0.000650,507.225586,504.501068,456.508545,475.313019,435.711365,517.875549
1699146676188800,351.000000,-0.143590,0.957471,0.250261,0.000140,-0.000510,-0.000080,-0.000650,-0.000210,0.000430,675.668518,869.857727,711.476807,718.005798,509.665283,704.700195
1699146676248320,103.000000,0.375845,0.805428,0.458286,-0.000190,-0.000620,-0.000050,-0.000430,0.000140,0.000570,542.646179,530.049316,759.292542,754.630005,601.109131,584.320312
1699146676268160,72.000000,0.487138,0.842910,0.228472,-0.000090,-0.000520,0.000130,-0.000430,0.000220,0.000650,489.648987,462.624207,495.592773,440.077759,452.944397,556.215515
1699146676317760,184.000000,0.462639,0.824002,0.327086,-0.000140,-0.000570,0.000060,-0.000420,0.000200,0.000630,597.698608,626.779785,750.518433,625.252808,555.122070,651.353638
1699146676734400,193.000000,-0.143590,0.957471,0.250261,0.000140,-0.000510,-0.000080,-0.000650,-0.000210,0.000430,534.490234,841.362122,744.046021,518.856873,512.453979,759.382690
1699146676764160,277.000000,0.375845,0.805428,0.458286,-0.000190,-0.000620,-0.000050,-0.000430,0.000140,0.000570,539.099792,608.915527,739.129272,778.352966,633.379517,657.761230
1699146676942720,285.000000,0.462639,0.824002,0.327086,-0.000140,-0.000570,0.000060,-0.000420,0.000200,0.000630,703.434937,587.519287,777.719238,724.398682,522.072632,712.186035
1699146677250240,201.000000,-0.143590,0.957471,0.250261,0.000140,-0.000510,-0.000080,-0.000650,-0.000210,0.000430,588.118103,761.346191,633.524658,581.735474,526.019958,639.128418
1699146677339520,135.000000,0.383987,0.797968,0.464543,-0.000200,-0.000630,-0.000050,-0.000430,0.000150,0.000570,555.519043,487.892059,632.376282,700.296143,382.971069,390.782043
1699146677389120,59.000000,0.487138,0.842910,0.228472,-0.000090,-0.000520,0.000130,-0.000430,0.000220,0.000650,398.685181,404.043518,410.814301,343.695374,389.297882,418.678650
1699146677557760,233.000000,0.462639,0.824002,0.327086,-0.000140,-0.000570,0.000060,-0.000420,0.000200,0.000630,689.812256,682.156006,862.214111,753.247559,597.749695,787.150085
1699146677766080,79.000000,-0.143590,0.957471,0.250261,0.000140,-0.000510,-0.000080,-0.000650,-0.000210,0.000430,429.925262,567.294678,516.475647,446.795959,379.095825,518.014099
1699146677885120,58.000000,0.487138,0.842910,0.228472,-0.000090,-0.000520,0.000130,-0.000430,0.000220,0.000650,366.678192,397.721191,339.206970,402.073730,302.728485,431.018494
1699146677904960,112.000000,0.383987,0.797968,0.464543,-0.000200,-0.000630,-0.000050,-0.000430,0.000150,0.000570,643.622559,480.675354,625.349426,633.051147,407.990601,580.375610
1699146678252160,317.000000,0.667127,0.667475,0.330784,-0.000140,-0.000300,0.000060,-0.000150,0.000200,0.000360,802.857971,119.409195,761.163696,118.055649,540.861694,137.531021
1699146678321600,39.000000,0.487138,0.842910,0.228472,-0.000090,-0.000520,0.000130,-0.000430,0.000220,0.000650,334.274292,319.811096,308.882751,348.875427,345.815796,372.234650
1699146678341440,106.000000,-0.143590,0.957471,0.250261,0.000140,-0.000510,-0.000080,-0.000650,-0.000210,0.000430,468.744965,671.376221,619.794250,535.170105,424.198975,622.329651
1699146678490240,101.000000,0.383987,0.797968,0.464543,-0.000200,-0.000630,-0.000050,-0.000430,0.000150,0.000570,722.015869,496.014221,598.966187,581.705872,508.358368,643.249695
1699146678926720,127.000000,-0.143590,0.957471,0.250261,0.000140,-0.000510,-0.000080,-0.000650,-0.000210,0.000430,465.256165,664.500732,622.760254,529.654480,468.612122,569.686707
1699146678936640,157.000000,0.462639,0.824002,0.327086,-0.000140,-0.000570,0.000060,-0.000420,0.000200,0.000630,695.774780,506.379150,731.119019,747.537537,515.047302,697.356140
1699146678946560,96.000000,0.383987,0.797968,0.464543,-0.000200,-0.000630,-0.000050,-0.000430,0.000150,0.000570,713.227661,556.168213,522.500488,562.101074,480.354218,635.077759
1699146679045760,32.000000,0.487138,0.842910,0.228472,-0.000090,-0.000520,0.000130,-0.000430,0.000220,0.000650,465.337616,385.137085,395.292816,447.243591,431.816711,441.050995
1699146679462400,119.000000,0.383987,0.797968,0.464543,-0.000200,-0.000630,-0.000050,-0.000430,0.000150,0.000570,692.346436,571.541382,513.829529,462.797424,607.216858,594.860596
1699146679502080,223.000000,-0.143590,0.957471,0.250261,0.000140,-0.000510,-0.000080,-0.000650,-0.000210,0.000430,521.504578,724.770630,736.430786,599.303467,470.555664,646.856323
1699146679512000,213.000000,0.464271,0.824551,0.323369,-0.000140,-0.000560,0.000060,-0.000420,0.000200,0.000630,711.860962,557.767761,666.968933,699.937500,475.885803,610.071350
1699146679750080,34.000000,0.487138,0.842910,0.228472,-0.000090,-0.000520,0.000130,-0.000430,0.000220,0.000650,251.313538,340.808807,330.050476,263.943542,300.543427,327.007538
1699146680047680,155.000000,0.383987,0.797968,0.464543,-0.000200,-0.000630,-0.000050,-0.000430,0.000150,0.000570,654.097778,592.871948,404.035675,403.434296,580.417542,632.719482
1699146680107200,157.000000,0.470444,0.821496,0.322222,-0.000140,-0.000560,0.000060,-0.000420,0.000210,0.000630,715.206421,519.065308,629.069641,731.824585,518.876282,729.566528
1699146680117120,117.000000,-0.143590,0.957471,0.250261,0.000140,-0.000510,-0.000080,-0.000650,-0.000210,0.000430,491.358704,756.847595,713.920105,565.364319,450.754364,635.635315
1699146680543680,125.000000,0.384473,0.793063,0.472473,-0.000200,-0.000630,-0.000060,-0.000420,0.000150,0.000570,427.861206,519.085571,369.898499,382.000336,519.389221,541.098511
1699146680662720,70.000000,-0.143590,0.957471,0.250261,0.000140,-0.000510,-0.000080,-0.000650,-0.000210,0.000430,356.800781,463.140686,451.578979,360.837830,292.811615,365.211334
1699146680712320,207.000000,0.470444,0.821496,0.322222,-0.000140,-0.000560,0.000060,-0.000420,0.000210,0.000630,742.743286,606.582397,597.624878,790.555115,591.781311,764.771729
1699146681069440,134.000000,-0.599790,-0.660975,-0.450958,-0.000210,0.005390,-0.000060,-0.002240,0.000150,-0.005450,355.552307,108.600494,495.567017,111.242813,591.504517,117.232719
1699146681188480,80.000000,-0.138595,0.956129,0.258086,0.000130,-0.000510,-0.000080,-0.000640,-0.000210,0.000430,348.924377,493.779358,506.285950,305.053040,344.804840,429.796936
1699146681307520,178.000000,0.470444,0.821496,0.322222,-0.000140,-0.000560,0.000060,-0.000420,0.000210,0.000630,603.031494,458.651001,532.220581,613.896973,486.628571,630.871582
1699146681654720,95.000000,0.387292,0.788898,0.477121,-0.000210,-0.000630,-0.000060,-0.000420,0.000150,0.000570,527.997803,687.734131,627.804077,658.988281,710.740906,700.325989
1699146681813440,119.000000,0.470444,0.821496,0.322222,-0.000140,-0.000560,0.000060,-0.000420,0.000210,0.000630,656.958069,483.126770,506.245850,598.740662,434.775574,599.317261
1699146681972160,229.000000,-0.140206,0.956372,0.256309,0.000130,-0.000510,-0.000080,-0.000650,-0.000210,0.000430,500.967957,753.790283,786.252319,540.694519,597.079651,670.620361
1699146682230080,140.000000,0.387292,0.788898,0.477121,-0.000210,-0.000630,-0.000060,-0.000420,0.000150,0.000570,623.729736,720.996216,712.517700,717.845398,753.736816,727.750244
1699146682329280,96.000000,-0.143141,-0.096888,-0.984948,-0.000140,0.005260,0.000060,-0.002130,0.000210,0.000920,485.282135,116.366272,290.761902,95.721680,370.332031,100.636597
1699146682488000,231.000000,-0.140206,0.956372,0.256309,0.000130,-0.000510,-0.000080,-0.000650,-0.000210,0.000430,515.706787,806.635986,806.072510,603.831421,646.997803,673.959534
1699146682755840,102.000000,0.621730,0.690870,0.368987,-0.000210,-0.003490,-0.000060,0.001050,0.000150,0.005120,310.566345,111.000443,681.233582,121.705803,366.553223,90.872833
1699146682805440,85.000000,0.473632,0.822110,0.315924,-0.000140,-0.000560,0.000070,-0.000420,0.000210,0.000630,474.955261,437.159332,358.601257,500.244476,478.668427,515.354919
1699146682984000,215.000000,-0.140206,0.956372,0.256309,0.000130,-0.000510,-0.000080,-0.000650,-0.000210,0.000430,503.848419,699.468018,754.119995,504.418701,621.739014,587.979797
1699146683271680,71.000000,0.473632,0.822110,0.315924,-0.000140,-0.000560,0.000070,-0.000420,0.000210,0.000630,495.221130,444.710693,334.843353,512.135315,485.308563,485.441101
1699146683281600,62.000000,0.387292,0.788898,0.477121,-0.000210,-0.000630,-0.000060,-0.000420,0.000150,0.000570,550.479675,590.717529,533.390320,640.972595,572.623596,577.550903
1699146683450240,157.000000,-0.140206,0.956372,0.256309,0.000130,-0.000510,-0.000080,-0.000650,-0.000210,0.000430,615.454224,762.081665,809.546997,465.422455,667.530640,726.808289
1699146683718080,66.000000,0.473632,0.822110,0.315924,-0.000140,-0.000560,0.000070,-0.000420,0.000210,0.000630,340.596680,373.534546,252.419037,424.181366,304.359467,326.095490
1699146683787520,84.000000,0.387292,0.788898,0.477121,-0.000210,-0.000630,-0.000060,-0.000420,0.000150,0.000570,660.960815,361.707733,711.497559,350.798462,709.332764,343.105804
1699146683966080,164.000000,-0.140206,0.956372,0.256309,0.000130,-0.000510,-0.000080,-0.000650,-0.000210,0.000430,636.173889,601.536011,789.724731,602.357117,672.398254,569.154663
1699146684184320,73.000000,0.473632,0.822110,0.315924,-0.000140,-0.000560,0.000070,-0.000420,0.000210,0.000630,446.867798,442.622589,326.663666,418.167328,392.600372,440.148254
1699146684402560,111.000000,0.387292,0.788898,0.477121,-0.000210,-0.000630,-0.000060,-0.000420,0.000150,0.000570,687.991150,789.592957,744.392090,687.076050,718.282593,761.979736
1699146684412480,257.000000,-0.140206,0.956372,0.256309,0.000130,-0.000510,-0.000080,-0.000650,-0.000210,0.000430,502.845703,801.049805,855.030945,641.699219,582.962036,696.561340
1699146684670400,56.000000,0.473632,0.822110,0.315924,-0.000140,-0.000560,0.000070,-0.000420,0.000210,0.000630,483.171906,422.450989,324.491577,472.738953,379.894531,415.968353
1699146684848960,468.000000,-0.140206,0.956372,0.256309,0.000130,-0.000510,-0.000080,-0.000650,-0.000210,0.000430,679.633301,751.853149,831.001831,618.838257,770.222595,639.641052
1699146685087040,109.000000,0.387292,0.788898,0.477121,-0.000210,-0.000630,-0.000060,-0.000420,0.000150,0.000570,522.082520,615.190308,605.372986,512.738403,569.815613,577.794800
1699146685126720,73.000000,0.473632,0.822110,0.315924,-0.000140,-0.000560,0.000070,-0.000420,0.000210,0.000630,413.554993,463.366608,450.880890,461.781769,514.906555,461.471497
1699146685305280,263.000000,-0.140206,0.956372,0.256309,0.000130,-0.000510,-0.000080,-0.000650,-0.000210,0.000430,619.706482,702.190186,823.724548,518.914185,698.988525,631.065918
1699146685573120,107.000000,0.473632,0.822110,0.315924,-0.000140,-0.000560,0.000070,-0.000420,0.000210,0.000630,541.044434,472.879974,457.034607,448.287384,480.794952,479.044983
1699146685583040,84.000000,0.315292,0.850316,0.421372,-0.000210,-0.004830,-0.000060,-0.001900,0.000150,0.003920,321.634399,103.981430,586.960632,107.175125,488.133362,101.425400
1699146685741760,219.000000,-0.140206,0.956372,0.256309,0.000130,-0.000510,-0.000080,-0.000650,-0.000210,0.000430,684.261292,599.995667,774.056396,462.020813,722.720215,570.730286
1699146686029440,154.000000,0.473632,0.822110,0.315924,-0.000140,-0.000560,0.000070,-0.000420,0.000210,0.000630,625.534363,667.116577,606.638123,669.247559,654.090576,652.406494
1699146686088960,108.000000,0.387292,0.788898,0.477121,-0.000210,-0.000630,-0.000060,-0.000420,0.000150,0.000570,441.180023,741.240479,691.564819,557.629944,648.263000,728.535339
1699146686158400,155.000000,-0.140206,0.956372,0.256309,0.000130,-0.000510,-0.000080,-0.000650,-0.000210,0.000430,616.313416,543.253357,703.257080,429.262207,679.456177,491.406616
1699146686594880,85.000000,0.473632,0.822110,0.315924,-0.000140,-0.000560,0.000070,-0.000420,0.000210,0.000630,475.772827,506.225647,434.226074,479.149231,443.310486,476.424591
1699146686614720,138.000000,0.394323,0.781307,0.483807,-0.000220,-0.000630,-0.000060,-0.000410,0.000150,0.000570,609.110474,725.632812,495.273376,445.870575,573.515808,636.618042
1699146686624640,223.000000,-0.138595,0.956129,0.258086,0.000130,-0.000510,-0.000080,-0.000640,-0.000210,0.000430,715.479004,630.358704,796.198608,463.142212,757.138550,643.700500
1699146687031360,201.000000,-0.138595,0.956129,0.258086,0.000130,-0.000510,-0.000080,-0.000640,-0.000210,0.000430,733.501465,567.644775,800.346191,419.323547,748.484619,629.943115
1699146687170240,106.000000,0.221227,0.497534,0.838760,-0.000220,-0.002100,-0.000060,-0.000030,0.000150,-0.000050,611.859680,112.423691,475.317200,94.021301,492.201019,119.988251
1699146687200000,134.000000,0.473632,0.822110,0.315924,-0.000140,-0.000560,0.000070,-0.000420,0.000210,0.000630,714.127441,707.338867,715.486023,743.793335,704.230896,755.527710
1699146687428160,142.000000,-0.140206,0.956372,0.256309,0.000130,-0.000510,-0.000080,-0.000650,-0.000210,0.000430,672.970886,542.058105,729.125122,417.910278,659.199890,499.237946
1699146687686080,86.000000,0.390512,0.779590,0.489632,-0.000220,-0.000630,-0.000070,-0.000410,0.000150,0.000570,615.729858,508.346741,394.477600,383.827393,484.253448,519.993164
1699146687705920,144.000000,0.473632,0.822110,0.315924,-0.000140,-0.000560,0.000070,-0.000420,0.000210,0.000630,752.067383,787.675537,790.565796,787.147461,774.061096,771.986267
1699146687805120,78.000000,-0.140206,0.956372,0.256309,0.000130,-0.000510,-0.000080,-0.000650,-0.000210,0.000430,690.031677,375.869385,674.989380,393.048401,697.347534,409.466522
1699146688162240,76.000000,-0.138595,0.956129,0.258086,0.000130,-0.000510,-0.000080,-0.000640,-0.000210,0.000430,628.476562,388.296967,539.923340,336.698547,586.019775,411.521576
1699146688192000,94.000000,0.390512,0.779590,0.489632,-0.000220,-0.000630,-0.000070,-0.000410,0.000150,0.000570,688.074036,529.769043,384.710724,546.711548,365.232849,649.454651
1699146688221760,185.000000,0.473632,0.822110,0.315924,-0.000140,-0.000560,0.000070,-0.000420,0.000210,0.000630,725.927124,747.300415,741.721985,741.867737,701.032288,744.701660
1699146688529280,126.000000,-0.138595,0.956129,0.258086,0.000130,-0.000510,-0.000080,-0.000640,-0.000210,0.000430,734.063782,519.253906,761.571045,501.625549,736.903381,595.806519
1699146688697920,155.000000,0.390512,0.779590,0.489632,-0.000220,-0.000630,-0.000070,-0.000410,0.000150,0.000570,738.958313,564.395752,655.883362,696.290771,490.332916,544.037354
1699146688826880,166.000000,0.473632,0.822110,0.315924,-0.000140,-0.000560,0.000070,-0.000420,0.000210,0.000630,733.391846,724.200378,761.312012,689.615601,699.685364,761.460876
1699146689193920,224.000000,0.390512,0.779590,0.489632,-0.000220,-0.000630,-0.000070,-0.000410,0.000150,0.000570,671.292847,497.886169,720.667603,654.376831,470.335602,515.763733
1699146689362560,135.000000,0.473632,0.822110,0.315924,-0.000140,-0.000560,0.000070,-0.000420,0.000210,0.000630,593.435425,583.734314,577.488159,583.520508,585.211792,592.834961
1699146689689920,209.000000,0.397072,0.777063,0.488372,-0.000220,-0.000630,-0.000070,-0.000410,0.000160,0.000570,533.905396,472.104126,691.751587,796.533691,458.872192,557.100830
1699146689967680,134.000000,0.473632,0.822110,0.315924,-0.000140,-0.000560,0.000070,-0.000420,0.000210,0.000630,670.471985,675.121765,657.210388,710.432922,670.727234,669.735046
1699146690185920,135.000000,0.390512,0.779590,0.489632,-0.000220,-0.000630,-0.000070,-0.000410,0.000150,0.000570,463.249725,427.277802,685.115601,717.958740,350.453705,383.202148
1699146690582720,84.000000,0.473632,0.822110,0.315924,-0.000140,-0.000560,0.000070,-0.000420,0.000210,0.000630,622.686401,637.013123,443.737518,627.610962,463.368896,530.997925
1699146690662080,138.000000,0.398272,0.772043,0.495307,-0.000230,-0.000640,-0.000070,-0.000410,0.000160,0.000570,389.847534,392.540833,731.095215,756.493835,492.970276,467.564026
1699146691158080,80.000000,0.398272,0.772043,0.495307,-0.000230,-0.000640,-0.000070,-0.000410,0.000160,0.000570,469.971313,394.893890,716.981079,666.201416,479.047668,364.081970
1699146691267200,86.000000,0.473632,0.822110,0.315924,-0.000140,-0.000560,0.000070,-0.000420,0.000210,0.000630,573.729309,562.450500,487.526184,556.970886,462.748718,518.998474
1699146691683840,116.000000,0.397494,0.771825,0.496272,-0.000230,-0.000630,-0.000070,-0.000410,0.000160,0.000560,563.289917,434.490753,718.262207,700.713745,453.837341,568.566650
1699146691773120,64.000000,0.473632,0.822110,0.315924,-0.000140,-0.000560,0.000070,-0.000420,0.000210,0.000630,455.405945,482.329651,370.240143,443.496582,322.979126,430.780487
1699146692189760,143.000000,0.395976,0.771059,0.498670,-0.000230,-0.000640,-0.000070,-0.000410,0.000160,0.000560,685.332458,500.194427,664.214722,613.633728,524.890259,460.747742
1699146692269120,78.000000,0.473632,0.822110,0.315924,-0.000140,-0.000560,0.000070,-0.000420,0.000210,0.000630,540.586426,535.903137,358.008179,483.608948,360.847565,499.900574
1699146692328640,110.000000,-0.136804,0.955223,0.262363,0.000130,-0.000520,-0.000080,-0.000640,-0.000210,0.000430,610.547668,494.733154,342.119629,394.094482,537.692200,597.344360
1699146692695680,97.000000,0.395976,0.771059,0.498670,-0.000230,-0.000640,-0.000070,-0.000410,0.000160,0.000560,669.495483,517.089478,524.653687,641.262085,449.923340,600.261353
1699146692715520,117.000000,-0.136804,0.955223,0.262363,0.000130,-0.000520,-0.000080,-0.000640,-0.000210,0.000430,690.803284,458.489136,388.920807,405.697662,585.833374,687.768066
1699146692923840,48.000000,0.476791,0.822681,0.309624,-0.000140,-0.000560,0.000080,-0.000420,0.000210,0.000630,354.801880,326.301666,301.936798,337.723999,297.031067,358.862488
1699146693161920,157.000000,-0.092062,0.945908,0.311099,0.000130,-0.000520,-0.000080,-0.000410,-0.000210,0.000430,460.477600,298.839386,346.403931,285.447449,325.967957,477.396698
1699146693608320,146.000000,-0.140417,0.953065,0.268234,0.000130,-0.000520,-0.000090,-0.000640,-0.000210,0.000430,581.330200,577.763306,531.516663,407.027161,432.635040,738.000916
1699146693697600,234.000000,0.395976,0.771059,0.498670,-0.000230,-0.000640,-0.000070,-0.000410,0.000160,0.000560,835.225220,713.882629,635.046570,693.468628,633.369812,620.622742
1699146694074560,174.000000,-0.140417,0.953065,0.268234,0.000130,-0.000520,-0.000090,-0.000640,-0.000210,0.000430,636.325867,570.528564,548.256714,467.504517,473.462341,736.362244
1699146694173760,238.000000,0.395976,0.771059,0.498670,-0.000230,-0.000640,-0.000070,-0.000410,0.000160,0.000560,772.641846,682.006470,503.336151,647.482666,554.756836,639.960999
1699146694421760,57.000000,0.482862,0.819563,0.308483,-0.000140,-0.000560,0.000080,-0.000420,0.000220,0.000630,416.374908,369.448730,444.238373,360.552795,309.133728,401.052582
1699146694570560,145.000000,-0.140417,0.953065,0.268234,0.000130,-0.000520,-0.000090,-0.000640,-0.000210,0.000430,633.801025,567.984680,620.201355,425.441681,384.440216,686.519775
1699146694808640,130.000000,0.392144,0.769279,0.504413,-0.000230,-0.000640,-0.000080,-0.000410,0.000160,0.000560,759.538330,704.704102,535.592346,565.943115,464.342346,688.099976
1699146694947520,52.000000,0.476791,0.822681,0.309624,-0.000140,-0.000560,0.000080,-0.000420,0.000210,0.000630,262.610260,159.934509,115.352242,385.501434,132.138824,147.608643
1699146695066560,153.000000,-0.147411,0.952065,0.268033,0.000130,-0.000520,-0.000090,-0.000640,-0.000220,0.000430,665.967163,536.960571,611.703247,399.168823,435.734070,719.300781
1699146695294720,102.000000,0.396348,0.765724,0.506532,-0.000230,-0.000640,-0.000080,-0.000400,0.000160,0.000560,596.221802,707.075073,648.114868,429.524963,532.981018,738.891846
1699146695493120,65.000000,0.482862,0.819563,0.308483,-0.000140,-0.000560,0.000080,-0.000420,0.000220,0.000630,455.042175,387.559448,542.884094,399.940704,428.048157,409.442657
1699146695542720,160.000000,-0.147411,0.952065,0.268033,0.000130,-0.000520,-0.000090,-0.000640,-0.000220,0.000430,589.593201,533.152588,608.622437,501.200348,377.778503,716.332825
1699146695760960,137.000000,0.396348,0.765724,0.506532,-0.000230,-0.000640,-0.000080,-0.000400,0.000160,0.000560,579.341187,644.452209,592.217407,390.858185,549.412598,656.018066
1699146696008960,121.000000,-0.948215,0.304772,0.089456,0.000130,-0.000250,-0.000090,-0.004130,-0.000220,-0.003580,584.632568,119.900475,699.880737,128.506836,470.686035,105.236053
1699146696207360,77.000000,0.392144,0.769279,0.504413,-0.000230,-0.000640,-0.000080,-0.000410,0.000160,0.000560,556.223694,667.493652,656.346619,419.312317,469.685730,702.496399
1699146696495040,129.000000,-0.147411,0.952065,0.268033,0.000130,-0.000520,-0.000090,-0.000640,-0.000220,0.000430,533.325745,132.864197,698.953613,145.297256,445.444763,132.926468
1699146696633920,65.000000,0.396348,0.765724,0.506532,-0.000230,-0.000640,-0.000080,-0.000400,0.000160,0.000560,525.817078,682.314697,655.836670,440.920227,467.448608,692.490784
1699146697020800,166.000000,-0.147411,0.952065,0.268033,0.000130,-0.000520,-0.000090,-0.000640,-0.000220,0.000430,625.109253,474.533264,687.689941,480.724731,568.838379,563.943359
1699146697070400,77.000000,0.389779,0.768236,0.507825,-0.000230,-0.000640,-0.000080,-0.000400,0.000150,0.000560,471.068604,706.967285,705.541077,393.874603,387.927856,699.485474
1699146697496960,159.000000,-0.147411,0.952065,0.268033,0.000130,-0.000520,-0.000090,-0.000640,-0.000220,0.000430,627.244934,625.484009,750.616455,359.514465,644.389587,591.604858
1699146698052480,139.000000,-0.147411,0.952065,0.268033,0.000130,-0.000520,-0.000090,-0.000640,-0.000220,0.000430,597.431396,592.625122,718.756592,412.692871,625.050049,538.284546
1699146698488960,109.000000,-0.147411,0.952065,0.268033,0.000130,-0.000520,-0.000090,-0.000640,-0.000220,0.000430,588.016174,486.856384,669.950745,454.385529,578.332703,428.932861
1699146698975040,300.000000,-0.147411,0.952065,0.268033,0.000130,-0.000520,-0.000090,-0.000640,-0.000220,0.000430,689.299805,672.696716,827.552429,552.942749,739.204468,541.626099
1699146699421440,230.000000,-0.147411,0.952065,0.268033,0.000130,-0.000520,-0.000090,-0.000640,-0.000220,0.000430,663.345215,674.730164,814.941528,510.417480,774.471558,538.779480
1699146699768640,523.000000,0.392480,0.763899,0.512266,-0.000240,-0.000640,-0.000080,-0.000400,0.000150,0.000560,658.147705,847.917480,631.872742,566.453125,697.537354,741.693420
1699146699887680,193.000000,-0.147411,0.952065,0.268033,0.000130,-0.000520,-0.000090,-0.000640,-0.000220,0.000430,643.873230,614.788513,737.761169,470.866669,727.670288,488.309998
1699146700165440,500.000000,0.392480,0.763899,0.512266,-0.000240,-0.000640,-0.000080,-0.000400,0.000150,0.000560,762.481567,919.349487,755.813416,717.508789,539.990784,802.239136
1699146700373760,139.000000,-0.147411,0.952065,0.268033,0.000130,-0.000520,-0.000090,-0.000640,-0.000220,0.000430,628.535156,699.261414,703.511841,412.472595,741.754944,570.715515
1699146700601920,61.000000,0.514719,0.823319,0.239186,-0.000110,-0.000520,0.000130,-0.000410,0.000240,0.000650,345.073578,357.408020,375.858673,231.246750,351.564392,350.045685
1699146700631680,101.000000,0.392480,0.763899,0.512266,-0.000240,-0.000640,-0.000080,-0.000400,0.000150,0.000560,628.617676,752.127197,548.332336,474.936157,640.676819,652.757324
1699146700869760,184.000000,-0.147411,0.952065,0.268033,0.000130,-0.000520,-0.000090,-0.000640,-0.000220,0.000430,548.737366,657.186279,641.543457,433.954895,704.540649,454.930817
1699146701088000,130.000000,0.388295,0.767462,0.510126,-0.000240,-0.000640,-0.000080,-0.000410,0.000150,0.000560,597.131836,698.136475,453.768860,421.385254,690.364685,655.883545
1699146701107840,50.000000,0.509983,0.826553,0.238176,-0.000110,-0.000520,0.000130,-0.000420,0.000240,0.000650,296.999146,331.960602,356.348267,191.795670,268.656250,343.914886
1699146701336000,163.000000,-0.147411,0.952065,0.268033,0.000130,-0.000520,-0.000090,-0.000640,-0.000220,0.000430,466.368225,727.156738,618.567566,587.528809,694.037109,392.626709
1699146701564160,71.000000,0.392480,0.763899,0.512266,-0.000240,-0.000640,-0.000080,-0.000400,0.000150,0.000560,591.079102,749.943970,492.908203,415.047974,652.421265,642.206726
1699146701653440,61.000000,0.514719,0.823319,0.239186,-0.000110,-0.000520,0.000130,-0.000410,0.000240,0.000650,325.315643,410.905396,393.551056,284.189575,340.600403,398.629181
1699146702050240,81.000000,0.388597,0.762037,0.517969,-0.000240,-0.000640,-0.000090,-0.000400,0.000150,0.000560,635.993469,721.319824,487.004883,491.005920,689.839661,544.722290
1699146702070080,112.000000,0.486081,0.824142,0.290715,-0.000130,-0.000550,0.000090,-0.000420,0.000220,0.000640,338.839508,674.774780,498.807404,412.126129,551.399963,540.523682
1699146702129600,183.000000,-0.152859,0.950743,0.269670,0.000130,-0.000520,-0.000090,-0.000640,-0.000220,0.000420,439.191284,646.509766,482.889008,421.475464,656.325012,358.199402
1699146702199040,41.000000,0.514719,0.823319,0.239186,-0.000110,-0.000520,0.000130,-0.000410,0.000240,0.000650,351.490234,413.333069,397.793152,249.278580,309.654816,397.876129
1699146702516480,63.000000,0.388597,0.762037,0.517969,-0.000240,-0.000640,-0.000090,-0.000400,0.000150,0.000560,618.794067,609.456116,540.567749,387.285431,701.976624,502.162872
1699146702605760,172.000000,-0.147411,0.952065,0.268033,0.000130,-0.000520,-0.000090,-0.000640,-0.000220,0.000430,476.581635,680.229004,538.700317,401.395447,700.762268,361.063538
1699146702655360,88.000000,0.493677,0.817302,0.297156,-0.000140,-0.000550,0.000090,-0.000410,0.000220,0.000640,408.223755,614.206909,504.933807,398.956024,575.299011,486.967255
1699146702714880,45.000000,0.514719,0.823319,0.239186,-0.000110,-0.000520,0.000130,-0.000410,0.000240,0.000650,467.899414,477.960327,531.583130,381.225952,495.155243,468.787476
1699146703012480,84.000000,0.388597,0.762037,0.517969,-0.000240,-0.000640,-0.000090,-0.000400,0.000150,0.000560,554.232666,587.458679,514.699158,399.174316,655.899597,461.183655
1699146703161280,72.000000,-0.785686,-0.000201,-0.618625,0.001710,0.002970,0.000090,-0.000750,-0.002900,-0.000120,104.427963,119.067169,250.831497,99.370560,119.632500,100.658516
1699146703171200,58.000000,0.360406,0.878921,0.312419,-0.000130,-0.000550,0.000090,-0.000410,0.000020,0.000640,233.988632,326.065125,164.522751,390.945282,151.229172,129.665543
1699146703230720,147.000000,-0.152859,0.950743,0.269670,0.000130,-0.000520,-0.000090,-0.000640,-0.000220,0.000420,505.768860,699.828491,520.762329,559.323242,722.235168,507.928192
1699146703250560,64.000000,0.514719,0.823319,0.239186,-0.000110,-0.000520,0.000130,-0.000410,0.000240,0.000650,386.760895,479.854065,416.149628,392.310272,423.241272,474.725464
1699146703667200,86.000000,0.486081,0.824142,0.290715,-0.000130,-0.000550,0.000090,-0.000420,0.000220,0.000640,497.880219,618.242676,557.139099,385.822418,534.470093,551.620300
1699146703706880,155.000000,-0.152859,0.950743,0.269670,0.000130,-0.000520,-0.000090,-0.000640,-0.000220,0.000420,383.097351,763.351074,441.996704,466.954529,653.479980,383.833038
1699146703726720,185.000000,0.381999,0.764497,0.519251,-0.000240,-0.000640,-0.000090,-0.000410,0.000150,0.000550,602.015381,682.587891,642.065002,444.445374,776.888062,425.937622
1699146704143360,86.000000,0.486081,0.824142,0.290715,-0.000130,-0.000550,0.000090,-0.000420,0.000220,0.000640,417.877289,565.442505,537.066040,354.011475,470.755859,524.723755
1699146704153280,185.000000,-0.152859,0.950743,0.269670,0.000130,-0.000520,-0.000090,-0.000640,-0.000220,0.000420,422.250580,699.361450,478.392212,494.614166,691.146240,427.033936
1699146704163200,183.000000,0.381999,0.764497,0.519251,-0.000240,-0.000640,-0.000090,-0.000410,0.000150,0.000550,656.125977,636.895386,648.548462,507.986542,766.112061,423.523163
1699146704341760,68.000000,0.514719,0.823319,0.239186,-0.000110,-0.000520,0.000130,-0.000410,0.000240,0.000650,490.559998,519.909973,529.209045,417.211823,456.831085,465.828247
1699146704609600,312.000000,-0.152859,0.950743,0.269670,0.000130,-0.000520,-0.000090,-0.000640,-0.000220,0.000420,508.730774,782.711426,518.848633,637.408325,841.766602,605.927551
1699146704659200,140.000000,0.384577,0.825348,0.413403,-0.000130,-0.000550,-0.000090,-0.000410,0.000150,0.000640,319.181641,341.915039,477.546082,494.489990,412.581329,303.162994
1699146704788160,75.000000,0.514719,0.823319,0.239186,-0.000110,-0.000520,0.000130,-0.000410,0.000240,0.000650,476.188232,436.137695,485.627533,394.024414,502.424744,391.454498
1699146705036160,246.000000,-0.152859,0.950743,0.269670,0.000130,-0.000520,-0.000090,-0.000640,-0.000220,0.000420,482.482758,841.446411,510.569489,553.324158,855.761047,533.919678
1699146705184960,98.000000,0.381999,0.764497,0.519251,-0.000240,-0.000640,-0.000090,-0.000410,0.000150,0.000550,452.199280,482.796112,686.507568,426.606628,551.301575,458.090851
1699146705194880,125.000000,0.486081,0.824142,0.290715,-0.000130,-0.000550,0.000090,-0.000420,0.000220,0.000640,637.543091,689.625000,727.405701,487.983856,578.463257,700.667236
1699146705224640,56.000000,0.514719,0.823319,0.239186,-0.000110,-0.000520,0.000130,-0.000410,0.000240,0.000650,398.882965,414.332184,426.461639,307.749359,425.737305,404.675415
1699146705561920,182.000000,-0.152859,0.950743,0.269670,0.000130,-0.000520,-0.000090,-0.000640,-0.000220,0.000420,478.719666,874.431030,535.004883,562.162109,811.063232,508.915009
1699146705671040,98.000000,0.486081,0.824142,0.290715,-0.000130,-0.000550,0.000090,-0.000420,0.000220,0.000640,663.368164,598.669861,679.264343,380.510406,581.240723,576.226929
1699146705700800,90.000000,0.514719,0.823319,0.239186,-0.000110,-0.000520,0.000130,-0.000410,0.000240,0.000650,454.084839,417.181396,475.648010,343.035400,463.505859,416.933350
1699146705750400,118.000000,0.381999,0.764497,0.519251,-0.000240,-0.000640,-0.000090,-0.000410,0.000150,0.000550,402.280029,586.422363,740.965698,563.258179,431.861816,518.181702
1699146706008320,123.000000,-0.152859,0.950743,0.269670,0.000130,-0.000520,-0.000090,-0.000640,-0.000220,0.000420,496.334473,761.226624,514.923584,529.820007,776.207458,513.818298
1699146706117440,145.000000,0.486081,0.824142,0.290715,-0.000130,-0.000550,0.000090,-0.000420,0.000220,0.000640,649.743530,702.895752,708.856140,513.658813,539.367065,726.465149
1699146706137280,86.000000,0.514719,0.823319,0.239186,-0.000110,-0.000520,0.000130,-0.000410,0.000240,0.000650,501.643127,392.851196,553.073120,398.667053,518.307007,400.616364
1699146706315840,88.000000,0.381999,0.764497,0.519251,-0.000240,-0.000640,-0.000090,-0.000410,0.000150,0.000550,438.332947,463.386414,760.719360,519.369873,395.491333,474.071503
1699146706454720,142.000000,-0.153055,0.947249,0.281593,0.000120,-0.000520,-0.000100,-0.000640,-0.000220,0.000420,478.073090,801.633911,451.941528,574.511963,789.527222,576.518494
1699146706623360,100.000000,0.496721,0.817732,0.290832,-0.000130,-0.000550,0.000090,-0.000410,0.000230,0.000640,640.561768,451.288452,570.027405,528.475098,404.003754,667.281738
1699146706851520,85.000000,0.851439,-0.456966,-0.257359,0.000000,0.000740,-0.000090,0.002260,0.000140,0.001930,143.772934,106.286278,408.657349,97.175781,125.981735,116.270462
1699146706861440,86.000000,0.373951,0.766121,0.522705,-0.000240,-0.000650,-0.000090,-0.000410,0.000140,0.000550,365.634033,191.887589,348.651001,588.159607,204.510162,351.975037
1699146706881280,182.000000,-0.153055,0.947249,0.281593,0.000120,-0.000520,-0.000100,-0.000640,-0.000220,0.000420,574.845581,805.161743,577.791382,625.081787,787.030640,610.532043
1699146707109440,172.000000,0.490732,0.820938,0.291964,-0.000130,-0.000550,0.000090,-0.000410,0.000220,0.000640,677.158386,615.394531,635.122070,434.972229,448.914551,689.575623
1699146707317760,162.000000,-0.153055,0.947249,0.281593,0.000120,-0.000520,-0.000100,-0.000640,-0.000220,0.000420,509.034119,736.445801,522.796997,559.871094,748.261108,530.644592
1699146707476480,104.000000,0.375361,0.766925,0.520510,-0.000240,-0.000640,-0.000090,-0.000410,0.000140,0.000550,465.321167,379.858490,651.059875,688.709045,465.363464,547.410522
1699146707575680,128.000000,0.496721,0.817732,0.290832,-0.000130,-0.000550,0.000090,-0.000410,0.000230,0.000640,710.332642,556.913086,568.460266,454.950958,459.824829,727.417725
1699146707764160,140.000000,-0.153055,0.947249,0.281593,0.000120,-0.000520,-0.000100,-0.000640,-0.000220,0.000420,471.188873,726.306702,477.396454,555.993774,765.926880,483.485413
1699146708061760,149.000000,0.118428,-0.966908,0.225971,-0.000130,-0.001660,0.000090,0.005290,0.000230,-0.002600,443.180725,117.179138,506.792908,140.916962,356.358337,100.946770
1699146708190720,97.000000,0.580586,0.790668,0.194328,0.000120,-0.001640,-0.000100,0.000460,-0.000220,0.004590,469.003143,128.931656,469.973541,113.218781,711.422485,101.422691
1699146708537920,198.000000,0.486081,0.824142,0.290715,-0.000130,-0.000550,0.000090,-0.000420,0.000220,0.000640,732.239380,625.288147,570.705566,454.563629,442.735901,781.612732
1699146708686720,295.000000,-0.153055,0.947249,0.281593,0.000120,-0.000520,-0.000100,-0.000640,-0.000220,0.000420,647.963074,850.313416,672.457153,624.027527,824.631348,646.561646
1699146709123200,201.000000,0.499733,0.818120,0.284510,-0.000130,-0.000550,0.000100,-0.000410,0.000230,0.000640,732.767822,476.415253,447.917694,462.416687,508.590057,760.875732
1699146709143040,216.000000,-0.153055,0.947249,0.281593,0.000120,-0.000520,-0.000100,-0.000640,-0.000220,0.000420,670.063171,842.950439,678.480103,678.340759,817.032898,674.866760
1699146709658880,132.000000,0.501463,0.818450,0.280491,-0.000130,-0.000540,0.000100,-0.000410,0.000230,0.000640,682.973633,510.163818,552.028198,545.230225,568.530884,698.961243
1699146709758080,104.000000,-0.153055,0.947249,0.281593,0.000120,-0.000520,-0.000100,-0.000640,-0.000220,0.000420,563.808167,698.575684,566.174683,543.853455,680.340820,545.061218
1699146710135040,132.000000,0.496778,0.821707,0.279301,-0.000130,-0.000540,0.000100,-0.000420,0.000230,0.000640,670.362000,399.443604,548.655396,368.523132,497.599152,647.365479
1699146710234240,123.000000,-0.153055,0.947249,0.281593,0.000120,-0.000520,-0.000100,-0.000640,-0.000220,0.000420,498.203125,655.441895,540.197937,441.565979,648.324097,477.834686
1699146710561600,171.000000,0.501463,0.818450,0.280491,-0.000130,-0.000540,0.000100,-0.000410,0.000230,0.000640,668.430237,551.418274,569.975098,486.196411,523.967346,715.384033
1699146710690560,111.000000,-0.153055,0.947249,0.281593,0.000120,-0.000520,-0.000100,-0.000640,-0.000220,0.000420,597.347229,688.969604,652.490723,531.581116,712.600464,625.237244
1699146710898880,188.000000,0.372605,0.771262,0.516063,-0.000230,-0.000640,-0.000090,-0.000410,0.000140,0.000550,562.985962,341.848450,323.997009,524.783264,509.217316,631.221924
1699146710918720,88.000000,0.514719,0.823319,0.239186,-0.000110,-0.000520,0.000130,-0.000410,0.000240,0.000650,463.982300,492.718872,440.273132,445.126953,393.628235,468.511719
1699146711146880,165.000000,-0.153055,0.947249,0.281593,0.000120,-0.000520,-0.000100,-0.000640,-0.000220,0.000420,690.721680,624.198486,698.683228,550.372070,704.569336,606.655090
1699146711176640,140.000000,0.501463,0.818450,0.280491,-0.000130,-0.000540,0.000100,-0.000410,0.000230,0.000640,560.091125,478.933105,533.882507,383.074310,519.853882,468.283234
1699146711365120,117.000000,0.368681,0.769321,0.521747,-0.000230,-0.000640,-0.000100,-0.000410,0.000140,0.000550,758.183228,388.284088,410.905090,546.868652,533.567078,723.401917
1699146711593280,100.000000,-0.153055,0.947249,0.281593,0.000120,-0.000520,-0.000100,-0.000640,-0.000220,0.000420,566.348328,439.461243,558.921387,361.332611,582.413513,419.705383
1699146711752000,85.000000,0.501463,0.818450,0.280491,-0.000130,-0.000540,0.000100,-0.000410,0.000230,0.000640,505.909729,424.421417,475.333466,367.727356,431.365662,493.361938
1699146711900800,97.000000,0.368681,0.769321,0.521747,-0.000230,-0.000640,-0.000100,-0.000410,0.000140,0.000550,752.078003,404.478149,450.069672,497.085876,456.589386,688.055115
1699146712069440,106.000000,-0.153055,0.947249,0.281593,0.000120,-0.000520,-0.000100,-0.000640,-0.000220,0.000420,582.653076,567.331909,626.164429,557.188965,558.303345,558.845276
1699146712188480,67.000000,0.501463,0.818450,0.280491,-0.000130,-0.000540,0.000100,-0.000410,0.000230,0.000640,523.571411,481.022186,525.673950,379.055054,467.487915,488.214050
1699146712238080,49.000000,0.514719,0.823319,0.239186,-0.000110,-0.000520,0.000130,-0.000410,0.000240,0.000650,334.809631,301.892517,292.730072,235.656876,266.516693,267.532562
1699146712406720,106.000000,0.360627,0.770831,0.525135,-0.000230,-0.000650,-0.000100,-0.000410,0.000130,0.000550,725.968506,508.401550,629.524658,450.293701,533.017090,680.475464
1699146712486080,144.000000,-0.153055,0.947249,0.281593,0.000120,-0.000520,-0.000100,-0.000640,-0.000220,0.000420,634.240845,598.438354,625.676086,584.930908,647.568054,619.932556
1699146712654720,96.000000,0.501463,0.818450,0.280491,-0.000130,-0.000540,0.000100,-0.000410,0.000230,0.000640,487.623535,540.889893,557.148560,453.636292,499.392395,527.204102
1699146712853120,58.000000,0.514719,0.823319,0.239186,-0.000110,-0.000520,0.000130,-0.000410,0.000240,0.000650,342.367737,284.441376,338.704651,308.634216,327.474121,293.086914
1699146712952320,151.000000,-0.153055,0.947249,0.281593,0.000120,-0.000520,-0.000100,-0.000640,-0.000220,0.000420,653.632690,479.849609,547.121704,543.524658,606.106628,603.978638
1699146712992000,172.000000,0.356534,0.774264,0.522876,-0.000230,-0.000650,-0.000100,-0.000420,0.000130,0.000550,772.113647,515.630188,666.997437,450.020203,644.116699,716.828735
1699146713200320,80.000000,0.501463,0.818450,0.280491,-0.000130,-0.000540,0.000100,-0.000410,0.000230,0.000640,433.426270,493.481506,533.387146,341.766907,468.061951,499.700378
1699146713349120,160.000000,-0.153055,0.947249,0.281593,0.000120,-0.000520,-0.000100,-0.000640,-0.000220,0.000420,574.858765,576.690002,503.764557,520.247559,580.394470,646.706360
1699146713468160,231.000000,0.356534,0.774264,0.522876,-0.000230,-0.000650,-0.000100,-0.000420,0.000130,0.000550,837.557617,606.952087,785.172119,628.998474,777.083557,771.660522
1699146713726080,63.000000,0.501463,0.818450,0.280491,-0.000130,-0.000540,0.000100,-0.000410,0.000230,0.000640,394.990479,414.133484,366.049561,297.112976,410.808960,401.264801
1699146713745920,123.000000,-0.153055,0.947249,0.281593,0.000120,-0.000520,-0.000100,-0.000640,-0.000220,0.000420,691.394897,550.403931,555.463074,603.035156,624.593506,659.471313
1699146713864960,53.000000,0.514719,0.823319,0.239186,-0.000110,-0.000520,0.000130,-0.000410,0.000240,0.000650,293.442810,371.660919,321.032501,350.454590,302.899414,307.987793
1699146713964160,105.000000,-0.850172,-0.366802,-0.377710,0.003540,0.000360,-0.000100,0.004340,-0.005250,-0.000460,89.678856,114.223312,391.420807,140.254929,103.361687,161.442383
1699146713974080,57.000000,0.395638,0.798607,0.453539,-0.000230,-0.000390,-0.000100,-0.000420,0.000130,0.000550,284.404602,276.068542,355.209839,555.602600,503.084778,362.092194
1699146714172480,103.000000,-0.153055,0.947249,0.281593,0.000120,-0.000520,-0.000100,-0.000640,-0.000220,0.000420,593.106628,404.119202,419.414917,533.492188,521.457153,604.478333
1699146714251840,69.000000,0.501463,0.818450,0.280491,-0.000130,-0.000540,0.000100,-0.000410,0.000230,0.000640,382.530579,430.810516,428.541046,315.984314,482.795105,433.476501
1699146714499840,93.000000,0.356534,0.774264,0.522876,-0.000230,-0.000650,-0.000100,-0.000420,0.000130,0.000550,579.572632,399.417480,598.197998,569.997375,666.594482,530.372070
1699146714569280,175.000000,-0.153055,0.947249,0.281593,0.000120,-0.000520,-0.000100,-0.000640,-0.000220,0.000420,654.429749,536.797424,487.808075,681.011353,668.360718,688.673645
1699146714807360,70.000000,0.501463,0.818450,0.280491,-0.000130,-0.000540,0.000100,-0.000410,0.000230,0.000640,383.917603,507.240570,450.630798,334.468506,494.866394,411.795715
1699146714896640,46.000000,0.514719,0.823319,0.239186,-0.000110,-0.000520,0.000130,-0.000410,0.000240,0.000650,282.623291,314.679993,304.474518,257.480896,286.246185,233.903427
1699146714936320,159.000000,-0.156635,0.944914,0.287409,0.000120,-0.000520,-0.000110,-0.000640,-0.000220,0.000420,488.262695,379.821167,350.445984,600.583496,614.122681,645.571289
1699146715025600,117.000000,0.356534,0.774264,0.522876,-0.000230,-0.000650,-0.000100,-0.000420,0.000130,0.000550,717.358459,673.285706,733.775391,711.674927,688.766663,633.324402
1699146715323200,67.000000,0.501463,0.818450,0.280491,-0.000130,-0.000540,0.000100,-0.000410,0.000230,0.000640,376.349915,454.470306,382.585419,332.271088,448.877991,307.837341
1699146715422400,27.000000,0.514719,0.823319,0.239186,-0.000110,-0.000520,0.000130,-0.000410,0.000240,0.000650,253.047134,273.435303,300.722809,229.446777,198.258179,228.716736
1699146715581120,141.000000,0.356534,0.774264,0.522876,-0.000230,-0.000650,-0.000100,-0.000420,0.000130,0.000550,644.114075,604.231934,714.862061,760.326538,582.942627,507.342285
1699146715839040,44.000000,0.496778,0.821707,0.279301,-0.000130,-0.000540,0.000100,-0.000420,0.000230,0.000640,249.848083,411.062531,338.327271,288.285278,436.815887,303.991516
1699146715948160,58.000000,-0.020483,0.893651,0.448296,-0.000110,-0.002960,0.000130,-0.002850,0.000240,0.000180,300.750092,130.564377,194.233932,116.085938,238.927856,107.119255
1699146716057280,106.000000,0.356534,0.774264,0.522876,-0.000230,-0.000650,-0.000100,-0.000420,0.000130,0.000550,548.449402,550.892456,734.923279,688.615234,478.527863,459.659027
1699146716473920,22.000000,0.514719,0.823319,0.239186,-0.000110,-0.000520,0.000130,-0.000410,0.000240,0.000650,291.461151,341.392395,251.378723,277.330261,278.008942,211.639664
1699146716563200,134.000000,0.349826,0.776540,0.524030,-0.000230,-0.000650,-0.000100,-0.000420,0.000120,0.000550,636.581543,664.359924,725.708130,817.253784,441.300903,438.957825
1699146716999680,152.000000,0.347150,0.775410,0.527472,-0.000230,-0.000650,-0.000100,-0.000420,0.000120,0.000540,560.152588,645.992310,640.609314,750.129517,528.996582,447.174438
1699146717456000,124.000000,0.349826,0.776540,0.524030,-0.000230,-0.000650,-0.000100,-0.000420,0.000120,0.000550,535.515137,648.753052,637.599976,696.512817,523.078491,409.671936
1699146717922240,156.000000,0.347150,0.775410,0.527472,-0.000230,-0.000650,-0.000100,-0.000420,0.000120,0.000540,424.532745,636.314575,559.005859,664.497803,689.696167,476.405609
1699146718507520,122.000000,0.344303,0.779698,0.522998,-0.000220,-0.000650,-0.000100,-0.000420,0.000120,0.000540,425.387268,682.493164,548.172424,563.717712,733.360413,421.224701
1699146718953920,113.000000,0.344303,0.779698,0.522998,-0.000220,-0.000650,-0.000100,-0.000420,0.000120,0.000540,368.880188,583.620239,379.161469,452.575531,599.610168,380.293640
1699146719043200,121.000000,-0.151341,0.942643,0.297523,0.000110,-0.000530,-0.000110,-0.000640,-0.000220,0.000420,551.850769,617.949829,527.400330,593.274719,487.880310,496.994507
1699146719440000,88.000000,-0.151341,0.942643,0.297523,0.000110,-0.000530,-0.000110,-0.000640,-0.000220,0.000420,483.840515,531.163635,461.686920,506.269775,497.758636,443.389099
1699146719469760,193.000000,0.340355,0.777649,0.528603,-0.000220,-0.000650,-0.000110,-0.000420,0.000120,0.000540,405.251678,725.116882,500.567322,553.679688,731.159790,646.023132
1699146719876480,149.000000,-0.151341,0.942643,0.297523,0.000110,-0.000530,-0.000110,-0.000640,-0.000220,0.000420,623.863708,674.650269,481.345703,640.781860,610.539307,541.611267
1699146719926080,158.000000,0.340355,0.777649,0.528603,-0.000220,-0.000650,-0.000110,-0.000420,0.000120,0.000540,427.571533,708.237671,563.696777,538.899170,737.954346,667.851074
1699146720312960,112.000000,0.200141,0.904850,0.375754,0.000110,-0.004110,-0.000110,-0.002360,-0.000220,0.003360,465.282745,108.953293,358.338440,111.127518,522.411865,134.680328
1699146720352640,167.000000,0.343200,0.773351,0.533049,-0.000230,-0.000650,-0.000110,-0.000420,0.000120,0.000540,385.578003,708.473389,651.459045,483.872437,586.229248,683.311340
1699146720779200,134.000000,0.336300,0.780990,0.526267,-0.000220,-0.000650,-0.000110,-0.000430,0.000120,0.000540,397.991394,561.547241,490.166687,423.431976,318.038513,511.380371
1699146720818880,174.000000,-0.151341,0.942643,0.297523,0.000110,-0.000530,-0.000110,-0.000640,-0.000220,0.000420,562.545227,682.324463,376.187622,575.170166,492.228851,477.898804
1699146721195840,103.000000,0.343200,0.773351,0.533049,-0.000230,-0.000650,-0.000110,-0.000420,0.000120,0.000540,377.576111,739.287598,683.386841,475.725769,536.217407,714.536621
1699146721295040,136.000000,-0.154890,0.940233,0.303266,0.000110,-0.000530,-0.000120,-0.000640,-0.000220,0.000420,475.399597,527.650024,340.597992,618.146484,557.284851,450.293121
1699146721612480,120.000000,0.329483,0.783163,0.527349,-0.000220,-0.000650,-0.000110,-0.000430,0.000110,0.000540,424.471283,744.263184,688.440186,399.757141,366.616272,733.242432
1699146721771200,125.000000,-0.151480,0.938822,0.309302,0.000100,-0.000530,-0.000120,-0.000640,-0.000220,0.000420,408.406494,483.545776,544.100342,544.633606,577.175842,426.492920
1699146722346560,138.000000,-0.156933,0.937333,0.311095,0.000100,-0.000530,-0.000120,-0.000640,-0.000220,0.000410,516.028748,452.415649,632.638916,446.309052,593.309326,303.520844
1699146722852480,133.000000,-0.151480,0.938822,0.309302,0.000100,-0.000530,-0.000120,-0.000640,-0.000220,0.000420,516.087036,337.714294,642.005371,686.958496,633.227356,473.663452
1699146723457600,152.000000,-0.451793,-0.879048,-0.152176,0.000100,0.001350,-0.000120,0.001250,-0.000220,-0.003600,626.561340,111.185188,708.730713,102.669380,551.346802,105.953087
1699146723953600,145.000000,-0.156933,0.937333,0.311095,0.000100,-0.000530,-0.000120,-0.000640,-0.000220,0.000410,660.095337,425.111786,660.093628,531.254639,547.194092,530.130554
1699146724439680,72.000000,-0.155018,0.936343,0.315010,0.000100,-0.000540,-0.000120,-0.000640,-0.000220,0.000410,651.865723,381.225037,561.365417,521.557739,428.707611,579.403931
1699146724925760,132.000000,-0.155018,0.936343,0.315010,0.000100,-0.000540,-0.000120,-0.000640,-0.000220,0.000410,713.144653,454.519165,556.899780,498.900116,468.409760,564.507812
1699146725362240,122.000000,0.325538,0.781060,0.532889,-0.000220,-0.000650,-0.000120,-0.000430,0.000110,0.000540,479.298126,598.501099,505.128510,723.504761,631.579285,491.155243
1699146725411840,153.000000,-0.155018,0.936343,0.315010,0.000100,-0.000540,-0.000120,-0.000640,-0.000220,0.000410,720.323792,462.678040,408.373108,491.220764,425.379730,711.381836
1699146725759040,174.000000,0.325538,0.781060,0.532889,-0.000220,-0.000650,-0.000120,-0.000430,0.000110,0.000540,495.058197,627.296753,619.812622,750.445862,523.825867,392.981995
1699146725888000,176.000000,-0.158540,0.933822,0.320689,0.000100,-0.000540,-0.000130,-0.000640,-0.000220,0.000410,700.148621,603.715942,445.789978,497.196564,385.906128,758.941040
1699146726136000,47.000000,0.514456,0.826794,0.227480,-0.000100,-0.000520,0.000140,-0.000410,0.000240,0.000650,173.579346,215.537994,237.280838,293.755341,183.750610,130.127686
1699146726284800,166.000000,0.322681,0.779880,0.536343,-0.000220,-0.000650,-0.000120,-0.000430,0.000110,0.000530,526.590210,642.673828,754.402466,772.906555,473.014282,522.919739
1699146726384000,207.000000,-0.158540,0.933822,0.320689,0.000100,-0.000540,-0.000130,-0.000640,-0.000220,0.000410,677.109741,557.440796,423.232910,413.255096,391.145752,712.715332
1699146726622080,65.000000,0.515551,0.826650,0.225515,-0.000100,-0.000520,0.000140,-0.000410,0.000240,0.000660,211.964630,256.008209,291.405090,326.949585,241.407181,257.328125
1699146726760960,196.000000,0.315773,0.781985,0.537389,-0.000220,-0.000650,-0.000120,-0.000430,0.000100,0.000530,621.126343,680.700195,748.414917,790.762634,480.317139,549.505615
1699146726870080,162.000000,-0.165442,0.932748,0.320327,0.000100,-0.000540,-0.000130,-0.000640,-0.000230,0.000410,693.607300,690.210388,682.759827,546.340515,520.547974,739.786560
1699146727098240,46.000000,0.516134,0.826950,0.223068,-0.000100,-0.000510,0.000140,-0.000410,0.000240,0.000650,248.312363,170.942978,300.348602,349.799957,245.430344,190.706085
1699146727247040,132.000000,-0.272180,-0.945213,-0.180253,-0.000220,0.001840,-0.000120,0.001740,0.000100,-0.003080,460.982849,104.382645,750.795898,112.245010,451.773193,148.285583
1699146727336320,152.000000,-0.165442,0.932748,0.320327,0.000100,-0.000540,-0.000130,-0.000640,-0.000230,0.000410,597.963989,643.173950,624.501831,344.324219,382.965515,718.281250
1699146727733120,156.000000,0.315773,0.781985,0.537389,-0.000220,-0.000650,-0.000120,-0.000430,0.000100,0.000530,523.840576,641.742310,794.130798,776.796448,653.488220,726.469727
1699146727812480,153.000000,-0.165442,0.932748,0.320327,0.000100,-0.000540,-0.000130,-0.000640,-0.000230,0.000410,625.451233,634.730408,678.426514,388.064301,565.569824,645.710999
1699146728229120,153.000000,0.318695,0.777705,0.541856,-0.000230,-0.000650,-0.000120,-0.000430,0.000100,0.000530,463.526581,488.229553,644.060181,831.678711,733.307861,766.840698
1699146728288640,111.000000,-0.165442,0.932748,0.320327,0.000100,-0.000540,-0.000130,-0.000640,-0.000230,0.000410,527.623718,633.622742,644.401550,375.764954,533.818848,609.476501
1699146728358080,43.000000,0.513177,0.819499,0.255088,-0.000120,-0.000530,0.000120,-0.000410,0.000240,0.000650,195.214920,324.984100,369.280182,274.422913,286.516296,340.183716
1699146728705280,168.000000,0.318695,0.777705,0.541856,-0.000230,-0.000650,-0.000120,-0.000430,0.000100,0.000530,463.253937,524.676086,649.158264,751.943787,732.193054,747.704346
1699146728744960,122.000000,-0.164001,0.932251,0.322508,0.000100,-0.000540,-0.000130,-0.000630,-0.000230,0.000410,502.264771,731.549805,728.953369,455.620850,538.337097,708.431274
1699146729181440,117.000000,-0.164001,0.932251,0.322508,0.000100,-0.000540,-0.000130,-0.000630,-0.000230,0.000410,474.482574,735.026978,654.435303,391.418152,594.645020,557.904053
1699146729310400,48.000000,0.513177,0.819499,0.255088,-0.000120,-0.000530,0.000120,-0.000410,0.000240,0.000650,203.770294,273.685669,227.009506,251.171844,237.978592,308.108185
1699146729360000,155.000000,0.315773,0.781985,0.537389,-0.000220,-0.000650,-0.000120,-0.000430,0.000100,0.000530,364.472870,374.027008,367.439148,680.994446,687.005249,667.138245
1699146729667520,94.000000,-0.164001,0.932251,0.322508,0.000100,-0.000540,-0.000130,-0.000630,-0.000230,0.000410,381.154541,695.499695,510.575562,396.449127,679.805176,505.678375
1699146729836160,169.000000,0.313646,0.774540,0.549286,-0.000230,-0.000660,-0.000130,-0.000430,0.000100,0.000530,436.287781,460.880249,508.121185,628.804443,653.443665,652.001404
1699146729846080,35.000000,0.510178,0.822988,0.249816,-0.000110,-0.000530,0.000120,-0.000410,0.000240,0.000650,364.513672,397.230255,338.938293,510.720947,520.809692,526.630127
1699146730193280,100.000000,-0.165442,0.932748,0.320327,0.000100,-0.000540,-0.000130,-0.000640,-0.000230,0.000410,353.372955,663.326172,427.210571,342.158386,655.621887,423.523041
1699146730312320,58.000000,0.510178,0.822988,0.249816,-0.000110,-0.000530,0.000120,-0.000410,0.000240,0.000650,307.360687,432.477264,401.208923,517.088074,498.678986,538.234070
1699146730381760,117.000000,0.313646,0.774540,0.549286,-0.000230,-0.000660,-0.000130,-0.000430,0.000100,0.000530,398.341980,539.026245,585.593689,717.384521,646.216553,717.731140
1699146730659520,157.000000,-0.164001,0.932251,0.322508,0.000100,-0.000540,-0.000130,-0.000630,-0.000230,0.000410,356.232727,677.705994,349.622192,347.716492,641.784973,415.950775
1699146730887680,36.000000,0.513018,0.823123,0.243476,-0.000110,-0.000530,0.000130,-0.000410,0.000240,0.000650,263.304993,260.549438,220.109024,342.536499,408.963440,399.085449
1699146731105920,105.000000,0.310745,0.778805,0.544886,-0.000220,-0.000660,-0.000130,-0.000430,0.000100,0.000530,485.794128,508.273010,653.916443,690.555420,433.424744,589.153748
1699146731215040,201.000000,-0.165534,0.928656,0.331959,0.000090,-0.000540,-0.000140,-0.000640,-0.000230,0.000410,337.682953,701.846436,335.544617,345.441406,740.518921,404.506104
1699146731661440,135.000000,-0.169587,0.926441,0.336075,0.000090,-0.000540,-0.000140,-0.000630,-0.000230,0.000400,513.381165,666.854309,504.064453,436.244934,681.913391,406.007355
1699146731701120,114.000000,0.313646,0.774540,0.549286,-0.000230,-0.000660,-0.000130,-0.000430,0.000100,0.000530,379.328186,557.296021,637.903687,642.805847,437.155914,571.472900
1699146731899520,35.000000,0.514719,0.823319,0.239186,-0.000110,-0.000520,0.000130,-0.000410,0.000240,0.000650,373.471436,316.764191,329.910767,446.328186,398.653168,463.149231
1699146732117760,200.000000,-0.169587,0.926441,0.336075,0.000090,-0.000540,-0.000140,-0.000630,-0.000230,0.000400,634.929260,795.546875,681.153931,568.687622,721.533875,643.667725
1699146732345920,49.000000,0.514719,0.823319,0.239186,-0.000110,-0.000520,0.000130,-0.000410,0.000240,0.000650,429.143036,343.967102,461.436157,484.393616,494.986542,476.460876
1699146732534400,139.000000,-0.169587,0.926441,0.336075,0.000090,-0.000540,-0.000140,-0.000630,-0.000230,0.000400,577.616333,717.400879,630.682373,550.601074,647.501709,578.099731
1699146732841920,59.000000,0.514719,0.823319,0.239186,-0.000110,-0.000520,0.000130,-0.000410,0.000240,0.000650,376.120117,328.307037,414.680206,393.905792,434.734375,407.165405
1699146732951040,110.000000,-0.169587,0.926441,0.336075,0.000090,-0.000540,-0.000140,-0.000630,-0.000230,0.000400,694.929321,697.468262,731.777344,565.734802,693.414673,654.754456
1699146733357760,57.000000,0.514719,0.823319,0.239186,-0.000110,-0.000520,0.000130,-0.000410,0.000240,0.000650,447.389648,435.896698,517.985352,546.833252,509.157104,512.617737
1699146733387520,214.000000,-0.169587,0.926441,0.336075,0.000090,-0.000540,-0.000140,-0.000630,-0.000230,0.000400,760.794434,806.174805,816.329590,679.329895,766.387085,790.440308
1699146733824000,32.000000,0.514719,0.823319,0.239186,-0.000110,-0.000520,0.000130,-0.000410,0.000240,0.000650,490.131958,436.358032,525.283752,483.456116,501.102325,456.523682
1699146733923200,208.000000,-0.169587,0.926441,0.336075,0.000090,-0.000540,-0.000140,-0.000630,-0.000230,0.000400,734.253418,754.778564,730.146667,614.568481,720.842041,712.122192
1699146734339840,36.000000,0.514719,0.823319,0.239186,-0.000110,-0.000520,0.000130,-0.000410,0.000240,0.000650,305.754150,316.630981,298.550812,342.245300,329.080383,266.536224
1699146734429120,210.000000,-0.169587,0.926441,0.336075,0.000090,-0.000540,-0.000140,-0.000630,-0.000230,0.000400,709.740540,605.823181,713.919678,424.381012,601.608826,666.329346
1699146734855680,41.000000,0.514719,0.823319,0.239186,-0.000110,-0.000520,0.000130,-0.000410,0.000240,0.000650,397.455353,369.750549,393.593140,332.951233,425.388611,334.209564
1699146734925120,206.000000,-0.169587,0.926441,0.336075,0.000090,-0.000540,-0.000140,-0.000630,-0.000230,0.000400,727.202209,709.494202,739.859741,619.351196,660.238831,799.406372
1699146735421120,213.000000,-0.169587,0.926441,0.336075,0.000090,-0.000540,-0.000140,-0.000630,-0.000230,0.000400,710.208252,645.664368,642.235107,650.953003,619.506836,732.881531
1699146735917120,179.000000,-0.169587,0.926441,0.336075,0.000090,-0.000540,-0.000140,-0.000630,-0.000230,0.000400,783.854004,440.031494,415.056213,446.883545,437.710388,700.144897
1699146736016320,51.000000,0.514719,0.823319,0.239186,-0.000110,-0.000520,0.000130,-0.000410,0.000240,0.000650,303.032776,276.744080,252.764450,324.466492,284.900085,264.730957
1699146736462720,230.000000,-0.169587,0.926441,0.336075,0.000090,-0.000540,-0.000140,-0.000630,-0.000230,0.000400,736.931458,642.120300,505.508606,678.552063,567.463928,677.996338
1699146736581760,55.000000,-0.063416,-0.790877,-0.608680,-0.000110,0.003370,0.000130,0.000880,0.000240,-0.000710,173.894318,121.853798,254.403336,117.802940,202.032166,130.285980
1699146736968640,150.000000,-0.169587,0.926441,0.336075,0.000090,-0.000540,-0.000140,-0.000630,-0.000230,0.000400,668.111816,538.101990,405.132477,601.311523,487.656799,708.078918
1699146737196800,72.000000,0.514719,0.823319,0.239186,-0.000110,-0.000520,0.000130,-0.000410,0.000240,0.000650,486.532715,550.494629,417.542786,503.949646,381.257477,404.135803
1699146737464640,173.000000,-0.173085,0.923731,0.341707,0.000090,-0.000540,-0.000150,-0.000630,-0.000230,0.000400,686.034851,591.673645,404.884155,645.169312,425.719391,700.207886
1699146737692800,81.000000,0.514719,0.823319,0.239186,-0.000110,-0.000520,0.000130,-0.000410,0.000240,0.000650,527.820435,531.679138,384.296875,542.076172,413.442535,467.010620
1699146738188800,105.000000,0.491086,0.821293,0.290366,-0.000110,-0.000520,0.000050,-0.000410,0.000240,0.000650,564.245056,606.584351,154.834656,555.396851,193.263580,158.805756
1699146738238400,176.000000,-0.179985,0.922578,0.341255,0.000090,-0.000540,-0.000150,-0.000630,-0.000240,0.000400,757.601074,456.353760,700.467834,566.115356,583.533569,528.531494
1699146738774080,65.000000,0.523327,0.820003,0.231786,-0.000110,-0.000520,0.000140,-0.000410,0.000250,0.000650,538.267578,593.801147,413.296875,563.985107,357.952057,420.453613
1699146738823680,185.000000,-0.177931,0.921596,0.344967,0.000090,-0.000550,-0.000150,-0.000630,-0.000240,0.000400,589.955261,532.095337,684.427002,600.087708,422.570526,633.047119
1699146739339520,105.000000,0.514719,0.823319,0.239186,-0.000110,-0.000520,0.000130,-0.000410,0.000240,0.000650,620.493774,621.102905,370.335724,615.509399,353.543457,474.264374
1699146739399040,136.000000,-0.177931,0.921596,0.344967,0.000090,-0.000550,-0.000150,-0.000630,-0.000240,0.000400,554.059265,545.504822,721.362305,453.733337,520.770020,554.983398
1699146739696640,232.000000,0.271727,0.780579,0.562904,-0.000220,-0.000660,-0.000150,-0.000440,0.000070,0.000510,666.059204,687.049805,663.131470,680.969604,499.064575,485.510132
1699146739885120,72.000000,0.523327,0.820003,0.231786,-0.000110,-0.000520,0.000140,-0.000410,0.000250,0.000650,613.218628,546.423279,490.901245,592.098267,466.405151,415.947449
1699146739944640,127.000000,-0.177931,0.921596,0.344967,0.000090,-0.000550,-0.000150,-0.000630,-0.000240,0.000400,440.145172,477.554565,677.867554,592.113403,477.311615,485.155396
1699146740014080,45.000000,0.747317,0.664130,0.021190,-0.000100,-0.000360,0.000320,-0.000250,0.000430,0.000680,170.125793,198.157562,151.461945,241.959167,314.810944,282.566376
1699146740172800,107.000000,-0.205306,-0.940878,-0.269441,-0.000220,0.004450,-0.000150,0.003980,0.000070,-0.004740,609.551025,109.768105,671.655029,97.746246,578.611572,122.496330
1699146740460480,110.000000,-0.185535,0.920788,0.343114,0.000090,-0.000540,-0.000150,-0.000630,-0.000240,0.000390,551.980042,374.094971,606.354980,604.206299,588.988770,499.456116
1699146740480320,58.000000,0.523327,0.820003,0.231786,-0.000110,-0.000520,0.000140,-0.000410,0.000250,0.000650,515.809998,442.483459,402.506744,428.928894,375.245819,355.477753
1699146740728320,164.000000,0.271727,0.780579,0.562904,-0.000220,-0.000660,-0.000150,-0.000440,0.000070,0.000510,789.157837,769.685120,843.996399,804.950806,799.335144,777.253174
1699146740976320,168.000000,-0.183441,0.919814,0.346832,0.000090,-0.000550,-0.000150,-0.000630,-0.000240,0.000390,508.600769,426.360840,631.532959,664.658936,655.267090,503.628296
1699146741125120,66.000000,0.748286,0.663202,0.015228,-0.000100,-0.000360,0.000330,-0.000250,0.000430,0.000680,148.854477,198.738815,119.642883,282.921295,338.943695,288.417175
1699146741264000,127.000000,0.271727,0.780579,0.562904,-0.000220,-0.000660,-0.000150,-0.000440,0.000070,0.000510,822.288452,748.649658,805.613159,741.594055,820.169678,774.780151
1699146741521920,105.000000,-0.183441,0.919814,0.346832,0.000090,-0.000550,-0.000150,-0.000630,-0.000240,0.000390,533.795227,443.768372,598.848267,612.885864,670.437988,566.364014
1699146741789760,127.000000,0.271727,0.780579,0.562904,-0.000220,-0.000660,-0.000150,-0.000440,0.000070,0.000510,753.073486,492.192780,497.685486,526.708435,552.263184,663.727478
1699146742047680,185.000000,-0.183441,0.919814,0.346832,0.000090,-0.000550,-0.000150,-0.000630,-0.000240,0.000390,474.800171,508.673035,545.602478,742.135742,808.124756,741.973511
1699146742285760,122.000000,0.264652,0.782385,0.563767,-0.000220,-0.000660,-0.000150,-0.000440,0.000060,0.000510,667.088623,460.666473,404.376221,480.978943,397.355499,753.714355
1699146742335360,57.000000,0.748286,0.663202,0.015228,-0.000100,-0.000360,0.000330,-0.000250,0.000430,0.000680,213.704636,196.060837,204.920654,289.373657,340.691071,266.343018
1699146742533760,126.000000,0.951665,-0.301240,-0.059906,0.000080,0.000120,-0.000160,0.004050,-0.000240,0.003570,377.356720,121.860771,411.122620,91.231590,654.715942,113.980621
1699146742692480,80.000000,0.747317,0.664130,0.021190,-0.000100,-0.000360,0.000320,-0.000250,0.000430,0.000680,183.199127,245.338043,182.959824,206.896835,294.005493,353.605072
1699146742910720,219.000000,0.260616,0.779911,0.569049,-0.000220,-0.000660,-0.000160,-0.000440,0.000060,0.000510,802.678162,592.703857,642.286987,576.346008,608.637939,781.390198
1699146743019840,128.000000,-0.186879,0.917011,0.352374,0.000090,-0.000550,-0.000160,-0.000630,-0.000240,0.000390,359.830750,528.886353,361.819672,587.800354,636.660034,615.391357
1699146743416640,152.000000,0.260616,0.779911,0.569049,-0.000220,-0.000660,-0.000160,-0.000440,0.000060,0.000510,812.506104,556.822632,709.679993,484.221619,751.837280,626.114075
1699146743496000,130.000000,-0.186879,0.917011,0.352374,0.000090,-0.000550,-0.000160,-0.000630,-0.000240,0.000390,342.218445,544.712402,446.296143,588.156982,598.970459,607.853455
1699146743912640,217.000000,0.260616,0.779911,0.569049,-0.000220,-0.000660,-0.000160,-0.000440,0.000060,0.000510,839.648438,602.315063,794.936157,509.643341,826.915283,526.299133
1699146744011840,108.000000,-0.183466,0.915363,0.358400,0.000080,-0.000550,-0.000160,-0.000630,-0.000240,0.000390,508.870422,643.105469,616.623230,652.592041,641.453674,720.802185
1699146744398720,248.000000,0.256162,0.782015,0.568185,-0.000220,-0.000670,-0.000160,-0.000450,0.000060,0.000510,814.229797,278.833252,827.623535,346.159424,856.489258,269.635010
1699146744517760,128.000000,-0.186879,0.917011,0.352374,0.000090,-0.000550,-0.000160,-0.000630,-0.000240,0.000390,378.545929,334.143311,451.872864,740.672180,658.934998,691.464478
1699146744805440,55.000000,0.738873,0.669124,0.079624,-0.000100,-0.000330,0.000200,-0.000250,0.000430,0.000680,186.004623,155.467880,142.244858,240.818054,318.435242,305.400391
1699146744894720,244.000000,0.253515,0.781652,0.569869,-0.000220,-0.000660,-0.000160,-0.000450,0.000060,0.000500,726.242554,471.976990,734.748169,590.304077,605.814880,561.861023
1699146745043520,255.000000,-0.183466,0.915363,0.358400,0.000080,-0.000550,-0.000160,-0.000630,-0.000240,0.000390,434.744415,603.259644,709.712036,715.293457,593.200928,702.721252
1699146745301440,32.000000,0.747317,0.664130,0.021190,-0.000100,-0.000360,0.000320,-0.000250,0.000430,0.000680,154.623123,135.526825,108.378395,196.616074,193.668045,263.911621
1699146745420480,182.000000,0.252840,0.780585,0.571629,-0.000220,-0.000670,-0.000160,-0.000450,0.000060,0.000500,783.214966,472.885132,678.149719,642.272461,474.275116,705.823792
1699146745549440,216.000000,-0.183466,0.915363,0.358400,0.000080,-0.000550,-0.000160,-0.000630,-0.000240,0.000390,445.994904,556.910400,705.530518,708.604553,517.303955,627.205078
1699146745936320,190.000000,0.245762,0.782270,0.572412,-0.000220,-0.000670,-0.000160,-0.000450,0.000050,0.000500,686.321472,566.931519,517.134521,777.985168,681.400696,777.055969
1699146746055360,174.000000,-0.183466,0.915363,0.358400,0.000080,-0.000550,-0.000160,-0.000630,-0.000240,0.000390,536.227234,597.860657,753.092041,772.765625,493.989319,593.817444
1699146746422400,155.000000,0.241749,0.779718,0.577578,-0.000220,-0.000670,-0.000170,-0.000450,0.000050,0.000500,643.707764,574.908447,482.170715,786.225525,732.982056,778.332886
1699146746541440,116.000000,0.648269,0.681755,0.339055,0.000080,-0.003950,0.002080,0.000860,0.000010,0.000710,410.341400,106.011986,117.634781,137.689392,124.838242,112.937347
1699146746551360,85.000000,-0.098247,0.926451,0.363368,0.000080,-0.000550,-0.000160,-0.000630,-0.000120,0.000390,345.115906,394.793030,369.446289,328.056915,242.332306,550.032227
1699146746898560,158.000000,0.241749,0.779718,0.577578,-0.000220,-0.000670,-0.000170,-0.000450,0.000050,0.000500,567.835449,561.311890,604.238525,757.655884,731.242981,752.162842
1699146747017600,99.000000,-0.183466,0.915363,0.358400,0.000080,-0.000550,-0.000160,-0.000630,-0.000240,0.000390,635.766113,709.539795,723.998535,728.399780,437.820587,519.079224
1699146747384640,104.000000,0.241749,0.779718,0.577578,-0.000220,-0.000670,-0.000170,-0.000450,0.000050,0.000500,562.273438,572.197021,705.088806,830.336060,750.582764,784.169983
1699146747483840,106.000000,-0.190296,0.914170,0.357883,0.000080,-0.000550,-0.000160,-0.000630,-0.000250,0.000390,640.947754,668.404358,610.620300,719.711243,372.282349,424.604156
1699146747900480,132.000000,0.241749,0.779718,0.577578,-0.000220,-0.000670,-0.000170,-0.000450,0.000050,0.000500,462.000366,584.017456,800.802734,734.086914,502.630066,617.998901
1699146748049280,158.000000,-0.195846,0.912257,0.359766,0.000080,-0.000550,-0.000160,-0.000630,-0.000250,0.000380,621.217590,663.448364,490.287964,791.437256,638.983398,562.404602
1699146748456000,129.000000,0.231540,0.785520,0.573889,-0.000210,-0.000670,-0.000170,-0.000450,0.000040,0.000500,497.399414,632.129761,752.433533,637.112610,589.230896,510.904968
1699146748713920,96.000000,-0.195846,0.912257,0.359766,0.000080,-0.000550,-0.000160,-0.000630,-0.000250,0.000380,535.376953,606.116821,514.223755,649.756165,554.178467,457.169464
1699146748932160,113.000000,0.228038,0.784020,0.577331,-0.000210,-0.000670,-0.000170,-0.000450,0.000040,0.000490,489.112946,693.198853,704.004883,678.659668,725.494141,499.703339
1699146749239680,109.000000,-0.199242,0.909339,0.365247,0.000080,-0.000550,-0.000170,-0.000630,-0.000250,0.000380,557.745483,554.586060,386.230743,612.606567,602.174683,578.267029
1699146749408320,136.000000,0.228038,0.784020,0.577331,-0.000210,-0.000670,-0.000170,-0.000450,0.000040,0.000490,432.075378,716.551270,467.902710,619.734985,745.758301,629.485840
1699146749487680,54.000000,0.516385,0.833226,0.197690,-0.000090,-0.000500,0.000160,-0.000420,0.000240,0.000660,206.785706,216.393860,193.572784,122.820618,144.054855,291.225769
1699146749725760,116.000000,-0.199242,0.909339,0.365247,0.000080,-0.000550,-0.000170,-0.000630,-0.000250,0.000380,562.814514,614.436951,402.782501,684.042725,649.071594,654.889404
1699146749894400,146.000000,0.224004,0.781378,0.582470,-0.000210,-0.000670,-0.000180,-0.000450,0.000040,0.000490,520.246643,711.628174,613.323730,656.512573,756.882935,753.815796
1699146749904320,59.000000,0.533519,0.816670,0.220018,-0.000110,-0.000510,0.000150,-0.000400,0.000250,0.000660,382.176453,458.020447,419.329865,382.384705,396.271210,449.589325
1699146749993600,25.000000,0.986980,0.159081,0.023723,-0.000090,-0.000500,0.000160,-0.000410,0.003430,0.000660,170.598419,231.885117,152.849152,136.200836,108.755356,187.823517
1699146750390400,73.000000,0.539202,0.813206,0.218992,-0.000110,-0.000510,0.000150,-0.000400,0.000260,0.000660,389.955994,554.732117,519.090210,490.661041,308.100891,483.353729
1699146750430080,131.000000,-0.199242,0.909339,0.365247,0.000080,-0.000550,-0.000170,-0.000630,-0.000250,0.000380,647.436340,704.070007,588.348389,686.188477,711.136414,694.015564
1699146750489600,101.000000,0.213233,0.785953,0.580353,-0.000210,-0.000670,-0.000180,-0.000460,0.000030,0.000490,668.202881,714.371155,736.452881,500.196960,474.960205,760.562500
1699146750916160,86.000000,0.539202,0.813206,0.218992,-0.000110,-0.000510,0.000150,-0.000400,0.000260,0.000660,505.091339,556.513733,547.948486,511.293335,410.212524,537.570190
1699146750936000,211.000000,-0.199242,0.909339,0.365247,0.000080,-0.000550,-0.000170,-0.000630,-0.000250,0.000380,631.804688,678.789124,618.861633,724.207764,719.150818,706.911072
1699146750955840,126.000000,0.213233,0.785953,0.580353,-0.000210,-0.000670,-0.000180,-0.000460,0.000030,0.000490,699.131836,709.291687,762.859131,551.183105,611.740723,741.962280
1699146751402240,218.000000,-0.199242,0.909339,0.365247,0.000080,-0.000550,-0.000170,-0.000630,-0.000250,0.000380,538.600342,537.471802,546.713745,622.454590,592.095825,582.844788
1699146751412160,119.000000,0.213233,0.785953,0.580353,-0.000210,-0.000670,-0.000180,-0.000460,0.000030,0.000490,654.186890,624.025391,715.226379,527.081299,693.437683,640.101135
1699146751868480,82.000000,0.631750,-0.518052,-0.576640,-0.000070,0.004380,-0.000120,0.004360,-0.000020,0.004560,291.163483,118.897263,187.480408,121.662216,184.969910,99.322174
1699146751878400,170.000000,-0.199242,0.909339,0.365247,0.000080,-0.000550,-0.000170,-0.000630,-0.000250,0.000380,428.630554,662.091003,651.757568,378.906128,313.373169,701.766602
1699146751898240,94.000000,0.213233,0.785953,0.580353,-0.000210,-0.000670,-0.000180,-0.000460,0.000030,0.000490,709.722656,690.005737,659.636108,680.425049,734.021118,631.433105
1699146751918080,136.000000,0.539202,0.813206,0.218992,-0.000110,-0.000510,0.000150,-0.000400,0.000260,0.000660,592.510742,719.629272,733.944153,735.619263,629.983521,696.813965
1699146752354560,148.000000,-0.199242,0.909339,0.365247,0.000080,-0.000550,-0.000170,-0.000630,-0.000250,0.000380,686.334900,674.254761,706.642700,754.680847,614.571533,693.283813
1699146752394240,72.000000,0.213233,0.785953,0.580353,-0.000210,-0.000670,-0.000180,-0.000460,0.000030,0.000490,740.021484,739.802307,542.501160,700.251709,582.684692,461.379333
1699146752424000,132.000000,0.539202,0.813206,0.218992,-0.000110,-0.000510,0.000150,-0.000400,0.000260,0.000660,560.166687,672.932190,731.563110,644.437866,597.820190,721.958679
1699146752820800,135.000000,-0.199242,0.909339,0.365247,0.000080,-0.000550,-0.000170,-0.000630,-0.000250,0.000380,664.326111,699.847839,692.726074,660.801697,582.747192,594.213745
1699146752939840,133.000000,0.539202,0.813206,0.218992,-0.000110,-0.000510,0.000150,-0.000400,0.000260,0.000660,413.747803,597.118835,702.983887,666.225281,582.688843,671.577087
1699146752979520,120.000000,0.205593,0.781664,0.588840,-0.000210,-0.000670,-0.000190,-0.000460,0.000030,0.000480,727.858093,737.694946,427.080566,719.665466,451.430206,464.535797
1699146753257280,115.000000,-0.199242,0.909339,0.365247,0.000080,-0.000550,-0.000170,-0.000630,-0.000250,0.000380,680.722534,702.933838,685.707092,747.880127,562.950195,565.367432
1699146753445760,146.000000,0.539202,0.813206,0.218992,-0.000110,-0.000510,0.000150,-0.000400,0.000260,0.000660,414.615112,547.591675,605.250000,681.946777,614.007874,670.706482
1699146753455680,206.000000,0.198380,0.783082,0.589430,-0.000210,-0.000670,-0.000190,-0.000460,0.000020,0.000480,768.463623,787.282959,610.708740,771.240845,617.400208,645.243958
1699146753465600,42.000000,0.747317,0.664130,0.021190,-0.000100,-0.000360,0.000320,-0.000250,0.000430,0.000680,152.856567,180.316589,153.442047,288.758118,304.612946,315.863373
1699146753693760,121.000000,-0.199242,0.909339,0.365247,0.000080,-0.000550,-0.000170,-0.000630,-0.000250,0.000380,665.937439,673.223389,623.330933,724.974976,537.288086,496.981201
1699146753931840,143.000000,0.198380,0.783082,0.589430,-0.000210,-0.000670,-0.000190,-0.000460,0.000020,0.000480,502.684692,543.797363,481.431427,551.465210,536.589233,475.690674
1699146754130240,144.000000,-0.199242,0.909339,0.365247,0.000080,-0.000550,-0.000170,-0.000630,-0.000250,0.000380,658.091431,640.516907,538.519165,695.700317,388.953369,393.322540
1699146754437760,129.000000,0.198380,0.783082,0.589430,-0.000210,-0.000670,-0.000190,-0.000460,0.000020,0.000480,532.117310,472.303162,493.696228,446.033325,464.859131,462.817719
1699146754536960,148.000000,-0.204827,0.907334,0.367139,0.000080,-0.000550,-0.000170,-0.000630,-0.000250,0.000370,709.672607,683.951050,492.469696,741.402466,410.806305,385.763916
1699146754556800,29.000000,0.615963,0.356844,-0.702319,-0.000100,-0.000200,0.004040,-0.000260,0.000300,0.000680,149.822617,119.979767,104.907501,153.818665,114.150963,175.763214
1699146754913920,101.000000,0.198380,0.783082,0.589430,-0.000210,-0.000670,-0.000190,-0.000460,0.000020,0.000480,671.013123,727.315796,630.061340,611.802612,443.544342,688.651550
1699146754953600,99.000000,0.537919,0.816630,0.209187,-0.000100,-0.000500,0.000150,-0.000400,0.000260,0.000660,353.454468,410.308441,370.458405,731.692139,710.872803,695.167603
1699146755003200,143.000000,-0.199242,0.909339,0.365247,0.000080,-0.000550,-0.000170,-0.000630,-0.000250,0.000380,724.893677,726.373779,484.965424,718.695740,408.255127,412.305725
1699146755419840,150.000000,0.191152,0.784458,0.589989,-0.000210,-0.000670,-0.000190,-0.000460,0.000010,0.000480,601.051575,701.497192,531.159363,544.795044,560.107239,575.024780
1699146755459520,138.000000,0.540544,0.816502,0.202822,-0.000100,-0.000500,0.000160,-0.000400,0.000260,0.000660,402.753113,448.060364,422.158813,684.821655,625.765625,667.496948
1699146755499200,114.000000,-0.214943,0.903016,0.371970,0.000080,-0.000550,-0.000180,-0.000630,-0.000260,0.000370,715.305176,685.919189,454.716949,664.836792,420.411438,504.610779
1699146755915840,153.000000,-0.130382,-0.897392,-0.421530,-0.000210,0.004970,-0.000190,0.002820,0.000010,-0.002090,502.972778,101.455040,399.907776,104.238068,586.888306,130.265167
1699146755945600,101.000000,0.541840,0.813133,0.212659,-0.000110,-0.000510,0.000160,-0.000400,0.000260,0.000660,390.506287,355.351135,359.648926,534.833740,500.342438,545.026489
1699146756015040,99.000000,-0.214943,0.903016,0.371970,0.000080,-0.000550,-0.000180,-0.000630,-0.000260,0.000370,663.723938,655.007996,448.422241,667.513245,437.313110,549.314087
1699146756411840,210.000000,0.183353,0.779943,0.598390,-0.000210,-0.000670,-0.000200,-0.000460,0.000010,0.000470,521.466370,792.496521,589.921448,450.509644,706.500549,521.634644
1699146756421760,97.000000,0.540544,0.816502,0.202822,-0.000100,-0.000500,0.000160,-0.000400,0.000260,0.000660,377.247253,445.073303,447.927246,480.518311,448.808594,475.633514
1699146756520960,108.000000,-0.214943,0.903016,0.371970,0.000080,-0.000550,-0.000180,-0.000630,-0.000260,0.000370,729.763000,710.117188,567.179443,714.563721,559.799683,627.469788
1699146756927680,127.000000,0.543588,0.813125,0.208181,-0.000110,-0.000500,0.000160,-0.000400,0.000260,0.000660,343.276001,367.235657,424.976837,665.481445,567.984741,592.196899
1699146756947520,150.000000,0.179906,0.782964,0.595484,-0.000210,-0.000670,-0.000200,-0.000470,0.000010,0.000470,431.467316,787.329834,747.624023,470.674164,494.232147,735.546448
1699146757225280,142.000000,-0.214943,0.903016,0.371970,0.000080,-0.000550,-0.000180,-0.000630,-0.000260,0.000370,674.922119,693.644531,603.149048,671.777954,582.126953,666.351379
1699146757473280,186.000000,0.179906,0.782964,0.595484,-0.000210,-0.000670,-0.000200,-0.000470,0.000010,0.000470,564.388000,798.825684,802.645935,470.839722,424.703705,811.683228
1699146757622080,84.000000,0.540544,0.816502,0.202822,-0.000100,-0.000500,0.000160,-0.000400,0.000260,0.000660,410.196381,534.279358,562.296997,566.133606,496.354889,578.741821
1699146757780800,154.000000,-0.214943,0.903016,0.371970,0.000080,-0.000550,-0.000180,-0.000630,-0.000260,0.000370,750.723633,763.034424,710.151917,723.124512,687.895630,737.640076
1699146757979200,307.000000,0.172659,0.784231,0.595962,-0.000210,-0.000670,-0.000200,-0.000470,0.000000,0.000470,539.001831,710.517578,629.313110,649.570557,770.235962,829.316589
1699146758197440,81.000000,0.540544,0.816502,0.202822,-0.000100,-0.000500,0.000160,-0.000400,0.000260,0.000660,336.202087,502.181946,499.392761,437.836609,416.283356,495.877991
1699146758306560,86.000000,-0.214943,0.903016,0.371970,0.000080,-0.000550,-0.000180,-0.000630,-0.000260,0.000370,629.593506,658.026123,650.157166,652.835205,635.197021,640.170959
1699146758475200,176.000000,0.172659,0.784231,0.595962,-0.000210,-0.000670,-0.000200,-0.000470,0.000000,0.000470,353.613953,639.649414,371.306061,561.935608,717.561829,561.426941
1699146758703360,101.000000,0.540544,0.816502,0.202822,-0.000100,-0.000500,0.000160,-0.000400,0.000260,0.000660,380.222382,536.757935,605.013367,515.192566,357.029724,529.371399
1699146758961280,176.000000,-0.214943,0.903016,0.371970,0.000080,-0.000550,-0.000180,-0.000630,-0.000260,0.000370,639.945068,733.826172,622.115234,640.545532,710.754456,655.074890
1699146759000960,175.000000,0.165402,0.785455,0.596408,-0.000200,-0.000670,-0.000210,-0.000470,0.000000,0.000470,557.001343,698.343262,514.885376,684.988647,599.936646,423.672485
1699146759149760,90.000000,0.540544,0.816502,0.202822,-0.000100,-0.000500,0.000160,-0.000400,0.000260,0.000660,538.680176,664.551270,633.929016,638.923462,389.554504,604.343018
1699146759506880,112.000000,0.161489,0.783698,0.599782,-0.000200,-0.000670,-0.000210,-0.000470,0.000000,0.000460,492.318695,637.058105,770.257080,664.333252,400.717407,530.443054
1699146759546560,102.000000,-0.214943,0.903016,0.371970,0.000080,-0.000550,-0.000180,-0.000630,-0.000260,0.000370,586.235718,700.176025,573.042419,632.250793,659.342896,617.360474
1699146759715200,60.000000,0.546183,0.812987,0.201831,-0.000100,-0.000500,0.000160,-0.000400,0.000270,0.000660,382.866119,490.359253,478.435425,393.412842,336.806702,483.537140
1699146759992960,107.000000,0.154182,0.784864,0.600181,-0.000200,-0.000670,-0.000210,-0.000470,-0.000010,0.000460,700.683044,708.264160,746.619934,792.196350,658.691284,704.483398
1699146760250880,104.000000,0.540544,0.816502,0.202822,-0.000100,-0.000500,0.000160,-0.000400,0.000260,0.000660,657.210938,750.712463,621.462402,642.498413,419.120667,628.732422
1699146760469120,81.000000,0.154182,0.784864,0.600181,-0.000200,-0.000670,-0.000210,-0.000470,-0.000010,0.000460,771.885254,731.876221,771.841797,767.993591,776.609802,751.273132
1699146760826240,61.000000,0.546183,0.812987,0.201831,-0.000100,-0.000500,0.000160,-0.000400,0.000270,0.000660,501.811279,576.279297,406.204865,459.810364,386.734009,448.673676
1699146760945280,92.000000,0.154182,0.784864,0.600181,-0.000200,-0.000670,-0.000210,-0.000470,-0.000010,0.000460,780.830566,736.510193,661.826233,772.792236,743.599487,757.773132
1699146761361920,48.000000,-0.472425,-0.272030,0.838340,-0.000100,-0.005000,0.000160,0.000060,0.000270,-0.005290,448.528107,115.918327,271.531433,100.944801,311.380920,109.298912
1699146761411520,119.000000,0.154182,0.784864,0.600181,-0.000200,-0.000670,-0.000210,-0.000470,-0.000010,0.000460,689.850220,628.173157,455.001038,699.306030,548.880981,755.276306
1699146761857920,32.000000,0.548742,0.812812,0.195497,-0.000100,-0.000500,0.000170,-0.000400,0.000270,0.000660,310.853699,312.926819,281.155090,247.862534,273.285309,281.970581
1699146761887680,87.000000,0.142887,0.782995,0.605394,-0.000200,-0.000670,-0.000220,-0.000470,-0.000020,0.000460,688.769043,556.552429,599.250122,607.534180,501.353851,622.273560
1699146762344000,115.000000,0.138832,0.781122,0.608748,-0.000200,-0.000670,-0.000220,-0.000470,-0.000020,0.000450,802.285706,732.616333,735.234253,718.423462,743.293823,554.451172
1699146762353920,56.000000,0.548742,0.812812,0.195497,-0.000100,-0.000500,0.000170,-0.000400,0.000270,0.000660,433.096802,425.794373,231.666077,326.143188,220.053024,287.398438
1699146762810240,108.000000,0.138832,0.781122,0.608748,-0.000200,-0.000670,-0.000220,-0.000470,-0.000020,0.000450,827.264648,607.372864,826.751038,578.218689,819.342407,598.466064
1699146762968960,70.000000,0.553525,0.809372,0.196283,-0.000100,-0.000500,0.000170,-0.000390,0.000270,0.000660,360.805878,302.362549,344.506348,252.266174,333.520386,353.498260
1699146763256640,97.000000,0.138832,0.781122,0.608748,-0.000200,-0.000670,-0.000220,-0.000470,-0.000020,0.000450,801.617981,689.178345,771.870178,611.090332,742.032837,800.160339
1699146763455040,60.000000,0.548742,0.812812,0.195497,-0.000100,-0.000500,0.000170,-0.000400,0.000270,0.000660,393.023315,289.408447,346.719238,203.255341,343.359131,234.356415
1699146763703040,106.000000,0.135577,0.784051,0.605709,-0.000200,-0.000670,-0.000220,-0.000480,-0.000020,0.000450,770.675720,582.957642,613.516418,496.065125,453.232971,763.177002
1699146764179200,121.000000,0.124315,0.782001,0.610754,-0.000200,-0.000670,-0.000230,-0.000480,-0.000030,0.000450,680.258423,481.295044,508.461792,624.254639,697.038208,805.429688
1699146764635520,78.000000,0.124315,0.782001,0.610754,-0.000200,-0.000670,-0.000230,-0.000480,-0.000030,0.000450,634.452026,613.399658,566.032043,494.620544,715.664673,596.368591
1699146765081920,109.000000,0.124315,0.782001,0.610754,-0.000200,-0.000670,-0.000230,-0.000480,-0.000030,0.000450,646.896240,597.266968,745.396729,580.474121,758.723816,442.144348
1699146765518400,137.000000,0.120168,0.780053,0.614066,-0.000200,-0.000670,-0.000230,-0.000480,-0.000030,0.000440,653.676147,570.720764,835.496765,669.519165,668.509888,502.395355
1699146765944960,134.000000,0.112826,0.780982,0.614278,-0.000200,-0.000670,-0.000230,-0.000480,-0.000040,0.000440,366.820740,588.309082,754.251709,648.329041,501.712555,678.239136
1699146766381440,157.000000,0.112826,0.780982,0.614278,-0.000200,-0.000670,-0.000230,-0.000480,-0.000040,0.000440,565.849487,517.857300,635.350952,761.771240,618.403015,742.761536
1699146766391360,62.000000,-0.227182,0.894691,0.384598,0.000070,-0.000550,-0.000190,-0.000630,-0.000270,0.000360,378.759674,328.492065,308.335785,366.655029,376.090973,525.894958
1699146766798080,166.000000,0.109416,0.785015,0.609737,-0.000190,-0.000670,-0.000230,-0.000480,-0.000040,0.000440,545.534363,615.500488,544.157471,811.882141,829.730835,822.218384
1699146766917120,95.000000,-0.230455,0.891547,0.389916,0.000070,-0.000550,-0.000200,-0.000630,-0.000270,0.000360,460.203827,572.560242,370.401428,440.058105,606.697632,600.257690
1699146767234560,135.000000,0.105483,0.781868,0.614456,-0.000190,-0.000670,-0.000240,-0.000480,-0.000040,0.000440,649.409424,701.398376,643.021484,866.408447,752.609253,768.646484
1699146767512320,60.000000,0.558529,0.808909,0.183606,-0.000100,-0.000490,0.000180,-0.000390,0.000270,0.000670,391.373047,409.266663,236.310196,353.029205,235.644485,259.496338
1699146767522240,96.000000,-0.230455,0.891547,0.389916,0.000070,-0.000550,-0.000200,-0.000630,-0.000270,0.000360,527.981812,518.080261,458.003662,486.225189,614.243530,567.894409
1699146767700800,119.000000,0.105483,0.781868,0.614456,-0.000190,-0.000670,-0.000240,-0.000480,-0.000040,0.000440,613.544067,597.114563,705.100037,823.636108,509.120850,580.220642
1699146767978560,65.000000,0.558529,0.808909,0.183606,-0.000100,-0.000490,0.000180,-0.000390,0.000270,0.000670,549.704224,567.206055,338.496613,526.452209,314.026764,364.618103
1699146768087680,134.000000,-0.230455,0.891547,0.389916,0.000070,-0.000550,-0.000200,-0.000630,-0.000270,0.000360,561.405396,567.278015,534.656372,442.770142,621.568726,442.647430
1699146768236480,133.000000,0.093841,0.780662,0.617867,-0.000190,-0.000670,-0.000240,-0.000480,-0.000050,0.000430,672.362610,596.333740,749.238647,785.632568,661.847351,580.947388
1699146768514240,101.000000,0.564007,0.805317,0.182649,-0.000100,-0.000490,0.000180,-0.000390,0.000280,0.000670,537.713989,608.915161,471.775513,529.041626,320.174500,537.156189
1699146768732480,97.000000,0.093841,0.780662,0.617867,-0.000190,-0.000670,-0.000240,-0.000480,-0.000050,0.000430,557.848022,395.283936,552.256104,463.450409,594.828857,454.965515
1699146768990400,87.000000,0.564007,0.805317,0.182649,-0.000100,-0.000490,0.000180,-0.000390,0.000280,0.000670,574.115845,552.523193,456.909058,588.541992,389.862091,385.265747
1699146769238400,94.000000,0.093841,0.780662,0.617867,-0.000190,-0.000670,-0.000240,-0.000480,-0.000050,0.000430,715.827881,509.331360,497.852722,623.855469,611.355652,738.192383
1699146769337600,126.000000,-0.235103,0.888335,0.394447,0.000070,-0.000550,-0.000200,-0.000620,-0.000270,0.000350,684.979065,528.931274,660.553467,432.199463,626.297729,520.383057
1699146769466560,103.000000,0.564007,0.805317,0.182649,-0.000100,-0.000490,0.000180,-0.000390,0.000280,0.000670,624.191406,628.885376,544.936340,650.654480,474.899872,473.258453
1699146769754240,103.000000,0.089923,0.777430,0.622508,-0.000190,-0.000670,-0.000250,-0.000480,-0.000050,0.000430,693.184448,510.843872,407.362091,562.125427,403.510345,602.014038
1699146769883200,126.000000,-0.235103,0.888335,0.394447,0.000070,-0.000550,-0.000200,-0.000620,-0.000270,0.000350,656.130127,578.685730,721.725708,451.413239,628.601318,603.544495
1699146770032000,141.000000,0.564007,0.805317,0.182649,-0.000100,-0.000490,0.000180,-0.000390,0.000280,0.000670,612.834961,613.792480,674.644043,742.079102,503.144531,476.457916
1699146770329600,97.000000,0.082563,0.778189,0.622580,-0.000190,-0.000670,-0.000250,-0.000480,-0.000060,0.000430,729.809814,552.050171,620.907104,507.573120,612.337646,580.939880
1699146770389120,151.000000,-0.233704,0.888371,0.395195,0.000070,-0.000560,-0.000200,-0.000630,-0.000270,0.000350,755.598633,336.739319,613.388916,423.151062,513.584717,578.317505
1699146770508160,141.000000,0.564007,0.805317,0.182649,-0.000100,-0.000490,0.000180,-0.000390,0.000280,0.000670,519.596069,551.751587,725.654236,710.530396,500.434875,504.077148
1699146770855360,115.000000,0.078176,0.776036,0.625825,-0.000190,-0.000670,-0.000250,-0.000480,-0.000060,0.000420,686.532715,502.631134,661.483154,425.980621,687.460693,447.878937
1699146770875200,127.000000,-0.235103,0.888335,0.394447,0.000070,-0.000550,-0.000200,-0.000620,-0.000270,0.000350,699.452698,457.029053,648.598633,445.314331,585.037415,565.913696
1699146771093440,118.000000,0.564007,0.805317,0.182649,-0.000100,-0.000490,0.000180,-0.000390,0.000280,0.000670,497.709259,457.100159,552.140991,604.599915,525.576172,497.603790
1699146771361280,103.000000,0.075207,0.778904,0.622617,-0.000190,-0.000670,-0.000250,-0.000490,-0.000060,0.000420,684.584167,418.862854,634.505005,356.471313,573.493408,566.488647
1699146771490240,83.000000,-0.235103,0.888335,0.394447,0.000070,-0.000550,-0.000200,-0.000620,-0.000270,0.000350,607.916321,380.199646,460.721710,373.020630,467.938080,587.355652
1699146771579520,124.000000,0.564007,0.805317,0.182649,-0.000100,-0.000490,0.000180,-0.000390,0.000280,0.000670,485.551331,444.412598,579.071716,631.753784,641.710266,611.513306
1699146771877120,96.000000,0.075207,0.778904,0.622617,-0.000190,-0.000670,-0.000250,-0.000490,-0.000060,0.000420,691.145752,414.268036,561.585449,530.714417,409.661896,634.736572
1699146772174720,128.000000,0.562710,0.808434,0.172605,-0.000090,-0.000480,0.000180,-0.000390,0.000280,0.000670,450.843384,595.930420,472.460449,739.079529,665.287231,663.054626
1699146772234240,69.000000,-0.243491,0.883731,0.399664,0.000070,-0.000560,-0.000210,-0.000630,-0.000280,0.000350,581.080322,420.230591,412.311188,335.921143,357.822479,606.623413
1699146772422720,133.000000,0.064005,0.776262,0.627153,-0.000190,-0.000670,-0.000260,-0.000490,-0.000070,0.000420,662.816528,493.448181,463.449036,542.834106,658.479797,717.508911
1699146772710400,154.000000,0.564007,0.805317,0.182649,-0.000100,-0.000490,0.000180,-0.000390,0.000280,0.000670,636.345886,428.947327,645.402466,629.058594,714.528931,620.606384
1699146772769920,93.000000,-0.238366,0.885087,0.399753,0.000070,-0.000550,-0.000210,-0.000620,-0.000270,0.000350,652.831909,472.199432,327.403870,552.643677,417.732819,660.638184
1699146772928640,164.000000,0.064005,0.776262,0.627153,-0.000190,-0.000670,-0.000260,-0.000490,-0.000070,0.000420,588.159668,562.276733,626.084717,662.023621,772.264771,653.345703
1699146773236160,137.000000,0.568171,0.804804,0.171672,-0.000100,-0.000480,0.000190,-0.000390,0.000280,0.000670,430.452393,626.168945,419.746552,570.058350,673.335022,631.294800
1699146773275840,111.000000,-0.242555,0.882781,0.402325,0.000070,-0.000560,-0.000210,-0.000620,-0.000280,0.000350,734.145203,383.198730,572.529053,477.000427,512.861328,614.693481
1699146773424640,130.000000,0.064005,0.776262,0.627153,-0.000190,-0.000670,-0.000260,-0.000490,-0.000070,0.000420,500.905640,537.243164,758.478027,713.729187,613.229614,441.984802
1699146773791680,146.000000,-0.245003,0.883627,0.398971,0.000070,-0.000550,-0.000210,-0.000620,-0.000280,0.000350,715.573303,527.869995,631.179810,617.958679,519.366394,579.538208
1699146773890880,137.000000,0.052187,0.774620,0.630271,-0.000190,-0.000670,-0.000260,-0.000490,-0.000080,0.000410,338.947083,473.681091,630.203735,621.811279,347.182739,459.874207
1699146774277760,124.000000,-0.245003,0.883627,0.398971,0.000070,-0.000550,-0.000210,-0.000620,-0.000280,0.000350,681.832886,439.166382,694.899536,523.924988,635.948975,481.556793
1699146774307520,50.000000,0.565111,0.808084,0.166285,-0.000090,-0.000480,0.000190,-0.000390,0.000280,0.000670,233.913589,370.739777,302.935272,423.641174,436.060120,413.162964
1699146774337280,135.000000,0.052187,0.774620,0.630271,-0.000190,-0.000670,-0.000260,-0.000490,-0.000080,0.000410,392.854279,512.524902,667.944580,699.396362,581.345276,657.459229
1699146774753920,87.000000,0.568171,0.804804,0.171672,-0.000100,-0.000480,0.000190,-0.000390,0.000280,0.000670,336.412048,546.395386,424.974487,433.259033,403.850525,495.106201
1699146774763840,151.000000,-0.245003,0.883627,0.398971,0.000070,-0.000550,-0.000210,-0.000620,-0.000280,0.000350,679.403076,424.369202,735.627563,605.284912,646.520386,454.930664
1699146774793600,101.000000,0.048661,0.778558,0.625683,-0.000180,-0.000670,-0.000260,-0.000490,-0.000080,0.000410,511.549805,550.286682,486.930725,688.408081,619.757568,682.851746
1699146775200320,105.000000,0.565111,0.808084,0.166285,-0.000090,-0.000480,0.000190,-0.000390,0.000280,0.000670,411.911438,611.908081,542.072388,485.515259,562.494263,624.294250
1699146775230080,168.000000,-0.248212,0.880343,0.404213,0.000070,-0.000560,-0.000210,-0.000620,-0.000280,0.000340,680.314453,407.869690,772.751404,589.355347,744.962280,494.027618
1699146775259840,122.000000,0.044840,0.775166,0.630164,-0.000180,-0.000670,-0.000270,-0.000490,-0.000080,0.000410,528.000366,569.648193,365.521362,741.987732,653.220947,626.291748
1699146775656640,142.000000,-0.250700,0.881173,0.400854,0.000070,-0.000550,-0.000210,-0.000620,-0.000280,0.000340,648.557190,382.686096,715.216919,519.407227,724.362671,499.666443
1699146775666560,78.000000,0.565111,0.808084,0.166285,-0.000090,-0.000480,0.000190,-0.000390,0.000280,0.000670,290.775146,461.845612,434.587769,354.003845,376.027832,462.670197
1699146775696320,80.000000,0.044840,0.775166,0.630164,-0.000180,-0.000670,-0.000270,-0.000490,-0.000080,0.000410,575.117065,535.218811,600.875000,723.836792,564.546753,569.535767
1699146776122880,100.000000,0.032910,0.773329,0.633150,-0.000180,-0.000670,-0.000270,-0.000490,-0.000090,0.000400,685.629150,614.669373,817.988525,814.189331,628.492676,544.200623
1699146776152640,67.000000,0.565111,0.808084,0.166285,-0.000090,-0.000480,0.000190,-0.000390,0.000280,0.000670,276.943848,430.949738,424.912018,308.634888,300.402039,409.159363
1699146776192320,140.000000,-0.250700,0.881173,0.400854,0.000070,-0.000550,-0.000210,-0.000620,-0.000280,0.000340,662.565979,417.497223,698.033569,572.591248,721.375366,600.696655
1699146776549440,104.000000,0.032910,0.773329,0.633150,-0.000180,-0.000670,-0.000270,-0.000490,-0.000090,0.000400,725.761169,674.865723,769.871460,739.031616,773.085876,707.099731
1699146776668480,104.000000,-0.248212,0.880343,0.404213,0.000070,-0.000560,-0.000210,-0.000620,-0.000280,0.000340,488.710541,505.657288,529.189026,404.138550,564.850342,481.059418
1699146776976000,116.000000,0.032910,0.773329,0.633150,-0.000180,-0.000670,-0.000270,-0.000490,-0.000090,0.000400,685.095337,624.565125,666.278931,657.211487,716.602966,669.492920
1699146777204160,78.000000,-0.251396,0.877030,0.409413,0.000070,-0.000560,-0.000220,-0.000620,-0.000280,0.000340,545.392273,519.767639,399.814972,640.267334,643.182556,734.489685
1699146777412480,77.000000,0.032910,0.773329,0.633150,-0.000180,-0.000670,-0.000270,-0.000490,-0.000090,0.000400,650.457825,541.889587,477.116394,575.708252,589.338806,729.377686
1699146777680320,95.000000,-0.251396,0.877030,0.409413,0.000070,-0.000560,-0.000220,-0.000620,-0.000280,0.000340,622.063599,554.106201,446.301025,523.176270,605.781128,703.585083
1699146777829120,86.000000,0.032910,0.773329,0.633150,-0.000180,-0.000670,-0.000270,-0.000490,-0.000090,0.000400,704.996216,616.532959,474.850647,569.269897,436.683685,698.799255
1699146778106880,109.000000,-0.251396,0.877030,0.409413,0.000070,-0.000560,-0.000220,-0.000620,-0.000280,0.000340,627.180176,416.524475,438.732788,588.227478,581.534546,708.245605
1699146778275520,125.000000,0.021789,0.770284,0.637328,-0.000180,-0.000670,-0.000280,-0.000490,-0.000100,0.000400,751.043640,723.926575,568.901611,666.725952,607.558289,418.602844
1699146778533440,85.000000,-0.251396,0.877030,0.409413,0.000070,-0.000560,-0.000220,-0.000620,-0.000280,0.000340,505.625061,470.166016,534.205811,668.756714,569.121094,729.033630
1699146778682240,94.000000,0.017123,0.767835,0.640419,-0.000180,-0.000670,-0.000280,-0.000490,-0.000100,0.000390,727.615662,686.864502,732.384888,610.785889,768.099792,562.315186
1699146779079040,122.000000,0.014471,0.770665,0.637076,-0.000180,-0.000670,-0.000280,-0.000500,-0.000100,0.000390,660.222290,514.112549,680.402344,381.414764,701.449341,406.880371
1699146779108800,109.000000,-0.260453,0.876318,0.405253,0.000070,-0.000550,-0.000220,-0.000620,-0.000290,0.000340,593.413208,400.525757,658.793640,573.947876,393.896118,547.363953
1699146779495680,98.000000,0.017123,0.767835,0.640419,-0.000180,-0.000670,-0.000280,-0.000490,-0.000100,0.000390,674.114807,698.834839,707.407227,464.400726,566.801147,706.441101
1699146779575040,108.000000,-0.251396,0.877030,0.409413,0.000070,-0.000560,-0.000220,-0.000620,-0.000280,0.000340,405.155823,520.073792,722.808960,637.540710,481.034668,623.557495
1699146779952000,87.000000,0.007168,0.771003,0.636791,-0.000180,-0.000670,-0.000280,-0.000500,-0.000110,0.000390,577.111328,622.375854,595.098816,375.810547,426.600525,693.643311
1699146780031360,91.000000,-0.257924,0.875525,0.408571,0.000070,-0.000560,-0.000220,-0.000620,-0.000290,0.000340,391.514343,392.467804,570.728149,524.567200,331.908875,487.321442
1699146780448000,114.000000,0.007168,0.771003,0.636791,-0.000180,-0.000670,-0.000280,-0.000500,-0.000110,0.000390,475.114319,718.914185,501.572662,485.050537,631.525696,653.495483
1699146780497600,74.000000,-0.254554,0.873689,0.414572,0.000060,-0.000560,-0.000220,-0.000620,-0.000290,0.000340,357.141144,493.295227,615.090942,637.766235,357.306122,502.464905
1699146780944000,57.000000,-0.263598,0.872962,0.410431,0.000070,-0.000560,-0.000220,-0.000620,-0.000290,0.000330,410.705933,364.562012,604.277893,564.075195,515.346741,447.485413
1699146780953920,77.000000,0.607947,-0.022239,-0.793666,-0.000030,0.002060,-0.000010,-0.000070,0.000600,0.001530,205.989868,90.076210,110.533318,105.500511,107.624550,91.301559
1699146780963840,86.000000,0.003468,0.767470,0.641076,-0.000180,-0.000670,-0.000290,-0.000500,-0.000110,0.000390,250.808395,303.552887,216.279541,370.801697,585.241577,469.588348
1699146781102720,101.000000,0.579415,0.800177,0.154904,-0.000090,-0.000470,0.000200,-0.000380,0.000290,0.000670,540.554138,382.569611,462.466370,419.320312,516.843567,476.935120
1699146781350720,53.000000,-0.263598,0.872962,0.410431,0.000070,-0.000560,-0.000220,-0.000620,-0.000290,0.000330,422.489807,335.612976,562.064209,509.825745,512.647583,392.709717
1699146781489600,86.000000,-0.001253,0.764941,0.644099,-0.000180,-0.000670,-0.000290,-0.000500,-0.000110,0.000380,485.918518,643.476257,635.945251,452.005707,599.663208,554.371887
1699146781549120,89.000000,0.579415,0.800177,0.154904,-0.000090,-0.000470,0.000200,-0.000380,0.000290,0.000670,639.882568,535.257629,589.313416,580.519653,590.099121,640.107788
1699146781727680,68.000000,-0.263598,0.872962,0.410431,0.000070,-0.000560,-0.000220,-0.000620,-0.000290,0.000330,303.891205,410.587341,406.412872,491.344727,496.774933,443.708008
1699146781985600,88.000000,0.579415,0.800177,0.154904,-0.000090,-0.000470,0.000200,-0.000380,0.000290,0.000670,620.391968,615.315430,625.371948,598.236450,608.290649,597.540100
1699146782025280,84.000000,-0.001253,0.764941,0.644099,-0.000180,-0.000670,-0.000290,-0.000500,-0.000110,0.000380,451.297363,694.773071,737.298340,506.724304,464.715057,663.650208
1699146782124480,43.000000,-0.263598,0.872962,0.410431,0.000070,-0.000560,-0.000220,-0.000620,-0.000290,0.000330,325.559326,327.661163,372.741272,549.239258,559.158203,507.026184
1699146782461760,74.000000,0.579415,0.800177,0.154904,-0.000090,-0.000470,0.000200,-0.000380,0.000290,0.000670,554.992981,541.918396,575.888550,573.151245,559.446106,569.086609
1699146782531200,78.000000,-0.263598,0.872962,0.410431,0.000070,-0.000560,-0.000220,-0.000620,-0.000290,0.000330,385.060913,308.876892,368.660034,514.467468,486.559570,498.865143
1699146782560960,151.000000,-0.012156,0.769021,0.639108,-0.000170,-0.000670,-0.000290,-0.000500,-0.000120,0.000380,447.277039,706.738281,647.918579,550.696899,586.408875,705.782227
1699146782848640,43.000000,0.579415,0.800177,0.154904,-0.000090,-0.000470,0.000200,-0.000380,0.000290,0.000670,483.562622,491.304688,492.849182,477.202942,474.933289,414.521088
1699146782967680,66.000000,-0.306946,-0.709714,0.634106,0.000070,0.001180,-0.004720,0.002300,-0.000040,0.000650,267.869598,105.409470,104.448883,105.513557,126.730270,94.117538
1699146782977600,50.000000,-0.266716,0.869578,0.415567,0.000070,-0.000560,-0.000230,-0.000620,-0.000290,0.000330,203.490753,188.867889,163.619598,189.577484,189.545776,553.038452
1699146783166080,184.000000,-0.012156,0.769021,0.639108,-0.000170,-0.000670,-0.000290,-0.000500,-0.000120,0.000380,572.119873,763.707886,521.341187,622.310608,717.807861,593.600586
1699146783324800,113.000000,0.579415,0.800177,0.154904,-0.000090,-0.000470,0.000200,-0.000380,0.000290,0.000670,590.688721,661.450317,508.848846,611.242798,544.356567,473.529205
1699146783334720,69.000000,-0.266716,0.869578,0.415567,0.000070,-0.000560,-0.000230,-0.000620,-0.000290,0.000330,321.907471,405.655090,436.302124,578.182007,589.782837,615.632996
1699146783662080,160.000000,-0.015809,0.765420,0.643337,-0.000170,-0.000670,-0.000300,-0.000500,-0.000120,0.000380,605.900330,794.488159,473.690186,719.526611,676.081726,512.421997
1699146783691840,38.000000,-0.263344,0.867713,0.421572,0.000060,-0.000560,-0.000230,-0.000620,-0.000290,0.000330,294.926025,334.115601,415.206360,509.303619,447.760132,544.834167
1699146783771200,65.000000,0.579415,0.800177,0.154904,-0.000090,-0.000470,0.000200,-0.000380,0.000290,0.000670,508.733582,583.619385,400.976501,549.098206,532.391663,458.355774
1699146783999360,55.000000,-0.263344,0.867713,0.421572,0.000060,-0.000560,-0.000230,-0.000620,-0.000290,0.000330,370.856506,462.153381,512.490845,527.755493,480.136780,554.421204
1699146784168000,152.000000,-0.027885,0.762955,0.645850,-0.000170,-0.000670,-0.000300,-0.000500,-0.000130,0.000370,695.744751,789.954956,694.228882,731.889526,467.332031,681.693848
1699146784217600,119.000000,0.579415,0.800177,0.154904,-0.000090,-0.000470,0.000200,-0.000380,0.000290,0.000670,655.005554,713.176758,559.482178,698.440796,642.256409,660.539001
1699146784644160,148.000000,0.579415,0.800177,0.154904,-0.000090,-0.000470,0.000200,-0.000380,0.000290,0.000670,673.190430,659.796509,542.429932,735.262573,676.272644,641.806580
1699146784693760,127.000000,-0.419145,0.811728,-0.406712,0.002820,-0.002410,0.004160,-0.003530,-0.003440,-0.000050,136.377441,112.772881,88.872971,108.860870,106.701782,108.067764
1699146784703680,142.000000,-0.083348,0.816489,0.571313,-0.000020,-0.000670,-0.000300,-0.000500,-0.000130,0.000370,301.079376,332.071198,321.879578,679.698547,582.198181,722.753601
1699146785090560,134.000000,0.581692,0.799722,0.148593,-0.000090,-0.000470,0.000210,-0.000380,0.000290,0.000670,716.209656,717.779907,450.077545,755.734558,491.790039,504.254150
1699146785427840,114.000000,-0.027885,0.762955,0.645850,-0.000170,-0.000670,-0.000300,-0.000500,-0.000130,0.000370,740.866943,759.500122,709.491028,718.515503,753.993286,675.445435
1699146785517120,139.000000,0.581692,0.799722,0.148593,-0.000090,-0.000470,0.000210,-0.000380,0.000290,0.000670,641.718018,575.548096,515.517639,737.284790,396.804291,504.751068
1699146785904000,132.000000,-0.027885,0.762955,0.645850,-0.000170,-0.000670,-0.000300,-0.000500,-0.000130,0.000370,686.930115,740.010376,536.259888,722.951660,665.903687,541.629333
1699146785943680,134.000000,0.581692,0.799722,0.148593,-0.000090,-0.000470,0.000210,-0.000380,0.000290,0.000670,599.741577,508.171539,504.901001,715.347900,499.810883,529.756958
1699146786360320,83.000000,0.583431,0.799345,0.143719,-0.000090,-0.000460,0.000210,-0.000380,0.000290,0.000670,411.543335,427.048950,631.173096,694.167358,505.306580,584.968445
1699146786409920,132.000000,-0.032749,0.760261,0.648791,-0.000170,-0.000670,-0.000300,-0.000500,-0.000130,0.000360,805.043457,803.889893,492.350769,790.104553,493.672852,467.985687
1699146786786880,123.000000,0.586998,0.795999,0.147712,-0.000090,-0.000470,0.000210,-0.000380,0.000300,0.000670,563.811768,430.265076,622.069946,690.532227,460.213165,338.196564
1699146787044800,156.000000,-0.043595,0.756642,0.652375,-0.000170,-0.000670,-0.000310,-0.000500,-0.000140,0.000360,779.303101,752.969849,708.664856,769.733276,730.061646,777.402039
1699146787203520,114.000000,0.588748,0.795594,0.142847,-0.000090,-0.000460,0.000210,-0.000380,0.000300,0.000670,357.419464,541.229919,671.014587,579.507568,435.190582,533.673950
1699146787530880,131.000000,-0.043595,0.756642,0.652375,-0.000170,-0.000670,-0.000310,-0.000500,-0.000140,0.000360,704.212036,731.947266,704.348999,716.268066,702.174072,703.970154
1699146787620160,108.000000,0.585657,0.798827,0.137408,-0.000080,-0.000460,0.000210,-0.000380,0.000300,0.000670,409.032776,595.364502,628.239014,651.432007,492.727509,459.644531
1699146788016960,115.000000,-0.396283,-0.343041,-0.851635,-0.000090,0.002800,0.000210,-0.001520,0.000300,-0.000860,462.688110,113.361801,636.194336,110.230560,585.982239,98.493988
1699146788046720,86.000000,-0.043595,0.756642,0.652375,-0.000170,-0.000670,-0.000310,-0.000500,-0.000140,0.000360,696.906494,724.308594,698.866455,748.653564,701.558899,686.130127
1699146788155840,37.000000,-0.472539,0.769440,-0.429731,0.004750,-0.002370,0.003470,-0.004350,-0.002940,-0.000360,104.096840,106.958389,109.261902,97.436447,143.019562,131.194061
1699146788423680,134.000000,0.586136,0.798710,0.136041,-0.000080,-0.000460,0.000210,-0.000380,0.000300,0.000680,503.937622,760.641052,458.714844,610.191895,629.136047,421.902130
1699146788602240,150.000000,-0.043595,0.756642,0.652375,-0.000170,-0.000670,-0.000310,-0.000500,-0.000140,0.000360,781.863037,757.814880,591.984497,797.310120,511.818359,479.822937
1699146788840320,183.000000,0.586136,0.798710,0.136041,-0.000080,-0.000460,0.000210,-0.000380,0.000300,0.000680,577.319763,801.527100,467.252136,660.838501,784.685791,552.880798
1699146789108160,147.000000,-0.055750,0.753859,0.654666,-0.000170,-0.000670,-0.000310,-0.000500,-0.000150,0.000350,794.951660,776.974731,492.544098,800.849182,576.910034,596.114502
1699146789247040,124.000000,0.590498,0.795164,0.137932,-0.000080,-0.000460,0.000210,-0.000370,0.000300,0.000670,423.917664,693.005737,461.085175,431.492249,718.662292,499.203156
1699146789614080,95.000000,-0.059270,0.750088,0.658677,-0.000170,-0.000670,-0.000320,-0.000500,-0.000150,0.000350,732.416748,770.758606,679.391602,758.910706,739.923096,759.393433
1699146789624000,107.000000,0.588303,0.798155,0.129802,-0.000080,-0.000460,0.000220,-0.000380,0.000300,0.000680,484.268127,660.664856,465.410583,412.186157,575.441040,436.388550
1699146789981120,104.000000,0.592679,0.794612,0.131619,-0.000080,-0.000460,0.000220,-0.000370,0.000300,0.000670,472.844299,564.333008,530.676758,406.989746,636.862793,365.489380
1699146790258880,26.000000,-0.290295,0.859777,0.420135,0.000070,-0.000550,-0.000240,-0.000620,-0.000300,0.000310,181.561600,187.230576,253.418030,248.731125,122.037483,146.102310
1699146790278720,104.000000,-0.059270,0.750088,0.658677,-0.000170,-0.000670,-0.000320,-0.000500,-0.000150,0.000350,623.807739,636.969360,706.193176,700.060303,632.060303,673.752625
1699146790338240,76.000000,0.593101,0.794516,0.130290,-0.000080,-0.000460,0.000220,-0.000370,0.000300,0.000680,527.637085,585.081726,525.407654,429.662720,582.178589,430.252106
1699146790685440,122.000000,0.588303,0.798155,0.129802,-0.000080,-0.000460,0.000220,-0.000380,0.000300,0.000680,602.519958,559.266541,630.461975,408.146057,623.593750,547.361755
1699146790754880,87.000000,0.284229,0.183229,0.941085,0.000140,-0.004530,-0.003630,0.000580,0.002730,0.000320,92.787300,101.730804,109.737709,103.563881,112.736053,117.928528
1699146790764800,112.000000,-0.059270,0.750088,0.658677,-0.000170,-0.000670,-0.000320,-0.000500,-0.000150,0.000350,651.402527,626.702515,626.419861,823.709839,606.568604,650.700806
1699146791052480,107.000000,0.593101,0.794516,0.130290,-0.000080,-0.000460,0.000220,-0.000370,0.000300,0.000680,606.123962,491.610535,603.961975,452.360046,633.404297,489.348846
1699146791231040,126.000000,-0.071434,0.747126,0.660833,-0.000170,-0.000670,-0.000320,-0.000500,-0.000160,0.000340,692.648621,723.204956,646.300659,801.747986,460.413513,501.320465
1699146791399680,101.000000,0.593101,0.794516,0.130290,-0.000080,-0.000460,0.000220,-0.000370,0.000300,0.000680,702.658081,415.475586,691.617004,437.114807,665.013550,491.481995
1699146791766720,100.000000,-0.591314,-0.703847,-0.393632,-0.000080,0.002310,0.000220,-0.001130,0.000300,-0.003570,501.115570,101.588531,522.834473,105.408195,396.209167,103.714569
1699146791776640,38.000000,0.625196,0.627766,-0.463725,-0.000080,-0.000550,0.005280,-0.000370,-0.000310,0.004960,176.521545,179.652084,122.633820,234.568756,108.452271,110.299805
1699146791796480,213.000000,-0.074894,0.743301,0.664751,-0.000170,-0.000670,-0.000330,-0.000500,-0.000160,0.000340,848.310242,864.249207,586.195435,916.687195,763.724854,787.928650
1699146792262720,149.000000,-0.074894,0.743301,0.664751,-0.000170,-0.000670,-0.000330,-0.000500,-0.000160,0.000340,696.347778,715.204468,607.574097,867.652710,851.158325,870.199402
1699146792719040,252.000000,-0.074894,0.743301,0.664751,-0.000170,-0.000670,-0.000330,-0.000500,-0.000160,0.000340,811.095459,783.947754,839.884705,901.116211,916.977539,883.892578
1699146792828160,27.000000,-0.296658,0.858087,0.419143,0.000070,-0.000550,-0.000240,-0.000620,-0.000310,0.000310,253.053574,350.537048,357.746948,404.285431,373.080750,391.551361
1699146793215040,275.000000,-0.074894,0.743301,0.664751,-0.000170,-0.000670,-0.000330,-0.000500,-0.000160,0.000340,769.102783,733.079224,873.959961,888.270996,796.998535,723.830322
1699146793344000,47.000000,-0.296658,0.858087,0.419143,0.000070,-0.000550,-0.000240,-0.000620,-0.000310,0.000310,379.781342,499.155640,414.590088,472.255249,437.130493,461.811371
1699146793681280,217.000000,0.168332,-0.244639,0.954891,-0.005100,0.000320,-0.002000,-0.001260,0.000030,-0.000160,126.158722,104.068108,117.780571,126.497231,107.710381,129.710205
1699146793691200,149.000000,-0.074894,0.743301,0.664751,-0.000170,-0.000670,-0.000330,-0.000500,-0.000160,0.000340,404.211243,404.600098,422.953247,850.569519,620.079407,518.249695
1699146793840000,55.000000,-0.296658,0.858087,0.419143,0.000070,-0.000550,-0.000240,-0.000620,-0.000310,0.000310,344.336090,446.866577,334.853821,424.051788,413.543091,449.297852
1699146794157440,229.000000,-0.087057,0.740164,0.666768,-0.000170,-0.000670,-0.000330,-0.000500,-0.000170,0.000330,763.015686,713.902344,642.073059,841.720398,573.608765,734.182922
1699146794355840,45.000000,-0.296658,0.858087,0.419143,0.000070,-0.000550,-0.000240,-0.000620,-0.000310,0.000310,344.664246,360.142639,295.376465,389.644379,391.319580,353.434692
1699146794752640,202.000000,-0.090453,0.736291,0.670592,-0.000170,-0.000670,-0.000340,-0.000500,-0.000170,0.000330,855.480652,717.751221,587.236877,819.386108,743.494080,833.253601
1699146794841920,46.000000,-0.296658,0.858087,0.419143,0.000070,-0.000550,-0.000240,-0.000620,-0.000310,0.000310,373.557648,377.569885,289.265259,360.382660,393.518188,278.059326
1699146795080000,57.000000,0.602100,0.789612,0.118270,-0.000080,-0.000450,0.000230,-0.000370,0.000310,0.000680,188.390778,317.434692,398.884857,294.187561,253.050537,435.776337
1699146795189120,175.000000,-0.090453,0.736291,0.670592,-0.000170,-0.000670,-0.000340,-0.000500,-0.000170,0.000330,855.780396,644.661560,764.099182,742.250610,808.797607,729.087891
1699146795486720,84.000000,0.598995,0.792762,0.112838,-0.000070,-0.000450,0.000230,-0.000370,0.000310,0.000680,240.967087,385.006653,436.115997,328.652039,359.174103,441.093811
1699146795566080,47.000000,-0.296658,0.858087,0.419143,0.000070,-0.000550,-0.000240,-0.000620,-0.000310,0.000310,482.406464,496.413391,267.472534,441.229004,272.249847,259.776703
1699146795635520,183.000000,-0.090453,0.736291,0.670592,-0.000170,-0.000670,-0.000340,-0.000500,-0.000170,0.000330,883.796204,654.248169,837.698364,688.986694,845.155518,680.048035
1699146795853760,73.000000,0.600683,0.792188,0.107791,-0.000070,-0.000440,0.000230,-0.000370,0.000310,0.000680,299.019867,256.396484,265.052002,382.027222,387.909119,384.406097
1699146796062080,274.000000,-0.090453,0.736291,0.670592,-0.000170,-0.000670,-0.000340,-0.000500,-0.000170,0.000330,843.046509,705.612183,809.220215,714.644836,859.504700,639.268921
1699146796081920,39.000000,-0.305388,0.851641,0.425965,0.000070,-0.000550,-0.000250,-0.000620,-0.000310,0.000300,450.386383,513.691345,330.271332,393.121063,279.043213,302.480835
1699146796220800,91.000000,0.602698,0.791479,0.101567,-0.000070,-0.000440,0.000240,-0.000370,0.000310,0.000680,415.524506,361.837585,304.080536,501.094330,490.344818,490.609192
1699146796448960,262.000000,-0.095499,0.733167,0.673310,-0.000170,-0.000670,-0.000340,-0.000500,-0.000170,0.000320,816.563721,554.399658,724.400635,553.872314,751.174561,603.032959
1699146796568000,105.000000,0.602698,0.791479,0.101567,-0.000070,-0.000440,0.000240,-0.000370,0.000310,0.000680,480.980255,468.243286,405.599854,510.604156,509.683258,538.126770
1699146796587840,63.000000,-0.397761,-0.917488,0.001476,0.000070,0.000370,-0.000250,0.001530,-0.000320,-0.002270,392.635895,116.543930,230.747406,108.980972,177.728149,107.359146
1699146796597760,31.000000,0.858409,-0.509783,0.057060,0.000070,-0.000550,-0.000250,0.003090,0.003860,0.000300,186.626175,209.042450,157.135651,127.777191,115.472313,208.768051
1699146796835840,239.000000,-0.095499,0.733167,0.673310,-0.000170,-0.000670,-0.000340,-0.000500,-0.000170,0.000320,817.985840,747.410156,520.322937,627.919312,649.843689,764.758362
1699146796905280,81.000000,0.877947,0.468881,-0.096753,-0.000070,0.000000,0.000240,0.001230,0.000310,0.003860,270.049469,84.433807,264.940125,101.391495,350.809601,132.497986
1699146796915200,40.000000,0.986831,-0.066749,0.147340,-0.000070,-0.000440,-0.000480,-0.000370,0.004110,-0.000090,267.383698,244.765274,110.767464,355.716492,98.872147,136.856140
1699146797073920,45.000000,-0.311653,0.849895,0.424912,0.000070,-0.000550,-0.000250,-0.000620,-0.000320,0.000300,438.028900,453.736938,313.416504,403.448669,327.354431,317.726257
1699146797272320,85.000000,0.602698,0.791479,0.101567,-0.000070,-0.000440,0.000240,-0.000370,0.000310,0.000680,516.010376,496.375458,464.701477,556.505249,563.489014,524.745911
1699146797609600,55.000000,-0.311653,0.849895,0.424912,0.000070,-0.000550,-0.000250,-0.000620,-0.000320,0.000300,484.855194,510.841370,364.985931,527.666992,356.306152,472.514374
1699146797659200,155.000000,0.602698,0.791479,0.101567,-0.000070,-0.000440,0.000240,-0.000370,0.000310,0.000680,615.753540,624.584961,613.252563,635.588623,625.115479,635.206726
1699146798036160,152.000000,0.602698,0.791479,0.101567,-0.000070,-0.000440,0.000240,-0.000370,0.000310,0.000680,624.978882,655.062134,622.085999,641.948792,643.653809,632.704651
1699146798145280,48.000000,-0.846283,0.326492,-0.420961,0.000070,0.002500,0.001270,-0.003090,-0.004440,-0.000410,477.833588,119.149101,120.190033,94.133835,110.874222,124.956802
1699146798155200,39.000000,-0.243983,0.918632,0.310785,0.000070,-0.000550,-0.000040,-0.000620,-0.000320,0.000300,326.002777,261.213989,145.157990,242.779633,215.885193,494.061981
1699146798413120,209.000000,0.602698,0.791479,0.101567,-0.000070,-0.000440,0.000240,-0.000370,0.000310,0.000680,762.792114,707.945435,717.169861,760.731384,710.511902,733.442017
1699146798661120,45.000000,-0.311653,0.849895,0.424912,0.000070,-0.000550,-0.000250,-0.000620,-0.000320,0.000300,506.818054,505.444366,440.989258,544.625732,513.805603,504.561890
1699146798790080,155.000000,0.602698,0.791479,0.101567,-0.000070,-0.000440,0.000240,-0.000370,0.000310,0.000680,648.287903,736.892456,644.500732,712.935974,703.041199,727.008545
1699146799167040,123.000000,-0.087243,0.969871,0.227462,-0.000070,-0.000550,0.000240,-0.000620,-0.000320,0.000300,370.645813,367.562317,270.271820,378.369141,300.244781,409.842957
1699146799176960,47.000000,0.470711,0.219612,-0.854518,0.000050,0.000360,0.001560,-0.000370,0.000310,0.000000,139.228943,122.205643,112.510620,164.967392,191.404221,128.644272
1699146799524160,85.000000,0.602698,0.791479,0.101567,-0.000070,-0.000440,0.000240,-0.000370,0.000310,0.000680,586.314697,486.025696,443.801300,559.982727,547.131104,570.575806
1699146799663040,85.000000,-0.311653,0.849895,0.424912,0.000070,-0.000550,-0.000250,-0.000620,-0.000320,0.000300,524.479980,523.504517,600.856201,583.217041,595.991455,586.322021
1699146799881280,109.000000,0.604676,0.790740,0.095373,-0.000070,-0.000440,0.000250,-0.000370,0.000310,0.000680,494.319611,407.437714,364.567139,496.958618,455.974731,594.221191
1699146800188800,52.000000,-0.043413,-0.961681,-0.270711,0.000070,-0.000240,0.002440,0.003140,0.000360,-0.004570,346.231415,98.645004,97.124512,109.742523,101.057976,97.889633
1699146800198720,57.000000,-0.311653,0.849895,0.424912,0.000070,-0.000550,-0.000250,-0.000620,-0.000320,0.000300,326.895569,368.335266,429.054810,271.144562,266.173492,542.818054
1699146800347520,206.000000,0.606327,0.790078,0.090243,-0.000070,-0.000430,0.000250,-0.000370,0.000310,0.000680,678.229919,567.865112,612.525757,656.789001,524.715515,762.693176
1699146800684800,103.000000,-0.311653,0.849895,0.424912,0.000070,-0.000550,-0.000250,-0.000620,-0.000320,0.000300,578.664856,539.799927,687.164551,658.706970,588.914551,552.269714
1699146800724480,233.000000,0.606327,0.790078,0.090243,-0.000070,-0.000430,0.000250,-0.000370,0.000310,0.000680,608.271606,537.007507,651.688843,671.212158,533.411865,722.530457
1699146801111360,244.000000,0.611423,0.786223,0.089529,-0.000070,-0.000430,0.000250,-0.000370,0.000320,0.000680,588.010986,674.495483,764.078064,521.709595,541.149597,738.583374
1699146801210560,65.000000,-0.311653,0.849895,0.424912,0.000070,-0.000550,-0.000250,-0.000620,-0.000320,0.000300,449.276093,386.794159,460.800720,460.517487,376.590942,346.915527
1699146801528000,96.000000,0.611423,0.786223,0.089529,-0.000070,-0.000430,0.000250,-0.000370,0.000320,0.000680,447.319916,485.137207,525.377686,416.181030,463.816772,573.027588
1699146801835520,74.000000,0.483387,0.658677,-0.576612,0.000070,0.000670,0.004770,-0.004160,0.002100,0.001580,230.521057,100.737785,100.306824,107.532944,118.526306,93.245049
1699146801845440,105.000000,-0.323599,0.845088,0.425571,0.000070,-0.000550,-0.000250,-0.000620,-0.000330,0.000290,239.334869,236.821289,423.651703,362.147858,187.807190,370.673981
1699146801914880,107.000000,0.616241,0.782415,0.089850,-0.000070,-0.000430,0.000250,-0.000360,0.000320,0.000680,476.369019,591.195251,629.415710,443.900391,572.581238,607.416992
1699146801964480,318.000000,-0.108567,0.715049,0.690592,-0.000180,-0.000670,-0.000360,-0.000490,-0.000180,0.000310,827.416992,930.511108,924.144043,782.946289,745.945190,942.430420
1699146802291840,126.000000,0.616241,0.782415,0.089850,-0.000070,-0.000430,0.000250,-0.000360,0.000320,0.000680,329.331299,613.612793,408.014740,363.953125,289.532196,398.565155
1699146802331520,261.000000,-0.108567,0.715049,0.690592,-0.000180,-0.000670,-0.000360,-0.000490,-0.000180,0.000310,697.074402,928.079773,895.215759,681.817993,665.250122,912.656555
1699146802351360,114.000000,-0.311653,0.849895,0.424912,0.000070,-0.000550,-0.000250,-0.000620,-0.000320,0.000300,397.408569,360.914795,538.039429,560.497070,333.062805,269.171448
1699146802668800,121.000000,0.613078,0.785505,0.084365,-0.000060,-0.000430,0.000250,-0.000360,0.000320,0.000680,380.843445,603.524292,488.210205,413.526306,606.143005,556.980469
1699146802768000,207.000000,-0.095644,0.708185,0.699519,-0.000190,-0.000670,-0.000360,-0.000480,-0.000170,0.000310,657.865479,876.532227,859.986816,600.793335,575.886108,869.629089
1699146802837440,128.000000,-0.311653,0.849895,0.424912,0.000070,-0.000550,-0.000250,-0.000620,-0.000320,0.000300,386.610107,406.889282,522.120850,572.359985,264.577118,286.516266
1699146803125120,184.000000,0.613078,0.785505,0.084365,-0.000060,-0.000430,0.000250,-0.000360,0.000320,0.000680,529.191528,639.178772,456.590515,475.881348,702.929749,604.199524
1699146803234240,235.000000,-0.095644,0.708185,0.699519,-0.000190,-0.000670,-0.000360,-0.000480,-0.000170,0.000310,678.890869,794.555664,692.215088,618.198486,522.521729,765.363525
1699146803363200,61.000000,-0.329758,0.847375,0.416192,0.000080,-0.000540,-0.000250,-0.000620,-0.000330,0.000290,345.882629,320.406891,465.113159,543.108154,488.864929,426.036011
1699146803512000,170.000000,0.614953,0.784678,0.078191,-0.000060,-0.000430,0.000260,-0.000360,0.000320,0.000680,484.575500,583.254028,451.286682,581.554016,741.615540,678.768677
1699146803710400,188.000000,-0.095644,0.708185,0.699519,-0.000190,-0.000670,-0.000360,-0.000480,-0.000170,0.000310,847.854248,842.503174,767.927124,729.579590,641.279175,861.724365
1699146803869120,84.000000,-0.329758,0.847375,0.416192,0.000080,-0.000540,-0.000250,-0.000620,-0.000330,0.000290,284.545624,283.082184,469.116974,460.583435,358.703156,399.588043
1699146803948480,86.000000,0.614953,0.784678,0.078191,-0.000060,-0.000430,0.000260,-0.000360,0.000320,0.000680,465.611237,498.003113,400.128906,530.061523,596.310791,498.878113
1699146804176640,292.000000,-0.095644,0.708185,0.699519,-0.000190,-0.000670,-0.000360,-0.000480,-0.000170,0.000310,875.018127,824.340576,778.667847,859.372559,817.353210,896.650024
1699146804325440,87.000000,-0.329758,0.847375,0.416192,0.000080,-0.000540,-0.000250,-0.000620,-0.000330,0.000290,337.262451,308.640137,459.647888,431.428345,381.057953,419.825989
1699146804355200,101.000000,0.616585,0.783900,0.072963,-0.000060,-0.000420,0.000260,-0.000360,0.000320,0.000680,516.534851,364.156097,524.236633,538.779907,621.544067,507.452179
1699146804623040,147.000000,-0.095644,0.708185,0.699519,-0.000190,-0.000670,-0.000360,-0.000480,-0.000170,0.000310,727.315430,691.545532,652.385315,770.667358,787.705261,817.644714
1699146804771840,113.000000,0.616585,0.783900,0.072963,-0.000060,-0.000420,0.000260,-0.000360,0.000320,0.000680,515.795410,274.240112,568.056946,437.956360,572.722595,368.750549
1699146805009920,82.000000,-0.329758,0.847375,0.416192,0.000080,-0.000540,-0.000250,-0.000620,-0.000330,0.000290,390.531982,517.781982,533.529968,533.150269,522.296875,644.328613
1699146805069440,78.000000,-0.095644,0.708185,0.699519,-0.000190,-0.000670,-0.000360,-0.000480,-0.000170,0.000310,530.354370,521.531494,516.934814,658.194092,670.317139,621.766785
1699146805188480,120.000000,0.616585,0.783900,0.072963,-0.000060,-0.000420,0.000260,-0.000360,0.000320,0.000680,528.154419,453.015137,556.194031,531.443970,546.478882,409.744720
1699146805515840,173.000000,-0.091870,0.704307,0.703926,-0.000200,-0.000670,-0.000360,-0.000480,-0.000170,0.000310,307.038696,419.560394,250.100677,504.368927,516.352051,488.547974
1699146805555520,137.000000,0.616585,0.783900,0.072963,-0.000060,-0.000420,0.000260,-0.000360,0.000320,0.000680,612.033325,608.184509,580.283630,619.397583,592.436890,514.494751
1699146805932480,111.000000,0.616585,0.783900,0.072963,-0.000060,-0.000420,0.000260,-0.000360,0.000320,0.000680,594.931763,651.609863,514.119995,663.209595,552.041992,538.025879
1699146805952320,80.000000,-0.091870,0.704307,0.703926,-0.000200,-0.000670,-0.000360,-0.000480,-0.000170,0.000310,438.881561,660.777466,613.276001,634.005737,619.191956,759.510254
1699146806011840,102.000000,-0.329758,0.847375,0.416192,0.000080,-0.000540,-0.000250,-0.000620,-0.000330,0.000290,467.672302,551.331299,402.222290,577.210083,523.751526,633.349365
1699146806398720,124.000000,-0.064887,0.660788,0.747762,-0.000200,-0.000670,-0.000360,-0.000360,-0.000170,0.000310,395.476257,373.560303,381.547089,270.057495,301.046143,462.763580
1699146806497920,114.000000,-0.332634,0.843770,0.421197,0.000080,-0.000540,-0.000260,-0.000620,-0.000330,0.000290,541.350891,584.506714,389.405090,709.832275,642.760132,624.344177
1699146806805440,57.000000,0.616585,0.783900,0.072963,-0.000060,-0.000420,0.000260,-0.000360,0.000320,0.000680,552.544922,557.188477,346.774048,616.096313,424.170288,417.264160
1699146806845120,106.000000,-0.083096,0.703761,0.705560,-0.000200,-0.000680,-0.000360,-0.000480,-0.000160,0.000310,711.824341,417.992706,390.549835,429.548706,388.754395,635.397644
1699146806984000,98.000000,-0.332634,0.843770,0.421197,0.000080,-0.000540,-0.000260,-0.000620,-0.000330,0.000290,534.527771,559.833862,427.391266,680.183472,544.897949,535.070007
1699146807241920,65.000000,0.618404,0.783015,0.066808,-0.000060,-0.000420,0.000270,-0.000360,0.000320,0.000680,498.569672,465.857178,360.108826,557.978882,426.866058,434.624756
1699146807291520,111.000000,-0.084348,0.696491,0.712590,-0.000200,-0.000680,-0.000370,-0.000470,-0.000160,0.000310,555.821411,471.989014,406.322418,463.437714,513.292725,609.018311
1699146807480000,100.000000,-0.332634,0.843770,0.421197,0.000080,-0.000540,-0.000260,-0.000620,-0.000330,0.000290,516.641418,559.241577,492.660095,650.733093,504.803986,515.506958
1699146807648640,65.000000,0.618404,0.783015,0.066808,-0.000060,-0.000420,0.000270,-0.000360,0.000320,0.000680,447.770447,359.665375,459.959290,583.901367,365.963684,441.726624
1699146807747840,86.000000,-0.084348,0.696491,0.712590,-0.000200,-0.000680,-0.000370,-0.000470,-0.000160,0.000310,493.550842,498.143036,435.754822,557.710083,646.324585,653.104614
1699146807966080,80.000000,-0.332634,0.843770,0.421197,0.000080,-0.000540,-0.000260,-0.000620,-0.000330,0.000290,532.432922,578.214111,395.544098,665.687317,457.185638,507.513306
1699146808075200,105.000000,0.623392,0.779105,0.066169,-0.000060,-0.000420,0.000270,-0.000360,0.000330,0.000680,524.911865,356.623383,545.813843,680.741760,415.492249,519.952820
1699146808214080,70.000000,-0.080602,0.692555,0.716848,-0.000210,-0.000680,-0.000370,-0.000470,-0.000160,0.000310,453.381561,579.406616,541.539185,631.123901,558.607849,641.383789
1699146808472000,136.000000,0.625006,0.778241,0.060896,-0.000060,-0.000410,0.000270,-0.000360,0.000330,0.000680,487.732330,404.735229,630.963989,641.946899,471.988922,460.623016
1699146808749760,50.000000,-0.344497,0.838723,0.421741,0.000080,-0.000540,-0.000260,-0.000620,-0.000340,0.000280,427.883667,455.967499,458.469177,447.330841,292.626282,347.487274
1699146808759680,109.000000,-0.080602,0.692555,0.716848,-0.000210,-0.000680,-0.000370,-0.000470,-0.000160,0.000310,631.523132,623.288574,558.927368,736.968872,709.363953,713.517212
1699146808958080,73.000000,0.625143,0.778195,0.060069,-0.000060,-0.000410,0.000270,-0.000360,0.000330,0.000690,375.548492,384.760681,556.493286,488.035431,464.926758,315.101379
1699146809206080,139.000000,-0.080602,0.692555,0.716848,-0.000210,-0.000680,-0.000370,-0.000470,-0.000160,0.000310,779.265564,700.986694,595.818359,736.330872,660.677429,780.284607
1699146809325120,97.000000,-0.344497,0.838723,0.421741,0.000080,-0.000540,-0.000260,-0.000620,-0.000340,0.000280,563.689270,636.347900,576.361572,554.554810,451.270782,489.301880
1699146809364800,54.000000,0.625143,0.778195,0.060069,-0.000060,-0.000410,0.000270,-0.000360,0.000330,0.000690,347.755981,436.406677,521.722412,502.529175,488.229980,344.195404
1699146809662400,164.000000,0.208638,-0.977991,-0.001801,-0.000210,0.000150,0.000110,0.002730,0.001040,-0.001870,363.269897,112.844406,100.148605,95.977119,138.264984,115.679756
1699146809672320,90.000000,-0.080602,0.692555,0.716848,-0.000210,-0.000680,-0.000370,-0.000470,-0.000160,0.000310,335.997559,281.383453,224.949249,518.018616,381.395020,709.377014
1699146809821120,83.000000,-0.344497,0.838723,0.421741,0.000080,-0.000540,-0.000260,-0.000620,-0.000340,0.000280,586.138123,600.482605,485.311584,593.028320,439.410645,470.662292
1699146809900480,148.000000,0.621933,0.781164,0.054599,-0.000050,-0.000410,0.000270,-0.000360,0.000330,0.000690,364.153503,594.341125,491.379059,534.171875,603.993286,321.164154
1699146810168320,155.000000,-0.073456,0.692533,0.717636,-0.000210,-0.000680,-0.000370,-0.000470,-0.000150,0.000310,555.660400,804.741699,695.478210,527.559875,471.828918,763.040222
1699146810297280,71.000000,-0.344497,0.838723,0.421741,0.000080,-0.000540,-0.000260,-0.000620,-0.000340,0.000280,605.218994,589.780762,536.211670,580.175659,506.171814,555.638489
1699146810307200,172.000000,0.621933,0.781164,0.054599,-0.000050,-0.000410,0.000270,-0.000360,0.000330,0.000690,342.294006,598.043945,407.097687,472.633484,615.496887,378.853760
1699146810664320,191.000000,-0.067502,0.685064,0.725349,-0.000220,-0.000680,-0.000370,-0.000460,-0.000150,0.000310,604.291077,846.723511,730.228149,584.643921,827.273743,726.420593
1699146810773440,70.000000,-0.344497,0.838723,0.421741,0.000080,-0.000540,-0.000260,-0.000620,-0.000340,0.000280,588.281250,618.635742,571.203979,583.306274,523.237183,569.040649
1699146810803200,88.000000,0.621775,0.781235,0.055387,-0.000050,-0.000410,0.000270,-0.000360,0.000330,0.000680,381.409912,643.303955,384.009918,401.238037,627.754883,378.929138
1699146811209920,95.000000,0.623644,0.780200,0.048547,-0.000050,-0.000410,0.000280,-0.000360,0.000330,0.000690,466.889099,527.051819,490.065948,346.182983,668.075684,354.144928
1699146811239680,201.000000,-0.067502,0.685064,0.725349,-0.000220,-0.000680,-0.000370,-0.000460,-0.000150,0.000310,799.189575,933.186523,795.292236,752.618103,884.784424,720.995422
1699146811269440,70.000000,-0.344497,0.838723,0.421741,0.000080,-0.000540,-0.000260,-0.000620,-0.000340,0.000280,586.734375,612.000000,646.157532,605.523010,588.599426,604.520447
1699146811586880,71.000000,0.628433,0.776338,0.048709,-0.000050,-0.000410,0.000280,-0.000350,0.000330,0.000690,603.972778,503.757996,624.711670,383.521667,703.863464,368.909729
1699146811715840,231.000000,-0.067502,0.685064,0.725349,-0.000220,-0.000680,-0.000370,-0.000460,-0.000150,0.000310,847.133057,821.860168,739.084412,808.117065,756.784424,621.649231
1699146811735680,77.000000,-0.344497,0.838723,0.421741,0.000080,-0.000540,-0.000260,-0.000620,-0.000340,0.000280,531.010132,579.677917,568.186462,586.320923,552.814575,611.018738
1699146812043200,127.000000,0.628433,0.776338,0.048709,-0.000050,-0.000410,0.000280,-0.000350,0.000330,0.000690,558.116943,447.780182,552.830811,458.380920,623.086609,347.051971
1699146812192000,57.000000,-0.344497,0.838723,0.421741,0.000080,-0.000540,-0.000260,-0.000620,-0.000340,0.000280,495.496857,477.471191,544.911499,575.681519,556.010376,593.202271
1699146812201920,235.000000,-0.067502,0.685064,0.725349,-0.000220,-0.000680,-0.000370,-0.000460,-0.000150,0.000310,752.563110,736.971924,673.749146,822.931396,592.892090,561.186584
1699146812440000,160.000000,0.628433,0.776338,0.048709,-0.000050,-0.000410,0.000280,-0.000350,0.000330,0.000690,544.198486,459.715515,613.092102,448.298126,627.646851,430.205475
1699146812648320,93.000000,-0.344497,0.838723,0.421741,0.000080,-0.000540,-0.000260,-0.000620,-0.000340,0.000280,612.471680,635.188232,621.117920,630.827271,636.131104,605.379578
1699146812688000,163.000000,-0.067502,0.685064,0.725349,-0.000220,-0.000680,-0.000370,-0.000460,-0.000150,0.000310,608.778198,665.225830,732.782349,762.955444,427.136475,540.700317
1699146812836800,170.000000,0.628433,0.776338,0.048709,-0.000050,-0.000410,0.000280,-0.000350,0.000330,0.000690,604.541077,266.347595,589.272156,450.180023,639.103516,401.214813
1699146813184000,162.000000,-0.060295,0.684960,0.726081,-0.000220,-0.000680,-0.000370,-0.000460,-0.000140,0.000310,411.336426,611.442688,600.406006,653.560791,592.638855,401.969940
1699146813273280,119.000000,-0.344497,0.838723,0.421741,0.000080,-0.000540,-0.000260,-0.000620,-0.000340,0.000280,503.039337,510.746674,679.256958,714.156006,504.767334,492.555298
1699146813312960,109.000000,0.630000,0.775384,0.043368,-0.000050,-0.000400,0.000280,-0.000350,0.000330,0.000690,610.233521,330.136230,553.521362,391.788391,544.213745,332.229492
1699146813670080,106.000000,-0.051660,0.684295,0.727373,-0.000230,-0.000680,-0.000370,-0.000460,-0.000140,0.000320,519.313293,467.913696,595.339355,432.587952,583.160278,360.177460
1699146813689920,99.000000,0.630000,0.775384,0.043368,-0.000050,-0.000400,0.000280,-0.000350,0.000330,0.000690,578.494019,179.659470,519.829407,217.596649,529.662292,247.688278
1699146813779200,94.000000,-0.344497,0.838723,0.421741,0.000080,-0.000540,-0.000260,-0.000620,-0.000340,0.000280,544.931213,571.025635,681.697144,695.094238,448.515686,517.804138
1699146814076800,110.000000,0.630000,0.775384,0.043368,-0.000050,-0.000400,0.000280,-0.000350,0.000330,0.000690,637.529602,501.583618,484.653290,543.450317,564.030090,444.112427
1699146814205760,191.000000,-0.049342,0.680731,0.730870,-0.000230,-0.000680,-0.000370,-0.000450,-0.000140,0.000320,820.995056,558.186340,740.124390,570.354126,745.065308,442.866455
1699146814265280,116.000000,-0.344497,0.838723,0.421741,0.000080,-0.000540,-0.000260,-0.000620,-0.000340,0.000280,587.500916,614.822388,696.563843,766.958557,472.559875,500.623535
1699146814473600,110.000000,0.630000,0.775384,0.043368,-0.000050,-0.000400,0.000280,-0.000350,0.000330,0.000690,612.565308,594.422974,380.651733,638.085083,534.184753,522.949646
1699146814672000,182.000000,-0.049342,0.680731,0.730870,-0.000230,-0.000680,-0.000370,-0.000450,-0.000140,0.000320,672.782349,500.626160,644.483093,618.502441,500.023743,528.598145
1699146814761280,128.000000,-0.344497,0.838723,0.421741,0.000080,-0.000540,-0.000260,-0.000620,-0.000340,0.000280,586.035645,624.956482,738.111938,717.540894,439.867828,457.806580
1699146815098560,205.000000,0.631638,0.774364,0.037318,-0.000050,-0.000400,0.000290,-0.000350,0.000330,0.000690,599.633179,629.784668,418.828979,629.521118,464.574463,536.634949
1699146815118400,133.000000,-0.040767,0.680019,0.732060,-0.000230,-0.000690,-0.000370,-0.000450,-0.000130,0.000320,545.101562,447.057434,694.384460,701.841553,473.467163,597.531128
1699146815247360,86.000000,-0.356285,0.833545,0.422213,0.000080,-0.000540,-0.000260,-0.000620,-0.000350,0.000270,444.020355,414.194977,626.584717,722.292603,559.703247,573.557495
1699146815574720,181.000000,-0.040767,0.680019,0.732060,-0.000230,-0.000690,-0.000370,-0.000450,-0.000130,0.000320,392.609497,483.436920,685.251587,623.888550,508.689026,602.263184
1699146815584640,225.000000,0.631638,0.774364,0.037318,-0.000050,-0.000400,0.000290,-0.000350,0.000330,0.000690,563.189697,630.069946,521.043518,689.231934,463.319641,592.957275
1699146815713600,97.000000,-0.362522,0.835604,0.412727,0.000090,-0.000530,-0.000260,-0.000620,-0.000350,0.000270,393.128967,381.731964,608.797729,678.147339,648.059326,626.168091
1699146816031040,190.000000,-0.087145,0.719453,0.689053,-0.000050,-0.000690,-0.000370,-0.000350,-0.000130,0.000320,336.854492,452.884766,373.337555,462.945496,398.421814,400.899078
1699146816169920,53.000000,-0.362522,0.835604,0.412727,0.000090,-0.000530,-0.000260,-0.000620,-0.000350,0.000270,354.007690,384.906647,480.151154,496.930176,470.956604,461.179749
1699146816467520,163.000000,-0.037098,0.675913,0.736047,-0.000240,-0.000690,-0.000370,-0.000450,-0.000130,0.000320,705.046143,636.974243,695.146729,654.519287,706.819885,716.738525
1699146816527040,147.000000,0.636484,0.770413,0.036780,-0.000050,-0.000400,0.000290,-0.000350,0.000340,0.000690,407.698761,491.010345,602.415649,618.498657,427.678467,544.495605
1699146816923840,184.000000,0.636484,0.770413,0.036780,-0.000050,-0.000400,0.000290,-0.000350,0.000340,0.000690,445.870300,548.092285,535.670105,679.350098,527.621643,640.426941
1699146816933760,157.000000,-0.325148,0.931441,0.163390,-0.000240,-0.000570,-0.000370,-0.005340,-0.000130,0.000190,725.286560,125.818291,579.600952,111.366997,554.405151,113.207832
1699146817241280,64.000000,-0.362522,0.835604,0.412727,0.000090,-0.000530,-0.000260,-0.000620,-0.000350,0.000270,257.460541,246.191299,254.079315,285.981110,331.028748,332.040741
1699146817310720,142.000000,0.633242,0.773321,0.031304,-0.000040,-0.000400,0.000290,-0.000350,0.000340,0.000690,360.001892,388.267273,608.093079,665.553711,406.368347,526.256958
1699146817360320,172.000000,0.012075,-0.997778,0.065531,-0.000240,0.000280,-0.000370,0.004200,-0.000130,-0.001800,442.023560,124.661362,219.593658,102.337456,262.152283,103.737457
1699146817370240,107.000000,-0.061103,0.774297,0.629866,-0.000120,-0.000590,-0.000270,-0.000450,-0.000130,0.000320,223.545258,226.231689,219.050049,269.620575,343.592957,694.359619
1699146817717440,188.000000,0.636484,0.770413,0.036780,-0.000050,-0.000400,0.000290,-0.000350,0.000340,0.000690,396.935028,451.974243,611.667969,706.896057,562.286011,617.455872
1699146817747200,36.000000,-0.362522,0.835604,0.412727,0.000090,-0.000530,-0.000260,-0.000620,-0.000350,0.000270,324.518433,327.069336,229.126358,346.584961,249.677338,310.105042
1699146817806720,176.000000,-0.027462,0.671964,0.740075,-0.000240,-0.000690,-0.000370,-0.000440,-0.000120,0.000320,469.592163,754.953979,740.202026,453.205688,491.850494,759.475952
1699146818124160,160.000000,0.634759,0.772276,0.025901,-0.000040,-0.000390,0.000290,-0.000350,0.000340,0.000690,328.965973,347.318115,518.568054,679.850647,565.944946,570.894714
1699146818233280,29.000000,-0.362522,0.835604,0.412727,0.000090,-0.000530,-0.000260,-0.000620,-0.000350,0.000270,244.932343,276.210999,237.729355,279.033752,267.209473,299.730469
1699146818243200,153.000000,0.130746,0.079663,0.988210,-0.000250,-0.003120,-0.000370,0.001160,-0.000120,-0.000430,411.686462,105.027924,304.639832,97.846581,293.445679,102.698135
1699146818689600,185.000000,-0.023806,0.667784,0.743975,-0.000250,-0.000690,-0.000370,-0.000440,-0.000120,0.000320,710.027832,600.622559,699.478760,571.683716,741.086182,566.507019
1699146818759040,201.000000,0.638027,0.769373,0.031401,-0.000050,-0.000390,0.000290,-0.000350,0.000340,0.000690,342.715363,415.176544,512.387024,765.536987,717.579834,735.605652
1699146819155840,160.000000,-0.023806,0.667784,0.743975,-0.000250,-0.000690,-0.000370,-0.000440,-0.000120,0.000320,667.062988,683.072876,555.988281,620.388184,514.828247,535.653076
1699146819433600,77.000000,-0.362522,0.835604,0.412727,0.000090,-0.000530,-0.000260,-0.000620,-0.000350,0.000270,434.052185,442.804749,301.682404,444.187378,313.914062,363.205658
1699146819463360,208.000000,0.634759,0.772276,0.025901,-0.000040,-0.000390,0.000290,-0.000350,0.000340,0.000690,476.503845,628.781433,423.851868,729.302551,674.242737,594.799316
1699146819612160,101.000000,-0.023806,0.667784,0.743975,-0.000250,-0.000690,-0.000370,-0.000440,-0.000120,0.000320,564.138184,662.998535,621.917542,601.645630,475.294312,618.103821
1699146820088320,117.000000,-0.016546,0.667431,0.744488,-0.000250,-0.000690,-0.000370,-0.000440,-0.000110,0.000320,350.927246,661.583008,525.269714,470.346313,368.190430,516.843018
1699146820098240,166.000000,0.636306,0.771180,0.019918,-0.000040,-0.000390,0.000300,-0.000350,0.000340,0.000690,460.081635,546.521423,338.712921,655.904602,625.463196,569.554321
1699146820128000,88.000000,-0.368453,0.833585,0.411557,0.000090,-0.000530,-0.000260,-0.000620,-0.000360,0.000270,550.034912,633.096069,383.653198,563.112305,384.999481,368.555420
1699146820574400,77.000000,-0.012917,0.663216,0.748317,-0.000260,-0.000690,-0.000370,-0.000440,-0.000110,0.000320,443.738373,521.114380,518.950073,403.032013,605.098755,410.735901
1699146820584320,153.000000,0.636306,0.771180,0.019918,-0.000040,-0.000390,0.000300,-0.000350,0.000340,0.000690,476.568604,591.355347,440.337860,647.690308,749.271362,655.634277
1699146820842240,45.000000,-0.374254,0.830223,0.413115,0.000090,-0.000530,-0.000260,-0.000620,-0.000360,0.000260,364.853638,407.622864,326.511810,366.930084,339.153900,254.290833
1699146821050560,118.000000,-0.010411,0.659389,0.751730,-0.000260,-0.000690,-0.000370,-0.000430,-0.000110,0.000320,516.998413,571.551270,508.977020,434.228333,566.803406,433.569611
1699146821070400,189.000000,0.636306,0.771180,0.019918,-0.000040,-0.000390,0.000300,-0.000350,0.000340,0.000690,618.648376,671.796021,561.971497,705.923584,744.305176,686.121948
1699146821308480,56.000000,-0.376950,0.826523,0.418054,0.000090,-0.000530,-0.000270,-0.000620,-0.000360,0.000260,291.648926,387.508881,213.116104,298.561157,334.830505,300.320038
1699146821506880,54.000000,-0.005651,0.662803,0.748772,-0.000260,-0.000690,-0.000370,-0.000430,-0.000110,0.000330,625.564575,571.885498,542.785339,517.483521,582.214111,360.065338
1699146821606080,173.000000,0.636306,0.771180,0.019918,-0.000040,-0.000390,0.000300,-0.000350,0.000340,0.000690,502.583069,560.150330,471.376526,594.859985,708.316040,598.469482
1699146821764800,37.000000,-0.376950,0.826523,0.418054,0.000090,-0.000530,-0.000270,-0.000620,-0.000360,0.000260,289.903168,317.251709,237.712234,329.115601,332.522461,272.650146
1699146821973120,155.000000,-0.005651,0.662803,0.748772,-0.000260,-0.000690,-0.000370,-0.000430,-0.000110,0.000330,612.729919,496.263458,560.642578,594.325073,434.545624,402.057556
1699146822191360,29.000000,-0.376950,0.826523,0.418054,0.000090,-0.000530,-0.000270,-0.000620,-0.000360,0.000260,303.566010,382.424133,280.037354,342.279724,391.877838,356.131958
1699146822250880,207.000000,0.636306,0.771180,0.019918,-0.000040,-0.000390,0.000300,-0.000350,0.000340,0.000690,577.845337,496.786682,580.689514,556.723267,711.746643,677.949219
1699146822409600,117.000000,0.001631,0.662354,0.749189,-0.000260,-0.000690,-0.000370,-0.000430,-0.000100,0.000330,484.207794,491.854492,509.248596,680.720276,516.485718,540.641602
1699146822608000,58.000000,-0.380103,0.828161,0.411912,0.000100,-0.000530,-0.000270,-0.000620,-0.000360,0.000260,265.460510,219.779358,194.756027,241.932312,278.228882,297.472473
1699146822836160,152.000000,0.005216,0.658083,0.752927,-0.000270,-0.000690,-0.000370,-0.000430,-0.000100,0.000330,346.189362,400.876953,536.210693,622.661865,565.957092,547.360596
1699146823084160,44.000000,-0.380517,0.832113,0.403478,0.000100,-0.000520,-0.000260,-0.000620,-0.000360,0.000260,361.475464,252.795074,230.216400,291.014099,360.843506,277.395264
1699146823173440,112.000000,0.636306,0.771180,0.019918,-0.000040,-0.000390,0.000300,-0.000350,0.000340,0.000690,574.680176,516.874695,582.087158,484.511810,638.880493,631.576050
1699146823262720,110.000000,0.005216,0.658083,0.752927,-0.000270,-0.000690,-0.000370,-0.000430,-0.000100,0.000330,440.836090,408.414368,473.322235,523.495728,638.496460,541.046509
1699146823520640,51.000000,-0.383223,0.828423,0.408479,0.000100,-0.000520,-0.000270,-0.000620,-0.000360,0.000260,352.522797,289.336548,251.695374,397.669067,369.900970,446.592468
1699146823649600,133.000000,0.571861,0.815078,0.092866,-0.000040,-0.000390,0.000210,-0.000340,0.000250,0.000590,554.585083,355.309448,307.492859,444.215515,214.863632,162.805847
1699146823709120,155.000000,0.006207,0.657684,0.753268,-0.000270,-0.000700,-0.000370,-0.000430,-0.000100,0.000330,555.950195,370.000031,536.669800,481.101440,605.931885,605.875366
1699146823967040,40.000000,-0.383223,0.828423,0.408479,0.000100,-0.000520,-0.000270,-0.000620,-0.000360,0.000260,401.374817,385.821136,335.630920,449.959717,370.288513,474.669342
1699146824086080,95.000000,0.641091,0.767205,0.019973,-0.000040,-0.000390,0.000300,-0.000340,0.000340,0.000690,551.047180,369.392456,496.673462,435.719208,551.396790,518.856201
1699146824155520,99.000000,0.007804,0.654180,0.756299,-0.000270,-0.000690,-0.000370,-0.000420,-0.000100,0.000330,664.554077,353.557007,484.419128,354.182251,471.216553,548.665161
1699146824383680,51.000000,-0.389022,0.826314,0.407268,0.000100,-0.000520,-0.000270,-0.000620,-0.000370,0.000260,347.492279,280.397461,274.251953,367.854767,236.925873,312.412872
1699146824502720,122.000000,0.361655,0.887311,0.286155,-0.000040,-0.000380,0.000010,-0.000340,0.000090,0.000480,610.434875,335.173737,126.587936,456.771118,167.818527,164.050629
1699146824582080,190.000000,0.015123,0.653651,0.756645,-0.000270,-0.000690,-0.000370,-0.000420,-0.000090,0.000330,585.972534,362.664001,402.729034,519.283081,430.968262,677.520874
1699146824840000,33.000000,-0.380517,0.832113,0.403478,0.000100,-0.000520,-0.000260,-0.000620,-0.000360,0.000260,360.646057,309.398499,203.113495,343.525696,214.786362,319.019470
1699146824899520,89.000000,0.641091,0.767205,0.019973,-0.000040,-0.000390,0.000300,-0.000340,0.000340,0.000690,542.211182,378.232269,531.293335,398.172455,523.907654,607.336548
1699146825008640,149.000000,0.016050,0.653273,0.756952,-0.000270,-0.000700,-0.000370,-0.000420,-0.000090,0.000330,593.241943,435.655701,435.811035,670.428345,632.731506,715.152588
1699146825266560,45.000000,-0.394828,0.822817,0.408758,0.000100,-0.000520,-0.000270,-0.000620,-0.000370,0.000250,288.895630,251.737701,253.535782,249.600571,306.040649,176.714203
1699146825455040,100.000000,0.019582,0.648964,0.760567,-0.000280,-0.000700,-0.000370,-0.000420,-0.000090,0.000330,409.172546,475.527740,430.432312,560.735596,569.246338,595.353394
1699146825514560,139.000000,0.642594,0.766069,0.014500,-0.000040,-0.000380,0.000300,-0.000340,0.000340,0.000690,719.943359,574.690491,434.828491,651.480225,438.083679,617.500366
1699146825663360,39.000000,-0.394828,0.822817,0.408758,0.000100,-0.000520,-0.000270,-0.000620,-0.000370,0.000250,281.319855,278.320892,273.944611,303.044678,177.526825,182.732361
1699146825921280,53.000000,0.019582,0.648964,0.760567,-0.000280,-0.000700,-0.000370,-0.000420,-0.000090,0.000330,393.193604,382.871796,341.161163,530.165161,538.327148,573.507202
1699146826109760,141.000000,0.642594,0.766069,0.014500,-0.000040,-0.000380,0.000300,-0.000340,0.000340,0.000690,654.045410,527.882202,378.513885,533.750244,406.420319,660.774292
1699146826347840,91.000000,0.019582,0.648964,0.760567,-0.000280,-0.000700,-0.000370,-0.000420,-0.000090,0.000330,598.166504,553.348389,429.594666,602.799561,596.366211,621.647339
1699146826556160,47.000000,-0.394828,0.822817,0.408758,0.000100,-0.000520,-0.000270,-0.000620,-0.000370,0.000250,329.247162,376.653046,309.856201,310.340393,389.874878,323.889069
1699146826655360,153.000000,0.647362,0.762054,0.014041,-0.000040,-0.000380,0.000300,-0.000340,0.000350,0.000690,533.198425,519.742554,326.626160,581.084717,377.241028,565.787231
1699146826774400,165.000000,0.019582,0.648964,0.760567,-0.000280,-0.000700,-0.000370,-0.000420,-0.000090,0.000330,677.745361,609.018311,428.110901,545.864441,411.006592,577.301636
1699146826992640,43.000000,-0.394828,0.822817,0.408758,0.000100,-0.000520,-0.000270,-0.000620,-0.000370,0.000250,274.042755,362.289917,277.039673,278.036133,335.247803,279.811005
1699146827191040,109.000000,0.026847,0.648377,0.760846,-0.000280,-0.000700,-0.000370,-0.000420,-0.000080,0.000330,547.540527,607.960999,420.130249,394.802399,486.391998,546.282043
1699146827310080,124.000000,0.648803,0.760914,0.008092,-0.000040,-0.000380,0.000310,-0.000340,0.000350,0.000690,436.379761,465.889252,326.411835,590.253052,446.132629,571.194763
1699146827429120,39.000000,-0.397925,0.824376,0.402567,0.000110,-0.000520,-0.000270,-0.000620,-0.000370,0.000250,228.078888,336.929382,311.797363,285.952637,312.378723,343.169159
1699146827627520,104.000000,0.033325,0.648104,0.760822,-0.000280,-0.000700,-0.000360,-0.000410,-0.000080,0.000330,500.269226,585.421875,413.220703,432.211670,623.403687,562.825378
1699146827726720,146.000000,0.648803,0.760914,0.008092,-0.000040,-0.000380,0.000310,-0.000340,0.000350,0.000690,663.729187,610.583984,468.521973,699.877563,578.615723,690.412415
1699146828034240,97.000000,0.030625,0.652104,0.757510,-0.000280,-0.000700,-0.000360,-0.000420,-0.000080,0.000330,333.564728,145.073730,328.158844,152.381622,476.247711,186.096115
1699146828093760,119.000000,0.648803,0.760914,0.008092,-0.000040,-0.000380,0.000310,-0.000340,0.000350,0.000690,608.075195,583.727417,466.072021,719.901978,639.168335,646.621155
1699146828163200,62.000000,-0.397925,0.824376,0.402567,0.000110,-0.000520,-0.000270,-0.000620,-0.000370,0.000250,274.375519,251.634003,174.848511,277.406555,286.249481,249.434067
1699146828460800,87.000000,0.036830,0.643720,0.764374,-0.000290,-0.000700,-0.000360,-0.000410,-0.000080,0.000330,401.678833,580.500732,346.879395,475.546448,478.102783,399.590424
1699146828560000,150.000000,0.648803,0.760914,0.008092,-0.000040,-0.000380,0.000310,-0.000340,0.000350,0.000690,622.385986,593.307312,558.319275,697.746460,666.510559,657.725281
1699146828847680,48.000000,-0.397925,0.824376,0.402567,0.000110,-0.000520,-0.000270,-0.000620,-0.000370,0.000250,286.468170,225.031738,237.852173,210.940704,210.032104,301.642456
1699146828867520,86.000000,0.036830,0.643720,0.764374,-0.000290,-0.000700,-0.000360,-0.000410,-0.000080,0.000330,496.125977,577.069336,381.200745,542.863403,399.322998,347.533020
1699146829294080,117.000000,0.048706,0.646399,0.761443,-0.000290,-0.000700,-0.000360,-0.000410,-0.000070,0.000340,665.571533,668.467834,490.036072,674.941284,472.001923,427.352631
1699146829690880,103.000000,0.048706,0.646399,0.761443,-0.000290,-0.000700,-0.000360,-0.000410,-0.000070,0.000340,675.215881,753.964111,464.439880,700.909424,572.186584,457.914459
1699146830038080,60.000000,-0.406810,0.822345,0.397812,0.000110,-0.000510,-0.000270,-0.000620,-0.000380,0.000250,272.269135,308.902954,263.086182,199.700378,302.509735,240.060196
1699146830097600,79.000000,0.048706,0.646399,0.761443,-0.000290,-0.000700,-0.000360,-0.000410,-0.000070,0.000340,590.209351,718.859131,477.236084,598.559143,692.382751,470.318024
1699146830494400,105.000000,0.048706,0.646399,0.761443,-0.000290,-0.000700,-0.000360,-0.000410,-0.000070,0.000340,569.192871,537.607422,613.133301,447.030182,768.852783,432.426697
1699146830841600,101.000000,-0.406650,0.823699,0.395166,0.000110,-0.000510,-0.000270,-0.000630,-0.000380,0.000250,409.273529,566.327576,403.425385,419.196716,575.449707,497.978210
1699146830891200,124.000000,0.052147,0.642003,0.764927,-0.000300,-0.000700,-0.000360,-0.000410,-0.000070,0.000340,529.950806,800.298950,598.101257,497.463440,687.998108,637.761230
1699146831297920,111.000000,0.054924,0.637895,0.768162,-0.000300,-0.000700,-0.000360,-0.000400,-0.000070,0.000340,648.419189,788.430054,621.808289,578.093628,665.178101,731.704712
1699146831516160,70.000000,-0.415450,0.821585,0.390384,0.000120,-0.000510,-0.000270,-0.000630,-0.000380,0.000240,355.212494,569.481445,422.921143,350.137054,557.148438,365.740356
1699146831694720,142.000000,0.062240,0.637124,0.768244,-0.000300,-0.000700,-0.000360,-0.000400,-0.000060,0.000340,804.884277,844.882690,730.585205,721.556152,559.743896,850.636292
1699146832101440,230.000000,0.062240,0.637124,0.768244,-0.000300,-0.000700,-0.000360,-0.000400,-0.000060,0.000340,942.326538,889.414185,783.336853,896.602417,814.601196,894.902039
1699146832230400,40.000000,0.652068,0.758039,0.013584,-0.000050,-0.000380,0.000310,-0.000340,0.000350,0.000690,286.329742,378.240356,282.780457,303.831482,391.951111,407.486389
1699146832280000,45.000000,-0.412441,0.820132,0.396581,0.000110,-0.000510,-0.000270,-0.000630,-0.000380,0.000240,141.217468,360.415405,271.968506,158.144470,192.439117,344.843903
1699146832488320,189.000000,0.062240,0.637124,0.768244,-0.000300,-0.000700,-0.000360,-0.000400,-0.000060,0.000340,849.502075,845.254944,745.097778,897.223877,864.011292,860.742310
1699146832666880,70.000000,0.650623,0.759149,0.019548,-0.000050,-0.000380,0.000300,-0.000340,0.000350,0.000690,369.181824,299.837372,232.272415,310.847534,409.129608,413.020294
1699146832736320,37.000000,-0.415672,0.820223,0.393003,0.000120,-0.000510,-0.000270,-0.000620,-0.000380,0.000240,290.103882,346.954041,296.948181,206.002792,251.792007,299.233582
1699146832895040,230.000000,0.062240,0.637124,0.768244,-0.000300,-0.000700,-0.000360,-0.000400,-0.000060,0.000340,673.450806,778.539429,709.404907,842.287354,879.466675,873.151062
1699146833123200,76.000000,0.661444,0.749879,0.013160,-0.000050,-0.000380,0.000310,-0.000330,0.000360,0.000690,369.412933,336.314819,266.477936,328.600281,302.661713,451.072937
1699146833291840,184.000000,0.062240,0.637124,0.768244,-0.000300,-0.000700,-0.000360,-0.000400,-0.000060,0.000340,626.374878,836.512817,852.602051,803.600342,784.173096,918.402466
1699146833599360,93.000000,0.655398,0.755029,0.019601,-0.000050,-0.000380,0.000300,-0.000330,0.000350,0.000690,350.409546,253.181046,271.571442,370.938171,261.137756,474.277954
1699146833678720,134.000000,0.065644,0.632674,0.771631,-0.000310,-0.000700,-0.000360,-0.000400,-0.000060,0.000340,679.481873,709.855530,796.264038,620.794678,556.290039,831.825745
1699146833718400,57.000000,-0.421248,0.817966,0.391767,0.000120,-0.000510,-0.000270,-0.000620,-0.000390,0.000240,418.454254,362.113953,349.771179,286.108154,286.387634,404.154480
1699146834075520,106.000000,0.075807,0.627610,0.774829,-0.000310,-0.000700,-0.000360,-0.000390,-0.000050,0.000340,455.830841,480.892609,457.835876,343.460236,369.050323,481.044128
1699146834254080,40.000000,-0.420989,0.819339,0.389167,0.000120,-0.000510,-0.000270,-0.000630,-0.000390,0.000240,310.548828,200.500916,252.218536,220.079956,279.621552,328.232697
1699146834472320,100.000000,0.075807,0.627610,0.774829,-0.000310,-0.000700,-0.000360,-0.000390,-0.000050,0.000340,562.189331,499.453156,580.087891,429.334473,514.106812,585.170532
1699146834531840,97.000000,0.660047,0.750981,0.019121,-0.000050,-0.000380,0.000300,-0.000330,0.000360,0.000690,431.655304,305.040833,406.885040,580.645630,510.226257,588.537048
1699146834859200,119.000000,0.075807,0.627610,0.774829,-0.000310,-0.000700,-0.000360,-0.000390,-0.000050,0.000340,681.464172,496.886017,603.614258,556.326538,609.688232,586.721191
1699146835166720,240.000000,0.658495,0.752185,0.024552,-0.000050,-0.000390,0.000300,-0.000330,0.000360,0.000690,430.876526,513.575317,671.215515,661.133179,508.487610,718.969482
1699146835256000,73.000000,0.075807,0.627610,0.774829,-0.000310,-0.000700,-0.000360,-0.000390,-0.000050,0.000340,549.296143,445.022766,570.238281,577.849609,583.201416,554.513123
1699146835275840,57.000000,-0.424225,0.819381,0.385550,0.000120,-0.000500,-0.000270,-0.000630,-0.000390,0.000240,384.206818,361.320312,411.865448,399.383972,459.163269,380.701111
1699146835662720,99.000000,0.075807,0.627610,0.774829,-0.000310,-0.000700,-0.000360,-0.000390,-0.000050,0.000340,426.888245,424.721008,601.979980,584.987793,479.998566,541.927917
1699146835712320,99.000000,0.661655,0.749207,0.030026,-0.000060,-0.000390,0.000300,-0.000330,0.000360,0.000690,401.287476,426.145874,579.931763,632.563049,594.537781,665.272278
1699146835811520,35.000000,-0.424225,0.819381,0.385550,0.000120,-0.000500,-0.000270,-0.000630,-0.000390,0.000240,380.722717,336.761353,278.542633,315.234528,422.608765,330.976288
1699146836039680,71.000000,0.075807,0.627610,0.774829,-0.000310,-0.000700,-0.000360,-0.000390,-0.000050,0.000340,302.667175,422.808899,573.706299,573.986206,423.126984,484.378571
1699146836168640,47.000000,-0.737058,0.508101,-0.445621,0.003730,0.001030,0.000300,-0.003540,-0.002800,-0.000440,107.560455,97.273666,360.922363,94.146584,102.933884,115.610039
1699146836178560,99.000000,0.107617,0.990861,0.081322,0.000180,-0.000390,0.000100,-0.000330,0.000030,0.000240,238.468277,212.261185,189.738998,643.437256,120.790298,116.580727
1699146836317440,53.000000,-0.430028,0.815710,0.386902,0.000120,-0.000500,-0.000270,-0.000630,-0.000390,0.000230,443.894043,495.772339,561.886719,456.941162,500.904541,400.049622
1699146836426560,63.000000,0.086480,0.622212,0.778058,-0.000320,-0.000700,-0.000360,-0.000390,-0.000040,0.000340,408.581818,339.043701,559.598022,520.050903,350.239349,405.241180
1699146836615040,93.000000,0.661655,0.749207,0.030026,-0.000060,-0.000390,0.000300,-0.000330,0.000360,0.000690,393.394684,340.938568,470.673584,540.579285,564.005615,455.405609
1699146836823360,77.000000,0.086480,0.622212,0.778058,-0.000320,-0.000700,-0.000360,-0.000390,-0.000040,0.000340,480.697906,344.636902,616.058105,416.463196,471.564331,351.083893
1699146837220160,77.000000,0.086480,0.622212,0.778058,-0.000320,-0.000700,-0.000360,-0.000390,-0.000040,0.000340,546.417908,342.188141,536.546692,298.188660,548.509399,350.072266
1699146837626880,63.000000,0.093793,0.621279,0.777956,-0.000320,-0.000700,-0.000360,-0.000380,-0.000040,0.000350,614.623718,383.923859,640.097839,363.461853,600.057190,400.560120
1699146838003840,118.000000,0.093793,0.621279,0.777956,-0.000320,-0.000700,-0.000360,-0.000380,-0.000040,0.000350,645.799561,371.902649,635.799194,460.902710,601.477661,394.807770
1699146838222080,91.000000,-0.438397,0.814758,0.379443,0.000130,-0.000500,-0.000270,-0.000630,-0.000400,0.000230,597.943787,671.528442,655.377380,531.510376,479.120514,696.768921
1699146838390720,166.000000,0.093793,0.621279,0.777956,-0.000320,-0.000700,-0.000360,-0.000380,-0.000040,0.000350,596.323120,433.914795,649.937256,685.486023,486.100830,446.586731
1699146838767680,174.000000,0.101105,0.620311,0.777812,-0.000320,-0.000700,-0.000360,-0.000380,-0.000030,0.000350,592.300720,470.714081,638.604736,709.226440,422.736572,491.884521
1699146838837120,93.000000,-0.438397,0.814758,0.379443,0.000130,-0.000500,-0.000270,-0.000630,-0.000400,0.000230,681.069702,572.331299,595.530518,548.939819,598.665771,625.835327
1699146839154560,127.000000,0.104666,0.615610,0.781069,-0.000330,-0.000710,-0.000360,-0.000380,-0.000030,0.000350,380.608276,406.824158,605.619324,637.133667,468.754150,548.136292
1699146839531520,130.000000,0.104666,0.615610,0.781069,-0.000330,-0.000710,-0.000360,-0.000380,-0.000030,0.000350,504.227234,385.771851,605.621948,512.476501,552.048706,498.271484
1699146839591040,50.000000,-0.438397,0.814758,0.379443,0.000130,-0.000500,-0.000270,-0.000630,-0.000400,0.000230,333.528442,251.140976,341.783813,306.266663,357.905975,312.925537
1699146839749760,45.000000,0.661655,0.749207,0.030026,-0.000060,-0.000390,0.000300,-0.000330,0.000360,0.000690,169.180405,225.964294,218.109360,155.927216,229.167313,249.700287
1699146839918400,60.000000,0.104666,0.615610,0.781069,-0.000330,-0.000710,-0.000360,-0.000380,-0.000030,0.000350,566.244385,421.005951,572.514282,605.664917,639.942078,565.485107
1699146840067200,70.000000,-0.438397,0.814758,0.379443,0.000130,-0.000500,-0.000270,-0.000630,-0.000400,0.000230,282.618103,212.587677,253.272919,274.352295,302.258179,212.531677
1699146840315200,72.000000,0.104666,0.615610,0.781069,-0.000330,-0.000710,-0.000360,-0.000380,-0.000030,0.000350,693.448364,469.385071,643.593079,564.140503,658.331604,608.087646
1699146840692160,87.000000,0.104666,0.615610,0.781069,-0.000330,-0.000710,-0.000360,-0.000380,-0.000030,0.000350,626.443909,395.266541,503.822205,309.295319,482.728638,554.250916
1699146841098880,68.000000,0.114878,0.610188,0.783883,-0.000330,-0.000710,-0.000360,-0.000370,-0.000020,0.000350,532.046082,327.520782,488.881958,443.924103,337.981506,596.274292
1699146841535360,134.000000,0.114878,0.610188,0.783883,-0.000330,-0.000710,-0.000360,-0.000370,-0.000020,0.000350,470.219666,559.904419,565.195496,488.889679,497.382294,689.586914
1699146841565120,50.000000,-0.447498,0.810925,0.377023,0.000130,-0.000490,-0.000270,-0.000630,-0.000400,0.000220,245.997681,258.316528,326.697632,188.096497,242.728973,241.988617
1699146841922240,171.000000,0.114878,0.610188,0.783883,-0.000330,-0.000710,-0.000360,-0.000370,-0.000020,0.000350,505.222412,478.464813,440.722961,543.211975,557.162231,630.147400
1699146842309120,70.000000,0.118071,0.605634,0.786935,-0.000340,-0.000710,-0.000360,-0.000370,-0.000020,0.000350,461.414001,510.172150,454.039917,640.227661,636.033447,586.148926
1699146842596800,39.000000,0.649323,0.682062,-0.336409,-0.000070,-0.000390,0.003180,-0.000320,-0.000030,0.005200,206.841827,180.185532,111.668961,210.379929,128.409943,123.343391
1699146842705920,93.000000,0.118071,0.605634,0.786935,-0.000340,-0.000710,-0.000360,-0.000370,-0.000020,0.000350,506.065308,507.716034,433.357117,585.746887,605.719482,606.067749
1699146843102720,104.000000,0.118071,0.605634,0.786935,-0.000340,-0.000710,-0.000360,-0.000370,-0.000020,0.000350,469.080353,514.771973,390.229004,489.117889,476.098755,494.484192
1699146843499520,114.000000,0.122137,0.609123,0.783614,-0.000340,-0.000710,-0.000350,-0.000370,-0.000020,0.000350,640.713623,498.491302,371.271790,539.887451,389.669373,659.065796
1699146843588800,41.000000,0.673993,0.737906,0.035053,-0.000070,-0.000390,0.000300,-0.000320,0.000370,0.000690,309.549377,342.788910,326.223724,298.175812,377.992737,314.061035
1699146843886400,91.000000,-0.293865,-0.027253,0.955458,-0.004570,0.001220,-0.000220,-0.002880,-0.001340,-0.000780,103.458969,100.686890,147.948090,101.791306,118.053192,96.052940
1699146844104640,62.000000,0.678684,0.733589,0.035151,-0.000070,-0.000390,0.000300,-0.000310,0.000370,0.000690,321.803101,279.851624,403.881653,249.874481,440.361267,289.061340
1699146844193920,53.000000,-0.455677,0.809820,0.369527,0.000140,-0.000490,-0.000270,-0.000630,-0.000410,0.000220,264.471924,290.615234,236.334259,253.660004,287.708130,201.934540
1699146844283200,136.000000,0.129391,0.608025,0.783303,-0.000340,-0.000710,-0.000350,-0.000370,-0.000010,0.000350,727.663696,707.511108,483.712067,548.582825,607.760925,604.791626
1699146844610560,69.000000,0.673993,0.737906,0.035053,-0.000070,-0.000390,0.000300,-0.000320,0.000370,0.000690,353.341492,236.987610,510.713196,219.389343,413.730377,252.484772
1699146844680000,110.000000,0.132437,0.603516,0.786275,-0.000340,-0.000710,-0.000350,-0.000360,-0.000010,0.000350,717.482422,685.228516,542.515625,553.797974,743.729370,725.020142
1699146845066880,195.000000,0.132437,0.603516,0.786275,-0.000340,-0.000710,-0.000350,-0.000360,-0.000010,0.000350,543.718262,711.330811,525.881531,736.430542,890.903992,774.813477
1699146845185920,56.000000,0.681717,0.730487,0.040620,-0.000080,-0.000390,0.000300,-0.000310,0.000370,0.000690,263.892822,422.672119,383.315399,458.074646,356.741241,335.725250
1699146845344640,65.000000,-0.455677,0.809820,0.369527,0.000140,-0.000490,-0.000270,-0.000630,-0.000410,0.000220,358.936096,330.875427,301.316528,314.359680,240.972153,225.866196
1699146845453760,266.000000,0.131460,0.595452,0.792563,-0.000350,-0.000710,-0.000360,-0.000360,-0.000010,0.000350,714.343994,831.874695,580.961365,893.848999,854.740967,805.081909
1699146845800960,47.000000,-0.302017,-0.942871,-0.140643,-0.000070,0.001340,0.000300,0.002080,0.000370,-0.004950,230.188019,99.211929,398.081848,111.690399,277.371338,107.007164
1699146845810880,47.000000,0.493361,0.869742,-0.011983,-0.000100,-0.000040,0.000110,-0.000310,0.000080,0.000390,139.603775,165.268845,123.108818,262.898163,134.079956,125.245117
1699146845850560,229.000000,0.135574,0.598908,0.789258,-0.000350,-0.000710,-0.000350,-0.000360,-0.000010,0.000350,654.020691,675.713318,652.013611,809.048096,705.473022,604.266479
1699146846267200,151.000000,0.142819,0.597744,0.788863,-0.000350,-0.000710,-0.000350,-0.000360,0.000000,0.000350,886.795349,826.900879,739.858276,918.950745,560.871460,654.755859
1699146846326720,48.000000,-0.461455,0.805973,0.370764,0.000140,-0.000490,-0.000270,-0.000630,-0.000410,0.000210,285.329681,185.768570,269.591858,291.143555,210.597946,312.629211
1699146846416000,57.000000,0.686093,0.726410,0.040055,-0.000080,-0.000390,0.000300,-0.000310,0.000380,0.000690,292.910278,404.340942,449.009705,489.244080,285.710815,384.898834
1699146846693760,119.000000,0.142819,0.597744,0.788863,-0.000350,-0.000710,-0.000350,-0.000360,0.000000,0.000350,806.731689,740.435425,625.563477,767.887512,589.937744,550.767639
1699146846822720,34.000000,-0.464825,0.805780,0.366955,0.000140,-0.000480,-0.000270,-0.000630,-0.000410,0.000210,274.595612,253.530334,341.057953,274.940277,223.398499,306.906799
1699146846931840,46.000000,0.686093,0.726410,0.040055,-0.000080,-0.000390,0.000300,-0.000310,0.000380,0.000690,466.684143,431.125153,385.506805,509.074646,423.333313,396.963989
1699146847120320,137.000000,-0.178944,-0.965809,-0.187598,-0.000350,0.002670,-0.000350,0.003020,0.000000,-0.003020,667.621826,137.454834,587.230835,144.285477,735.055237,116.191452
1699146847358400,30.000000,-0.470037,0.803320,0.365708,0.000140,-0.000480,-0.000270,-0.000630,-0.000420,0.000210,247.905106,252.586807,234.188278,251.588623,169.477219,341.606018
1699146847417920,54.000000,0.686093,0.726410,0.040055,-0.000080,-0.000390,0.000300,-0.000310,0.000380,0.000690,494.775635,356.339478,516.585144,404.240479,466.255249,327.095062
1699146847546880,170.000000,0.146968,0.601123,0.785526,-0.000350,-0.000710,-0.000350,-0.000360,0.000000,0.000360,844.892944,858.537476,802.843750,675.196533,924.976074,648.906921
1699146847953600,32.000000,-0.470037,0.803320,0.365708,0.000140,-0.000480,-0.000270,-0.000630,-0.000420,0.000210,182.123566,238.734070,241.546387,197.289413,218.563736,275.192200
1699146847963520,261.000000,-0.804575,-0.467164,-0.366629,-0.000350,0.004110,-0.000350,-0.003700,0.000000,-0.004990,628.042603,116.207642,764.162842,129.527222,852.065125,109.271118
1699146848052800,55.000000,0.686093,0.726410,0.040055,-0.000080,-0.000390,0.000300,-0.000310,0.000380,0.000690,468.485046,458.849335,405.122284,501.891449,511.384674,393.448853
1699146848469440,212.000000,-0.996984,-0.048457,-0.060614,-0.000360,0.001430,-0.000350,-0.004540,0.000000,-0.004460,464.793030,152.591522,600.454468,116.574074,759.875061,109.556396
1699146848528960,65.000000,0.686093,0.726410,0.040055,-0.000080,-0.000390,0.000300,-0.000310,0.000380,0.000690,564.431091,481.543823,532.624939,512.337952,640.423218,454.672821
1699146848896000,237.000000,0.160310,0.590684,0.790818,-0.000360,-0.000710,-0.000350,-0.000350,0.000010,0.000360,805.588806,854.489380,808.699097,892.289062,546.046936,616.288025
1699146848985280,71.000000,0.686093,0.726410,0.040055,-0.000080,-0.000390,0.000300,-0.000310,0.000380,0.000690,438.145447,483.797791,484.097198,377.879822,490.774841,390.051697
1699146849322560,86.000000,0.548594,0.835543,0.030226,0.000000,-0.000410,0.000270,-0.000410,0.000270,0.000680,494.182007,550.096985,571.380493,488.187561,544.978210,582.549438
1699146849332480,108.000000,0.160310,0.590684,0.790818,-0.000360,-0.000710,-0.000350,-0.000350,0.000010,0.000360,692.122131,697.510376,717.900574,722.046143,542.582520,530.319946
1699146849610240,62.000000,0.690742,0.721985,0.040165,-0.000080,-0.000390,0.000300,-0.000300,0.000380,0.000690,427.527771,461.950256,499.875549,387.508423,530.329346,401.142761
1699146849788800,113.000000,0.160310,0.590684,0.790818,-0.000360,-0.000710,-0.000350,-0.000350,0.000010,0.000360,658.814148,619.251343,581.773682,603.791992,606.687073,406.582764
1699146849808640,140.000000,0.548594,0.835543,0.030226,0.000000,-0.000410,0.000270,-0.000410,0.000270,0.000680,500.223999,522.003662,511.974426,504.543762,556.714844,633.892334
1699146850096320,65.000000,0.690742,0.721985,0.040165,-0.000080,-0.000390,0.000300,-0.000300,0.000380,0.000690,365.604492,373.474792,448.979095,480.526245,421.496582,363.899078
1699146850215360,115.000000,0.160310,0.590684,0.790818,-0.000360,-0.000710,-0.000350,-0.000350,0.000010,0.000360,742.456909,705.830444,675.286743,587.501404,738.001953,522.281799
1699146850284800,35.000000,-0.544027,-0.424285,0.723890,0.000000,-0.003390,0.000270,0.000060,0.000270,-0.004440,340.249573,124.308228,209.737900,119.680672,188.682587,99.506935
1699146850294720,68.000000,-0.033782,0.670214,0.741399,0.000000,-0.000410,-0.000310,-0.000410,0.000230,-0.000020,405.930725,328.220276,108.266731,404.629333,119.648766,139.061279
1699146850572480,90.000000,0.690742,0.721985,0.040165,-0.000080,-0.000390,0.000300,-0.000300,0.000380,0.000690,301.319305,410.766479,563.763367,557.801086,396.305420,433.221405
1699146850641920,227.000000,0.160310,0.590684,0.790818,-0.000360,-0.000710,-0.000350,-0.000350,0.000010,0.000360,791.089050,870.907349,847.839233,646.357788,920.842957,741.841675
1699146850800640,76.000000,0.548594,0.835543,0.030226,0.000000,-0.000410,0.000270,-0.000410,0.000270,0.000680,486.252838,525.260620,490.578003,509.835815,519.580627,577.745911
1699146851038720,112.000000,0.690742,0.721985,0.040165,-0.000080,-0.000390,0.000300,-0.000300,0.000380,0.000690,371.138123,484.313538,696.612122,708.296509,510.207886,518.260559
1699146851058560,221.000000,0.163432,0.586007,0.793654,-0.000360,-0.000710,-0.000350,-0.000340,0.000010,0.000360,572.785461,876.132690,833.354431,596.509766,791.645874,726.953308
1699146851356160,76.000000,0.548594,0.835543,0.030226,0.000000,-0.000410,0.000270,-0.000410,0.000270,0.000680,385.300110,460.835083,486.102783,471.263489,506.315491,597.859985
1699146851485120,156.000000,0.166424,0.581357,0.796446,-0.000370,-0.000710,-0.000350,-0.000340,0.000010,0.000360,669.737549,787.741455,713.376709,769.978394,585.056030,617.024719
1699146851524800,136.000000,0.697946,0.714733,0.045029,-0.000090,-0.000390,0.000300,-0.000300,0.000390,0.000690,479.126831,481.733765,614.526306,758.932373,490.320343,444.913696
1699146851872000,66.000000,0.548594,0.835543,0.030226,0.000000,-0.000410,0.000270,-0.000410,0.000270,0.000680,452.970490,469.484497,497.708710,469.989349,524.891663,527.586609
1699146851891840,160.000000,0.173604,0.580057,0.795861,-0.000370,-0.000710,-0.000350,-0.000340,0.000020,0.000360,571.591797,670.443481,569.405396,664.082520,367.642456,461.478943
1699146851981120,198.000000,0.697946,0.714733,0.045029,-0.000090,-0.000390,0.000300,-0.000300,0.000390,0.000690,607.241699,524.895447,725.970215,784.338928,580.690613,519.495361
1699146852358080,67.000000,0.592994,0.783353,0.186322,-0.000370,-0.000680,-0.000350,-0.000220,0.000020,0.004200,507.073669,141.943176,428.452606,103.565323,418.325256,105.148529
1699146852417600,79.000000,0.548594,0.835543,0.030226,0.000000,-0.000410,0.000270,-0.000410,0.000270,0.000680,461.844086,467.129395,501.919678,491.093719,572.271667,570.969238
1699146852556480,186.000000,0.698327,0.714316,0.045742,-0.000090,-0.000390,0.000300,-0.000300,0.000390,0.000680,574.419983,447.805115,629.691528,701.081909,511.433136,439.817780
1699146852794560,60.000000,0.169555,0.576600,0.799239,-0.000370,-0.000710,-0.000350,-0.000340,0.000020,0.000350,502.857727,309.428925,404.082214,281.226013,500.837646,244.627014
1699146852903680,70.000000,0.548594,0.835543,0.030226,0.000000,-0.000410,0.000270,-0.000410,0.000270,0.000680,571.706970,431.835541,424.262207,509.363922,512.670898,537.551086
1699146852943360,102.000000,0.697946,0.714733,0.045029,-0.000090,-0.000390,0.000300,-0.000300,0.000390,0.000690,654.715454,531.155640,660.069824,685.290405,638.655151,511.512909
1699146853211200,99.000000,0.173604,0.580057,0.795861,-0.000370,-0.000710,-0.000350,-0.000340,0.000020,0.000360,608.903748,674.143433,636.631104,486.267792,647.092102,529.978577
1699146853340160,88.000000,0.698327,0.714316,0.045742,-0.000090,-0.000390,0.000300,-0.000300,0.000390,0.000680,706.371582,492.820648,660.195190,651.851868,670.342285,435.088287
1699146853389760,94.000000,0.548594,0.835543,0.030226,0.000000,-0.000410,0.000270,-0.000410,0.000270,0.000680,497.066101,405.587982,424.338562,525.573303,517.699341,455.044525
1699146853627840,202.000000,0.176754,0.575281,0.798630,-0.000370,-0.000710,-0.000350,-0.000330,0.000020,0.000360,399.628479,735.171936,664.721680,453.888672,645.134583,561.414673
1699146853727040,164.000000,0.697946,0.714733,0.045029,-0.000090,-0.000390,0.000300,-0.000300,0.000390,0.000690,696.907410,602.690491,635.432983,636.823975,712.712769,464.058533
1699146853984960,88.000000,0.548594,0.835543,0.030226,0.000000,-0.000410,0.000270,-0.000410,0.000270,0.000680,428.953827,438.795593,406.632202,496.191803,481.751892,488.406158
1699146854034560,181.000000,0.179681,0.570612,0.801322,-0.000380,-0.000710,-0.000350,-0.000330,0.000020,0.000360,560.821533,804.578064,773.383301,676.947876,562.358643,672.868103
1699146854173440,155.000000,0.697946,0.714733,0.045029,-0.000090,-0.000390,0.000300,-0.000300,0.000390,0.000690,662.635620,575.109680,625.227356,537.007751,665.879089,459.566345
1699146854480960,191.000000,0.179681,0.570612,0.801322,-0.000380,-0.000710,-0.000350,-0.000330,0.000020,0.000360,642.038696,704.281128,553.910522,735.646362,450.004822,472.639648
1699146854580160,64.000000,0.548594,0.835543,0.030226,0.000000,-0.000410,0.000270,-0.000410,0.000270,0.000680,402.140991,395.402893,422.125031,502.794098,444.246033,475.203278
1699146854590080,152.000000,0.698327,0.714316,0.045742,-0.000090,-0.000390,0.000300,-0.000300,0.000390,0.000680,546.842529,487.420593,497.520813,373.903259,605.021362,412.013763
1699146854927360,183.000000,0.186835,0.569254,0.800651,-0.000380,-0.000710,-0.000350,-0.000330,0.000030,0.000360,838.381531,862.357971,735.113831,838.302368,705.319214,665.995300
1699146854996800,187.000000,0.702960,0.709749,0.045865,-0.000090,-0.000390,0.000300,-0.000290,0.000390,0.000680,709.020020,447.479065,660.743225,491.780701,722.597534,488.854523
1699146855135680,52.000000,0.548594,0.835543,0.030226,0.000000,-0.000410,0.000270,-0.000410,0.000270,0.000680,348.252014,370.088867,347.023956,412.954590,400.089142,421.883789
1699146855344000,136.000000,0.186835,0.569254,0.800651,-0.000380,-0.000710,-0.000350,-0.000330,0.000030,0.000360,760.202026,769.663330,650.124939,711.186646,748.433228,489.869019
1699146855383680,210.000000,0.702960,0.709749,0.045865,-0.000090,-0.000390,0.000300,-0.000290,0.000390,0.000680,600.326538,419.452637,584.570618,580.764099,758.836304,579.742615
1699146855671360,48.000000,0.548594,0.835543,0.030226,0.000000,-0.000410,0.000270,-0.000410,0.000270,0.000680,361.856903,370.749969,383.286804,466.179443,442.112061,457.867340
1699146855919360,163.000000,0.186835,0.569254,0.800651,-0.000380,-0.000710,-0.000350,-0.000330,0.000030,0.000360,534.834290,750.511353,630.667603,442.343414,794.347290,445.120911
1699146856157440,67.000000,0.548594,0.835543,0.030226,0.000000,-0.000410,0.000270,-0.000410,0.000270,0.000680,426.879028,361.837524,364.091980,550.277222,434.351593,459.357391
1699146856375680,181.000000,0.192868,0.559697,0.805941,-0.000390,-0.000710,-0.000350,-0.000320,0.000030,0.000360,535.431396,835.476807,644.800171,588.228882,747.679443,526.840576
1699146856623680,95.000000,0.548594,0.835543,0.030226,0.000000,-0.000410,0.000270,-0.000410,0.000270,0.000680,321.701569,402.663147,406.966919,515.915771,451.972321,491.163544
1699146856832000,175.000000,0.192868,0.559697,0.805941,-0.000390,-0.000710,-0.000350,-0.000320,0.000030,0.000360,674.445312,778.282104,556.778809,774.213074,579.851685,475.133972
1699146857218880,44.000000,0.548594,0.835543,0.030226,0.000000,-0.000410,0.000270,-0.000410,0.000270,0.000680,345.390656,436.754028,403.317169,451.733185,348.064026,425.558899
1699146857318080,140.000000,0.188889,0.556151,0.809331,-0.000390,-0.000710,-0.000350,-0.000320,0.000030,0.000350,770.142151,749.404846,467.685364,797.670715,512.867004,520.755249
1699146857704960,44.000000,0.548594,0.835543,0.030226,0.000000,-0.000410,0.000270,-0.000410,0.000270,0.000680,307.697357,364.019623,367.480988,413.968445,324.996613,388.541260
1699146857774400,227.000000,0.191742,0.551468,0.811861,-0.000390,-0.000710,-0.000360,-0.000320,0.000040,0.000350,856.249756,814.149597,507.943481,732.037537,655.046692,678.220032
1699146858181120,41.000000,0.548594,0.835543,0.030226,0.000000,-0.000410,0.000270,-0.000410,0.000270,0.000680,259.631866,327.293152,360.671326,447.867126,349.001770,423.196838
1699146858200960,228.000000,0.191742,0.551468,0.811861,-0.000390,-0.000710,-0.000360,-0.000320,0.000040,0.000350,655.660400,847.996521,581.959656,539.164490,825.234985,709.976440
1699146858637440,170.000000,-0.600706,-0.610488,0.516195,-0.000390,-0.002240,-0.000360,0.000060,0.000040,-0.005290,460.613190,101.926743,477.334473,105.318863,605.006348,129.653458
1699146858657280,26.000000,0.548594,0.835543,0.030226,0.000000,-0.000410,0.000270,-0.000410,0.000270,0.000680,272.980743,359.077850,405.689484,398.712891,333.531494,429.775391
1699146859083840,157.000000,0.197720,0.541780,0.816934,-0.000400,-0.000710,-0.000360,-0.000310,0.000040,0.000350,672.619690,750.423279,623.861328,719.319275,768.916382,699.783325
1699146859163200,127.000000,0.705841,0.706508,0.051336,-0.000100,-0.000390,0.000300,-0.000290,0.000390,0.000680,473.610748,398.850098,651.149414,676.829224,529.529114,577.602722
1699146859183040,30.000000,0.548594,0.835543,0.030226,0.000000,-0.000410,0.000270,-0.000410,0.000270,0.000680,262.115356,372.066711,270.815552,339.393127,239.066742,293.379120
1699146859599680,175.000000,0.197720,0.541780,0.816934,-0.000400,-0.000710,-0.000360,-0.000310,0.000040,0.000350,832.725708,804.735657,637.708008,837.696167,758.166077,754.646606
1699146859669120,183.000000,0.709997,0.702376,0.050717,-0.000100,-0.000390,0.000300,-0.000290,0.000400,0.000680,590.915588,501.717407,632.054626,726.885498,423.735504,487.154968
1699146859847680,42.000000,0.314622,0.739759,-0.594785,-0.000010,0.004100,0.000270,-0.003240,0.000280,0.004990,123.930542,100.341415,326.914459,104.729843,191.052444,101.798691
1699146860056000,172.000000,0.197720,0.541780,0.816934,-0.000400,-0.000710,-0.000360,-0.000310,0.000040,0.000350,869.197327,877.004211,784.250183,799.836182,688.953979,860.979553
1699146860125440,143.000000,0.709997,0.702376,0.050717,-0.000100,-0.000390,0.000300,-0.000290,0.000400,0.000680,551.737732,513.188049,553.673340,636.130005,446.385498,547.776123
1699146860373440,36.000000,0.548594,0.835543,0.030226,0.000000,-0.000410,0.000270,-0.000410,0.000270,0.000680,162.854797,227.930984,222.553757,215.494659,179.080185,251.311371
1699146860512320,198.000000,0.197720,0.541780,0.816934,-0.000400,-0.000710,-0.000360,-0.000310,0.000040,0.000350,790.487793,893.925659,796.988953,668.485474,521.979858,875.284119
1699146860581760,120.000000,0.705841,0.706508,0.051336,-0.000100,-0.000390,0.000300,-0.000290,0.000390,0.000680,601.084717,523.667480,498.235931,685.225403,445.724457,615.648254
1699146860909120,60.000000,0.548594,0.835543,0.030226,0.000000,-0.000410,0.000270,-0.000410,0.000270,0.000680,154.066681,249.445999,288.794922,285.733948,215.872925,308.842407
1699146861167040,119.000000,0.709997,0.702376,0.050717,-0.000100,-0.000390,0.000300,-0.000290,0.000400,0.000680,668.226929,590.694458,511.488342,578.825806,457.316528,589.623169
1699146861335680,100.000000,0.210748,0.530567,0.821026,-0.000410,-0.000710,-0.000360,-0.000300,0.000050,0.000350,558.446899,734.926025,660.152466,713.636719,707.508911,734.859741
1699146861405120,40.000000,0.548594,0.835543,0.030226,0.000000,-0.000410,0.000270,-0.000410,0.000270,0.000680,196.346954,280.990295,269.247986,244.656052,131.159363,328.844116
1699146861672960,134.000000,0.709997,0.702376,0.050717,-0.000100,-0.000390,0.000300,-0.000290,0.000400,0.000680,690.966980,524.420715,591.875000,542.946777,645.165161,520.044495
1699146861732480,161.000000,0.210748,0.530567,0.821026,-0.000410,-0.000710,-0.000360,-0.000300,0.000050,0.000350,698.510254,743.766602,724.534790,793.248596,823.543945,786.902588
1699146861742400,36.000000,-0.508804,0.777875,0.368821,0.000150,-0.000470,-0.000290,-0.000620,-0.000440,0.000180,305.871643,291.182007,332.780334,314.824951,293.630310,345.970856
1699146862317760,125.000000,0.709997,0.702376,0.050717,-0.000100,-0.000390,0.000300,-0.000290,0.000400,0.000680,669.607544,643.532898,434.237640,622.310791,565.340942,438.017944
1699146862337600,162.000000,0.210748,0.530567,0.821026,-0.000410,-0.000710,-0.000360,-0.000300,0.000050,0.000350,847.495605,753.592529,831.890259,750.765686,814.555542,823.082825
1699146862526080,34.000000,0.557681,0.829306,0.035257,-0.000010,-0.000410,0.000270,-0.000410,0.000280,0.000680,173.583115,254.866074,342.260925,192.392654,247.924652,313.681458
1699146862724480,55.000000,-0.508804,0.777875,0.368821,0.000150,-0.000470,-0.000290,-0.000620,-0.000440,0.000180,401.119324,412.009247,371.477173,443.530487,385.941528,382.935089
1699146862774080,219.000000,0.210748,0.530567,0.821026,-0.000410,-0.000710,-0.000360,-0.000300,0.000050,0.000350,850.194702,833.963684,907.398071,711.025330,822.243835,810.143311
1699146862843520,62.000000,0.709997,0.702376,0.050717,-0.000100,-0.000390,0.000300,-0.000290,0.000400,0.000680,461.200867,458.725220,340.198120,394.756042,489.080994,476.335907
1699146863131200,39.000000,0.557681,0.829306,0.035257,-0.000010,-0.000410,0.000270,-0.000410,0.000280,0.000680,300.948669,327.207214,382.638977,227.433014,311.573151,393.716492
1699146863220480,238.000000,0.213928,0.525404,0.823520,-0.000410,-0.000710,-0.000360,-0.000290,0.000050,0.000350,595.861145,820.358765,883.867676,614.098877,627.154236,790.617920
1699146863280000,54.000000,-0.508804,0.777875,0.368821,0.000150,-0.000470,-0.000290,-0.000620,-0.000440,0.000180,463.684143,494.530975,445.669281,436.420746,431.109131,445.620941
1699146863458560,93.000000,0.709997,0.702376,0.050717,-0.000100,-0.000390,0.000300,-0.000290,0.000400,0.000680,475.266052,483.518982,286.418579,382.064941,463.090240,399.992554
1699146863617280,26.000000,0.557681,0.829306,0.035257,-0.000010,-0.000410,0.000270,-0.000410,0.000280,0.000680,325.928345,225.342865,319.564667,250.193039,305.686523,393.524170
1699146863766080,254.000000,0.223674,0.519221,0.824851,-0.000420,-0.000710,-0.000360,-0.000290,0.000060,0.000350,697.399170,835.198242,877.917847,870.991638,597.380188,764.920410
1699146863815680,57.000000,-0.508804,0.777875,0.368821,0.000150,-0.000470,-0.000290,-0.000620,-0.000440,0.000180,321.769958,379.588074,343.836060,282.471130,184.630356,276.818909
1699146863964480,88.000000,0.018945,0.784406,0.619959,-0.000100,-0.000390,-0.000140,-0.000290,-0.000060,0.000220,491.452148,577.077271,143.408768,402.195160,150.887238,181.501587
1699146864093440,41.000000,0.557681,0.829306,0.035257,-0.000010,-0.000410,0.000270,-0.000410,0.000280,0.000680,249.522552,170.133224,218.425201,178.439926,163.651733,210.309082
1699146864242240,272.000000,0.223674,0.519221,0.824851,-0.000420,-0.000710,-0.000360,-0.000290,0.000060,0.000350,875.580811,846.189331,896.348145,909.342651,801.187744,725.935547
1699146864460480,59.000000,-0.508804,0.777875,0.368821,0.000150,-0.000470,-0.000290,-0.000620,-0.000440,0.000180,393.587708,280.910614,340.727661,357.361816,269.352478,264.752136
1699146864470400,130.000000,0.708683,0.703238,0.056794,-0.000100,-0.000390,0.000290,-0.000290,0.000400,0.000680,550.575867,695.368286,538.326477,501.126099,692.680359,605.087158
1699146864599360,28.000000,0.562547,0.826008,0.035389,-0.000010,-0.000410,0.000270,-0.000400,0.000280,0.000680,229.705109,204.937057,199.133606,228.258316,299.531067,307.604523
1699146864738240,137.000000,0.223674,0.519221,0.824851,-0.000420,-0.000710,-0.000360,-0.000290,0.000060,0.000350,897.821167,782.791748,855.301331,686.107178,914.413574,578.560059
1699146864916800,152.000000,0.708683,0.703238,0.056794,-0.000100,-0.000390,0.000290,-0.000290,0.000400,0.000680,493.745850,709.265076,508.529053,451.514648,640.573242,618.693298
1699146864976320,47.000000,0.975590,0.186921,0.115256,0.000150,-0.000470,-0.000290,-0.000620,0.002920,0.000170,188.035629,302.693665,193.864380,244.004791,102.829758,230.476471
1699146865244160,154.000000,0.226863,0.513975,0.827262,-0.000420,-0.000710,-0.000360,-0.000280,0.000060,0.000350,723.754639,838.459045,775.611267,563.159241,883.684387,542.198242
1699146865531840,59.000000,0.716065,0.695239,0.062404,-0.000110,-0.000390,0.000290,-0.000280,0.000400,0.000680,426.700195,582.910767,513.507019,440.669525,641.715881,567.739990
1699146865700480,26.000000,0.562547,0.826008,0.035389,-0.000010,-0.000410,0.000270,-0.000400,0.000280,0.000680,223.926697,166.205200,223.007980,164.969666,285.736847,263.613953
1699146865760000,194.000000,0.226173,0.874055,-0.429970,-0.000430,0.004110,-0.000360,-0.004410,0.000060,0.005450,448.653381,102.524223,479.394867,97.882164,790.616333,106.514809
1699146866077440,33.000000,-0.519308,0.771045,0.368522,0.000150,-0.000470,-0.000290,-0.000620,-0.000450,0.000170,303.185974,265.494141,299.079346,320.842804,224.577316,258.755005
1699146866216320,153.000000,0.716065,0.695239,0.062404,-0.000110,-0.000390,0.000290,-0.000280,0.000400,0.000680,397.881653,666.729309,594.317017,457.663605,618.227783,567.186218
1699146866275840,42.000000,0.562547,0.826008,0.035389,-0.000010,-0.000410,0.000270,-0.000400,0.000280,0.000680,296.776245,219.934158,280.245789,244.408966,339.256897,355.513733
1699146866414720,138.000000,0.225632,0.505518,0.832792,-0.000430,-0.000710,-0.000360,-0.000280,0.000060,0.000340,784.732727,665.429077,486.477264,803.424133,615.658936,767.948303
1699146866573440,34.000000,-0.519308,0.771045,0.368522,0.000150,-0.000470,-0.000290,-0.000620,-0.000450,0.000170,255.527161,165.832886,232.697510,288.941223,298.973877,281.155365
1699146866742080,223.000000,0.716065,0.695239,0.062404,-0.000110,-0.000390,0.000290,-0.000280,0.000400,0.000680,492.294800,689.531189,633.624390,439.370819,704.181152,607.691467
1699146866811520,37.000000,0.562547,0.826008,0.035389,-0.000010,-0.000410,0.000270,-0.000400,0.000280,0.000680,341.614990,165.104614,233.908386,266.217896,303.355408,312.246704
1699146866910720,130.000000,0.228246,0.500851,0.834897,-0.000430,-0.000710,-0.000370,-0.000280,0.000070,0.000340,734.866211,684.345642,476.819550,562.646667,499.776520,746.459534
1699146867069440,42.000000,-0.521416,0.767256,0.373421,0.000150,-0.000470,-0.000300,-0.000620,-0.000450,0.000170,430.900665,320.339844,277.002899,477.531433,460.950470,459.352448
1699146867248000,213.000000,0.716065,0.695239,0.062404,-0.000110,-0.000390,0.000290,-0.000280,0.000400,0.000680,545.540222,716.835449,700.947144,431.883942,667.085144,615.279358
1699146867367040,40.000000,0.562547,0.826008,0.035389,-0.000010,-0.000410,0.000270,-0.000400,0.000280,0.000680,236.162018,189.346680,270.110291,224.546432,309.392609,282.495880
1699146867396800,164.000000,0.231411,0.495492,0.837219,-0.000430,-0.000710,-0.000370,-0.000270,0.000070,0.000340,696.238159,635.039795,532.356995,575.981812,652.611206,772.208557
1699146867565440,73.000000,-0.905327,-0.047091,-0.422097,0.000150,0.000750,-0.000300,-0.000340,-0.000450,0.000000,410.620605,120.917953,238.569107,130.634216,351.067749,140.543716
1699146867833280,259.000000,0.716065,0.695239,0.062404,-0.000110,-0.000390,0.000290,-0.000280,0.000400,0.000680,619.229492,656.552063,719.016479,456.415314,705.543213,639.550537
1699146867922560,171.000000,0.233981,0.490838,0.839244,-0.000440,-0.000710,-0.000370,-0.000270,0.000070,0.000340,498.217102,669.208191,616.008118,734.396851,667.141296,722.790283
1699146868071360,38.000000,-0.524959,0.766707,0.369564,0.000150,-0.000460,-0.000300,-0.000620,-0.000450,0.000170,296.404297,204.748245,215.963058,281.343628,331.640991,300.634705
1699146868418560,193.000000,0.233981,0.490838,0.839244,-0.000440,-0.000710,-0.000370,-0.000270,0.000070,0.000340,411.682556,283.774750,446.335815,706.353149,717.062622,717.199097
1699146868428480,236.000000,0.716065,0.695239,0.062404,-0.000110,-0.000390,0.000290,-0.000280,0.000400,0.000680,611.764709,603.845093,672.314392,489.653778,645.951599,611.500549
1699146868557440,62.000000,-0.524959,0.766707,0.369564,0.000150,-0.000460,-0.000300,-0.000620,-0.000450,0.000170,284.157745,216.596954,245.363892,307.495239,299.817413,251.510040
1699146868954240,446.000000,0.716065,0.695239,0.062404,-0.000110,-0.000390,0.000290,-0.000280,0.000400,0.000680,811.783936,720.831055,849.175293,574.421631,826.106750,762.913025
1699146868984000,149.000000,0.233981,0.490838,0.839244,-0.000440,-0.000710,-0.000370,-0.000270,0.000070,0.000340,819.591675,538.281128,767.671814,580.618164,756.810425,715.731323
1699146869281600,63.000000,-0.527586,0.767918,0.363256,0.000160,-0.000460,-0.000300,-0.000620,-0.000450,0.000170,409.775787,551.721863,430.553375,574.333374,554.727661,440.958405
1699146869489920,159.000000,0.237139,0.485419,0.841506,-0.000440,-0.000710,-0.000370,-0.000260,0.000070,0.000340,796.444214,509.936920,800.253235,577.511963,671.237732,631.490540
1699146869539520,200.000000,0.711485,0.699940,0.062239,-0.000110,-0.000390,0.000290,-0.000290,0.000400,0.000680,634.796875,440.539734,684.059021,498.807587,643.709534,534.270508
1699146869628800,31.000000,0.490187,0.869283,-0.063742,0.000180,-0.000420,0.000270,-0.000400,0.000280,0.000680,105.242744,131.633087,157.923447,269.028809,274.019226,223.129623
1699146869787520,53.000000,-0.527586,0.767918,0.363256,0.000160,-0.000460,-0.000300,-0.000620,-0.000450,0.000170,392.687531,613.677490,474.920624,583.015076,490.198273,397.037994
1699146870015680,148.000000,0.237139,0.485419,0.841506,-0.000440,-0.000710,-0.000370,-0.000260,0.000070,0.000340,513.585388,537.006592,820.770996,758.930115,492.914276,537.183777
1699146870104960,194.000000,0.716065,0.695239,0.062404,-0.000110,-0.000390,0.000290,-0.000280,0.000400,0.000680,728.884583,478.258392,714.569641,383.596741,720.622559,572.977600
1699146870214080,25.000000,0.543239,0.832771,0.106697,-0.000010,-0.000550,0.000270,-0.000400,0.000280,0.000680,134.792892,111.182785,138.193726,229.784515,256.479187,158.399475
1699146870273600,99.000000,-0.533222,0.763533,0.364268,0.000160,-0.000460,-0.000300,-0.000620,-0.000450,0.000160,406.431061,571.012939,604.222473,513.359741,466.017670,480.065491
1699146870541440,136.000000,0.246611,0.479217,0.842339,-0.000450,-0.000710,-0.000370,-0.000260,0.000080,0.000340,623.482361,527.715576,822.861450,762.564941,595.688782,474.836151
1699146870710080,197.000000,0.716065,0.695239,0.062404,-0.000110,-0.000390,0.000290,-0.000280,0.000400,0.000680,719.705444,508.262268,682.580261,528.334290,676.514404,689.477661
1699146870729920,110.000000,-0.533222,0.763533,0.364268,0.000160,-0.000460,-0.000300,-0.000620,-0.000450,0.000160,455.532104,651.681152,615.611816,539.567383,455.877380,517.012390
1699146871166400,208.000000,0.243474,0.474430,0.845953,-0.000450,-0.000700,-0.000370,-0.000260,0.000080,0.000330,801.130737,492.516785,784.082886,571.229248,738.032043,661.812683
1699146871325120,102.000000,-0.533222,0.763533,0.364268,0.000160,-0.000460,-0.000300,-0.000620,-0.000450,0.000160,140.416183,383.200195,366.095062,215.787216,118.852844,424.349365
1699146871672320,217.000000,0.245967,0.469777,0.847826,-0.000450,-0.000710,-0.000370,-0.000250,0.000080,0.000330,812.076172,515.374023,712.389526,648.628113,830.973389,793.703918
1699146871960000,74.000000,-0.537859,0.760938,0.362878,0.000160,-0.000460,-0.000300,-0.000620,-0.000460,0.000160,360.228638,502.631470,513.572510,402.416290,365.612061,450.651398
1699146872247680,140.000000,0.246649,0.468858,0.848137,-0.000450,-0.000700,-0.000370,-0.000250,0.000080,0.000330,547.881104,511.914856,607.399048,813.309143,828.607605,830.817261
1699146872465920,42.000000,-0.537859,0.760938,0.362878,0.000160,-0.000460,-0.000300,-0.000620,-0.000460,0.000160,432.240784,452.958923,444.751343,323.890137,324.629089,456.111938
1699146872723840,139.000000,0.249126,0.464201,0.849973,-0.000460,-0.000700,-0.000370,-0.000250,0.000080,0.000330,576.924683,513.893921,505.474121,713.104614,733.681824,755.581421
1699146872942080,38.000000,-0.537859,0.760938,0.362878,0.000160,-0.000460,-0.000300,-0.000620,-0.000460,0.000160,323.444946,332.385437,335.272583,252.426758,335.435364,362.022491
1699146873190080,234.000000,0.249126,0.464201,0.849973,-0.000460,-0.000700,-0.000370,-0.000250,0.000080,0.000330,755.126953,585.573181,520.715332,715.797607,772.861938,871.237610
1699146873398400,43.000000,0.503591,-0.815542,-0.285110,0.000160,0.000550,0.000750,0.003430,0.000740,-0.000030,328.144470,116.584999,98.140610,128.248520,104.372116,118.070290
1699146873696000,236.000000,0.247755,0.455530,0.855049,-0.000460,-0.000700,-0.000380,-0.000240,0.000080,0.000330,887.502991,714.132568,549.492615,652.000793,609.263184,879.848145
1699146873934080,64.000000,-0.537859,0.760938,0.362878,0.000160,-0.000460,-0.000300,-0.000620,-0.000460,0.000160,320.192902,256.824341,376.471436,203.936127,344.987549,267.630035
1699146874211840,186.000000,0.254720,0.453940,0.853848,-0.000460,-0.000700,-0.000380,-0.000240,0.000090,0.000330,820.868225,714.779663,661.094543,832.424683,581.384705,805.787659
1699146874410240,33.000000,-0.543446,0.756489,0.363855,0.000160,-0.000460,-0.000300,-0.000620,-0.000460,0.000150,339.229828,110.174721,252.859375,161.963913,248.291458,127.531334
1699146874816960,184.000000,0.254720,0.453940,0.853848,-0.000460,-0.000700,-0.000380,-0.000240,0.000090,0.000330,735.942993,768.630981,628.269470,859.398926,689.076233,621.350220
1699146875144320,66.000000,-0.543446,0.756489,0.363855,0.000160,-0.000460,-0.000300,-0.000620,-0.000460,0.000150,375.823822,244.891357,384.611206,234.297180,360.228821,238.824158
1699146875392320,35.000000,0.568141,0.821298,0.051824,-0.000020,-0.000420,0.000260,-0.000400,0.000290,0.000680,188.059753,248.042511,197.601547,188.694946,240.535797,250.842178
1699146875630400,43.000000,-0.551821,0.649276,0.523387,0.000160,-0.000460,-0.000300,-0.000180,-0.000390,0.000150,175.115387,207.810913,276.729065,146.671143,127.215149,273.220673
1699146875848640,49.000000,0.573003,0.817901,0.052021,-0.000020,-0.000420,0.000260,-0.000390,0.000290,0.000680,177.276016,243.851227,156.397598,149.916046,223.938599,207.525696
1699146876126400,35.000000,-0.547032,0.755794,0.359904,0.000160,-0.000450,-0.000300,-0.000620,-0.000460,0.000150,225.829132,184.165527,278.568115,249.802032,175.150757,193.901505
1699146876285120,34.000000,0.566061,0.823346,0.040937,0.000000,-0.000420,0.000260,-0.000390,0.000290,0.000680,171.789566,239.231232,157.491074,143.113739,230.390991,202.657562
1699146876612480,26.000000,-0.547032,0.755794,0.359904,0.000160,-0.000450,-0.000300,-0.000620,-0.000460,0.000150,328.027405,222.851135,297.478210,217.313660,256.652252,312.057953
1699146876721600,30.000000,0.285707,0.905732,-0.313083,0.000700,-0.000420,0.000260,-0.000390,0.000290,0.000680,113.302605,285.499847,158.839172,133.886215,259.618988,219.402924
1699146877098560,34.000000,-0.551558,0.753166,0.358502,0.000160,-0.000450,-0.000300,-0.000620,-0.000470,0.000150,323.977905,307.212402,343.328705,240.314865,255.688751,395.012817
1699146877158080,29.000000,0.576429,0.815118,0.057556,-0.000030,-0.000420,0.000260,-0.000390,0.000290,0.000680,190.540894,229.502884,168.426346,210.715652,334.547424,221.466751
1699146877574720,42.000000,-0.551558,0.753166,0.358502,0.000160,-0.000450,-0.000300,-0.000620,-0.000470,0.000150,292.879395,416.160675,390.901398,256.006897,209.987518,462.059967
1699146877644160,27.000000,0.576429,0.815118,0.057556,-0.000030,-0.000420,0.000260,-0.000390,0.000290,0.000680,183.022369,178.381638,264.652008,156.058990,191.320099,210.590027
1699146878328640,75.000000,-0.552629,0.751255,0.360856,0.000160,-0.000450,-0.000300,-0.000610,-0.000470,0.000150,502.044495,553.697327,505.184967,407.316895,324.230408,525.424133
1699146878824640,82.000000,-0.552629,0.751255,0.360856,0.000160,-0.000450,-0.000300,-0.000610,-0.000470,0.000150,413.732666,564.729858,395.025452,355.994690,421.777374,484.136780
1699146879390080,70.000000,-0.552629,0.751255,0.360856,0.000160,-0.000450,-0.000300,-0.000610,-0.000470,0.000150,443.506378,540.668823,320.203217,402.630280,500.613770,385.315643
1699146879578560,278.000000,0.268840,0.427567,0.863083,-0.000480,-0.000700,-0.000380,-0.000220,0.000100,0.000320,554.441895,719.134033,628.762634,511.436401,648.594360,641.253479
1699146879816640,38.000000,0.576429,0.815118,0.057556,-0.000030,-0.000420,0.000260,-0.000390,0.000290,0.000680,221.699585,128.434479,154.771027,181.701050,204.705505,146.540253
1699146879935680,41.000000,-0.560138,0.742823,0.366688,0.000160,-0.000450,-0.000310,-0.000610,-0.000470,0.000140,191.724991,254.487335,219.102005,151.809875,272.092651,141.466354
1699146880054720,191.000000,0.274227,0.417196,0.866456,-0.000490,-0.000700,-0.000380,-0.000210,0.000100,0.000320,467.026733,801.989441,753.081177,619.703857,665.351562,659.504089
1699146880332480,34.000000,0.576429,0.815118,0.057556,-0.000030,-0.000420,0.000260,-0.000390,0.000290,0.000680,165.720367,220.396576,164.791382,249.119232,259.838745,242.675400
1699146880431680,35.000000,-0.560138,0.742823,0.366688,0.000160,-0.000450,-0.000310,-0.000610,-0.000470,0.000140,187.399658,282.555664,196.590332,250.051208,269.628540,263.105835
1699146880550720,220.000000,0.715590,0.694014,0.079225,-0.000120,-0.000400,0.000280,-0.000280,0.000400,0.000680,709.812866,693.079712,763.612427,537.448914,676.390991,779.520020
1699146880600320,152.000000,0.274227,0.417196,0.866456,-0.000490,-0.000700,-0.000380,-0.000210,0.000100,0.000320,726.593445,844.845032,690.348450,842.855042,617.913086,493.369995
1699146881145920,200.000000,-0.152564,-0.986199,-0.064313,-0.000490,0.001830,-0.000380,0.003940,0.000100,-0.003880,629.768677,93.418137,457.211639,115.159958,441.842377,114.634155
1699146881155840,227.000000,0.715590,0.694014,0.079225,-0.000120,-0.000400,0.000280,-0.000280,0.000400,0.000680,727.881470,474.787109,789.411682,302.515259,619.295288,546.368469
1699146881304640,39.000000,0.576429,0.815118,0.057556,-0.000030,-0.000420,0.000260,-0.000390,0.000290,0.000680,189.020355,162.223282,268.995361,331.607605,301.810059,288.506531
1699146881413760,26.000000,-0.560138,0.742823,0.366688,0.000160,-0.000450,-0.000310,-0.000610,-0.000470,0.000140,195.137314,210.232269,264.935486,238.612244,282.801514,203.897583
1699146881632000,171.000000,0.277327,0.411333,0.868271,-0.000490,-0.000700,-0.000380,-0.000210,0.000110,0.000310,847.911011,700.272949,686.555664,597.775452,806.033875,728.022339
1699146881780800,330.000000,0.705412,0.703569,0.085936,-0.000120,-0.000400,0.000270,-0.000290,0.000390,0.000680,685.557617,592.823242,227.382629,329.498901,317.531403,272.189697
1699146882137920,194.000000,0.280427,0.405425,0.870052,-0.000490,-0.000700,-0.000380,-0.000200,0.000110,0.000310,791.115540,772.836182,694.612915,677.415100,886.239380,744.320435
1699146882336320,330.000000,0.715590,0.694014,0.079225,-0.000120,-0.000400,0.000280,-0.000280,0.000400,0.000680,758.343628,657.479736,749.070862,433.134460,555.461609,879.917908
1699146882356160,45.000000,-0.560138,0.742823,0.366688,0.000160,-0.000450,-0.000310,-0.000610,-0.000470,0.000140,167.071075,231.598495,256.952820,194.092590,235.956848,278.710693
1699146882653760,195.000000,0.282627,0.400913,0.871430,-0.000500,-0.000700,-0.000380,-0.000200,0.000110,0.000310,537.283569,733.290222,617.895386,867.087524,885.509277,796.895508
1699146882862080,346.000000,0.711024,0.698714,0.079012,-0.000120,-0.000400,0.000280,-0.000290,0.000400,0.000680,840.148560,574.374634,669.340881,566.003296,546.964722,846.506165
1699146883159680,254.000000,0.282627,0.400913,0.871430,-0.000500,-0.000700,-0.000380,-0.000200,0.000110,0.000310,628.862183,576.134033,605.554565,805.317993,719.012268,744.110474
1699146883229120,31.000000,0.399757,0.713273,0.575704,-0.000180,-0.000430,-0.000420,-0.000390,0.000290,0.000680,137.483032,139.691589,123.155991,212.202347,167.067123,142.463058
1699146883377920,288.000000,0.709163,0.700001,0.084178,-0.000120,-0.000410,0.000280,-0.000290,0.000400,0.000680,867.875854,437.659790,583.850586,476.309021,579.454895,797.410583
1699146883665600,58.000000,-0.562657,0.744020,0.360350,0.000170,-0.000450,-0.000310,-0.000610,-0.000470,0.000140,131.107697,157.812012,304.775574,166.274597,124.442017,187.068359
1699146883764800,65.000000,0.282627,0.400913,0.871430,-0.000500,-0.000700,-0.000380,-0.000200,0.000110,0.000310,505.865082,279.928375,270.099121,451.214539,366.148987,531.086914
1699146883903680,457.000000,0.715590,0.694014,0.079225,-0.000120,-0.000400,0.000280,-0.000280,0.000400,0.000680,867.431458,595.233765,678.375244,574.846680,657.586731,878.271851
1699146884151680,30.000000,0.582226,0.811084,0.056170,-0.000040,-0.000430,0.000280,-0.000390,0.000290,0.000680,190.912735,189.533463,129.732452,165.161911,161.153397,218.869614
1699146884171520,89.000000,-0.564550,0.740200,0.365222,0.000160,-0.000450,-0.000310,-0.000610,-0.000480,0.000140,287.276825,346.525391,500.520844,438.321960,288.406769,288.249054
1699146884260800,78.000000,0.288782,0.388979,0.874815,-0.000500,-0.000690,-0.000390,-0.000190,0.000120,0.000310,557.875854,336.531433,363.152222,388.961487,383.404572,589.513916
1699146884439360,274.000000,0.715590,0.694014,0.079225,-0.000120,-0.000400,0.000280,-0.000280,0.000400,0.000680,882.873657,502.370178,603.450806,492.918640,605.478577,816.295410
1699146884568320,92.000000,-0.570045,0.735533,0.366114,0.000160,-0.000450,-0.000310,-0.000610,-0.000480,0.000130,237.103668,329.319885,401.070312,442.506256,240.401337,253.377884
1699146884578240,34.000000,0.576338,0.813810,0.074488,-0.000040,-0.000430,0.000250,-0.000390,0.000290,0.000680,225.729889,210.748917,187.350327,241.926529,204.165894,222.315536
1699146884746880,74.000000,0.288782,0.388979,0.874815,-0.000500,-0.000690,-0.000390,-0.000190,0.000120,0.000310,489.657440,343.043365,419.105591,521.583008,448.495605,503.996796
1699146884965120,208.000000,0.715590,0.694014,0.079225,-0.000120,-0.000400,0.000280,-0.000280,0.000400,0.000680,743.112793,439.305969,491.766235,493.430359,558.553894,768.838501
1699146885014720,32.000000,-0.576163,0.735838,0.355779,0.000170,-0.000440,-0.000310,-0.000610,-0.000480,0.000130,94.064545,246.324326,284.900757,172.192917,164.508514,202.081558
1699146885232960,134.000000,0.288782,0.388979,0.874815,-0.000500,-0.000690,-0.000390,-0.000190,0.000120,0.000310,428.906311,494.770050,448.783234,664.201416,674.015076,681.761230
1699146885431360,37.000000,0.576338,0.813810,0.074488,-0.000040,-0.000430,0.000250,-0.000390,0.000290,0.000680,285.628723,323.823761,274.534241,254.634171,212.664001,303.682739
1699146885461120,161.000000,0.712274,0.696034,0.090570,-0.000120,-0.000410,0.000270,-0.000280,0.000400,0.000680,696.782959,510.207733,459.878998,423.927094,480.870117,731.781311
1699146885709120,172.000000,0.290911,0.384511,0.876083,-0.000510,-0.000690,-0.000390,-0.000190,0.000120,0.000310,626.777954,576.160217,537.429199,681.565674,806.481140,738.849060
1699146885778560,28.000000,-0.572525,0.736725,0.359794,0.000170,-0.000450,-0.000310,-0.000610,-0.000480,0.000130,163.780075,174.714188,303.394409,310.528656,209.381607,216.547028
1699146886016640,192.000000,0.713714,0.695333,0.084406,-0.000120,-0.000410,0.000280,-0.000280,0.000400,0.000680,622.198608,413.110138,430.637482,552.029053,604.180969,799.717712
1699146886205120,180.000000,0.290911,0.384511,0.876083,-0.000510,-0.000690,-0.000390,-0.000190,0.000120,0.000310,756.688721,674.168945,561.429932,533.227783,746.274536,736.993225
1699146886512640,291.000000,0.712274,0.696034,0.090570,-0.000120,-0.000410,0.000270,-0.000280,0.000400,0.000680,759.520203,582.036499,506.698944,551.031372,635.576355,830.604248
1699146886651520,166.000000,0.293964,0.378489,0.877685,-0.000510,-0.000690,-0.000390,-0.000180,0.000120,0.000310,784.170166,669.026001,510.389648,629.541748,550.227600,707.931702
1699146886671360,42.000000,0.581674,0.810063,0.073846,-0.000040,-0.000430,0.000250,-0.000390,0.000300,0.000680,176.533279,340.096924,261.305420,181.572998,207.922256,318.712067
1699146887008640,315.000000,0.712274,0.696034,0.090570,-0.000120,-0.000410,0.000270,-0.000280,0.000400,0.000680,722.671143,544.988953,510.425964,686.559326,703.052063,866.678833
1699146887078080,157.000000,0.305432,0.379588,0.873284,-0.000510,-0.000690,-0.000380,-0.000180,0.000130,0.000310,759.352905,757.401367,525.687134,775.181030,597.809509,666.399597
1699146887534400,192.000000,0.300727,0.376823,0.876110,-0.000510,-0.000690,-0.000390,-0.000180,0.000130,0.000310,697.864258,818.213623,530.078979,840.456299,804.404175,699.772644
1699146887593920,228.000000,0.712274,0.696034,0.090570,-0.000120,-0.000410,0.000270,-0.000280,0.000400,0.000680,700.828125,515.894043,490.812592,584.112976,652.906555,789.556274
1699146887941120,204.000000,0.305432,0.379588,0.873284,-0.000510,-0.000690,-0.000380,-0.000180,0.000130,0.000310,639.471069,864.505859,515.482422,769.658020,865.422791,646.106140
1699146888189120,200.000000,-0.682810,-0.484209,-0.547094,0.000000,0.005140,0.000280,-0.003530,0.000140,-0.004960,172.236404,99.439690,342.973328,117.013489,149.004440,117.603447
1699146888199040,127.000000,-0.491982,0.401030,0.772741,-0.000120,-0.000410,-0.000410,-0.000280,-0.000280,-0.000030,368.662964,466.138367,169.293884,619.542664,161.451019,218.044830
1699146888377600,222.000000,0.305793,0.366344,0.878796,-0.000520,-0.000690,-0.000390,-0.000170,0.000130,0.000310,591.402344,883.838928,543.682373,562.872437,853.257385,538.472656
1699146888506560,39.000000,0.589822,0.803598,0.079633,-0.000050,-0.000430,0.000250,-0.000380,0.000300,0.000680,261.589508,271.755676,271.521790,156.167480,270.808533,185.041199
1699146888704960,226.000000,0.712274,0.696034,0.090570,-0.000120,-0.000410,0.000270,-0.000280,0.000400,0.000680,640.469299,629.836548,615.545105,633.336182,656.397461,856.296753
1699146888804160,248.000000,0.310505,0.369069,0.876000,-0.000520,-0.000690,-0.000380,-0.000170,0.000130,0.000310,750.979004,877.219360,595.785583,724.336426,771.594421,550.238281
1699146889210880,292.000000,0.306822,0.364647,0.879143,-0.000520,-0.000690,-0.000380,-0.000170,0.000130,0.000300,629.821350,624.207397,349.107239,621.819153,514.350159,396.846802
1699146889349760,42.000000,-0.583449,0.727256,0.361504,0.000170,-0.000440,-0.000320,-0.000610,-0.000480,0.000120,248.399048,348.571808,203.568085,256.747681,210.532608,221.688553
1699146889687040,128.000000,0.313549,0.362956,0.877468,-0.000520,-0.000690,-0.000380,-0.000170,0.000140,0.000300,817.529297,827.822083,556.154846,835.772217,563.722229,524.842163
1699146889716800,147.000000,0.712274,0.696034,0.090570,-0.000120,-0.000410,0.000270,-0.000280,0.000400,0.000680,536.438538,496.206970,467.172974,790.660522,802.141907,859.235352
1699146890064000,100.000000,0.313549,0.362956,0.877468,-0.000520,-0.000690,-0.000380,-0.000170,0.000140,0.000300,603.732422,662.209106,475.262390,501.983154,635.395508,464.614594
1699146890202880,181.000000,0.714914,0.692597,0.095954,-0.000130,-0.000410,0.000270,-0.000280,0.000400,0.000680,509.286316,675.108826,678.522461,757.659668,738.600891,799.927307
1699146890490560,98.000000,0.316587,0.356806,0.878898,-0.000520,-0.000690,-0.000380,-0.000160,0.000140,0.000300,603.966248,643.690613,548.111206,451.650635,691.371338,545.707092
1699146890599680,44.000000,0.589822,0.803598,0.079633,-0.000050,-0.000430,0.000250,-0.000380,0.000300,0.000680,343.622101,312.389313,345.594238,314.413757,334.695679,410.233765
1699146890698880,170.000000,0.714914,0.692597,0.095954,-0.000130,-0.000410,0.000270,-0.000280,0.000400,0.000680,440.541931,668.099609,658.788635,742.168640,749.264832,803.606750
1699146890867520,94.000000,0.318516,0.352426,0.879968,-0.000530,-0.000690,-0.000380,-0.000160,0.000140,0.000300,429.951141,574.118286,440.578796,625.620117,633.690613,544.232910
1699146891184960,181.000000,-0.173099,-0.946273,-0.273136,-0.000130,0.004090,0.000270,0.004220,0.000400,-0.005270,420.565460,119.910225,606.710449,90.800095,383.379059,96.351921
1699146891194880,75.000000,0.216875,0.975936,0.022665,-0.000120,-0.000310,0.000390,-0.000280,-0.000130,0.000080,226.992981,289.099060,151.205429,596.419189,135.118286,136.458054
1699146891661120,196.000000,0.714914,0.692597,0.095954,-0.000130,-0.000410,0.000270,-0.000280,0.000400,0.000680,503.858459,637.569397,684.968445,774.602112,786.909912,804.631531
1699146891720640,37.000000,-0.587642,0.724614,0.360016,0.000170,-0.000440,-0.000320,-0.000610,-0.000490,0.000120,307.176208,296.139221,321.404053,269.239502,288.252930,289.305115
1699146892127360,185.000000,0.714914,0.692597,0.095954,-0.000130,-0.000410,0.000270,-0.000280,0.000400,0.000680,538.413208,600.735901,628.908142,791.320068,811.685486,811.365234
1699146892246400,30.000000,-0.591300,0.723627,0.355990,0.000170,-0.000430,-0.000320,-0.000610,-0.000490,0.000120,278.505066,224.219788,280.893860,238.991287,267.346710,243.442947
1699146892613440,151.000000,0.714914,0.692597,0.095954,-0.000130,-0.000410,0.000270,-0.000280,0.000400,0.000680,529.607910,595.070251,571.992188,781.412537,739.578430,750.033386
1699146893119360,150.000000,0.714914,0.692597,0.095954,-0.000130,-0.000410,0.000270,-0.000280,0.000400,0.000680,629.778931,579.178284,676.186584,819.269165,822.195435,825.735352
1699146893238400,35.000000,-0.598007,0.716546,0.359096,0.000170,-0.000430,-0.000320,-0.000600,-0.000490,0.000110,295.089447,279.887207,306.171082,202.061234,318.156006,216.344208
1699146893575680,198.000000,0.714914,0.692597,0.095954,-0.000130,-0.000410,0.000270,-0.000280,0.000400,0.000680,749.335327,690.860291,671.173950,887.601685,830.019165,781.153015
1699146894071680,267.000000,0.714914,0.692597,0.095954,-0.000130,-0.000410,0.000270,-0.000280,0.000400,0.000680,729.487427,650.131531,666.091064,784.649658,784.187256,792.833435
1699146894518080,267.000000,0.714914,0.692597,0.095954,-0.000130,-0.000410,0.000270,-0.000280,0.000400,0.000680,804.230652,722.713867,706.927429,799.640930,787.916077,801.218628
1699146895004160,31.000000,0.334158,0.332086,0.882075,-0.000540,-0.000680,-0.000380,-0.000140,0.000150,0.000300,405.490051,314.708344,224.249939,358.983978,266.130310,298.708954
1699146895024000,256.000000,0.714914,0.692597,0.095954,-0.000130,-0.000410,0.000270,-0.000280,0.000400,0.000680,855.465088,670.511414,747.225647,724.004150,781.583740,845.989014
1699146895172800,26.000000,-0.598007,0.716546,0.359096,0.000170,-0.000430,-0.000320,-0.000600,-0.000490,0.000110,214.339325,348.682373,277.892059,257.136230,207.618576,271.419525
1699146895371200,52.000000,0.340753,0.330369,0.880195,-0.000540,-0.000680,-0.000380,-0.000140,0.000160,0.000300,423.208618,442.788391,261.708313,440.080688,297.086426,314.699005
1699146895470400,215.000000,0.006116,-0.950763,-0.309859,-0.000130,0.002870,0.000270,0.003680,0.000400,-0.002220,436.883972,107.650848,784.006714,112.744141,382.729309,97.542511
1699146895480320,71.000000,-0.451307,0.148146,-0.879986,-0.000020,0.000440,0.000400,-0.000280,-0.000350,-0.000040,235.910980,176.376892,208.529404,457.882050,131.526260,162.226501
1699146895807680,44.000000,0.340753,0.330369,0.880195,-0.000540,-0.000680,-0.000380,-0.000140,0.000160,0.000300,372.293671,456.767517,351.271729,404.099731,459.385376,399.498505
1699146895906880,177.000000,0.714914,0.692597,0.095954,-0.000130,-0.000410,0.000270,-0.000280,0.000400,0.000680,844.301880,743.852661,831.717773,649.266479,739.828186,868.650818
1699146896006080,40.000000,0.589480,0.802002,0.096465,-0.000060,-0.000440,0.000240,-0.000380,0.000300,0.000680,315.473236,226.112320,221.104187,311.772583,263.453247,353.078918
1699146896244160,45.000000,0.340753,0.330369,0.880195,-0.000540,-0.000680,-0.000380,-0.000140,0.000160,0.000300,409.886658,488.442139,374.842010,430.894897,581.444397,399.410156
1699146896254080,29.000000,-0.602095,0.713876,0.357578,0.000170,-0.000430,-0.000320,-0.000600,-0.000500,0.000110,227.284515,337.814880,307.346008,210.041199,175.668915,295.469147
1699146896343360,225.000000,0.719457,0.687841,0.096211,-0.000130,-0.000410,0.000270,-0.000270,0.000400,0.000680,735.465576,693.299622,784.157288,507.236694,613.192932,870.675598
1699146896462400,45.000000,0.589480,0.802002,0.096465,-0.000060,-0.000440,0.000240,-0.000380,0.000300,0.000680,401.569946,370.739655,282.303955,308.743683,275.874573,369.654541
1699146896760000,169.000000,0.719457,0.687841,0.096211,-0.000130,-0.000410,0.000270,-0.000270,0.000400,0.000680,766.731445,700.107544,784.760864,589.561401,611.778625,851.643250
1699146896779840,43.000000,-0.602095,0.713876,0.357578,0.000170,-0.000430,-0.000320,-0.000600,-0.000500,0.000110,136.923187,453.658325,339.760193,165.446686,175.839600,376.151611
1699146896888960,40.000000,0.340753,0.330369,0.880195,-0.000540,-0.000680,-0.000380,-0.000140,0.000160,0.000300,270.203979,390.881958,370.007324,247.244308,340.268463,362.718323
1699146897196480,91.000000,0.723481,0.683722,0.095393,-0.000130,-0.000410,0.000270,-0.000270,0.000410,0.000680,566.470337,592.667480,664.488525,607.752197,516.660339,729.500977
1699146897325440,43.000000,-0.604452,0.715038,0.351224,0.000180,-0.000430,-0.000320,-0.000600,-0.000500,0.000110,231.777252,196.656372,255.560913,159.754654,179.057373,190.995956
1699146897355200,70.000000,0.343731,0.324085,0.881373,-0.000540,-0.000680,-0.000380,-0.000130,0.000160,0.000300,245.498291,429.064880,371.849976,265.979034,305.414062,396.086121
1699146897632960,158.000000,0.723481,0.683722,0.095393,-0.000130,-0.000410,0.000270,-0.000270,0.000410,0.000680,441.074280,655.241089,679.417603,636.564453,523.152283,703.897949
1699146897821440,34.000000,-0.604452,0.715038,0.351224,0.000180,-0.000430,-0.000320,-0.000600,-0.000500,0.000110,251.862061,289.342529,215.552246,217.108749,246.543579,249.420410
1699146897831360,42.000000,0.346847,0.330981,0.877581,-0.000520,-0.000680,-0.000380,-0.000130,0.000170,0.000300,238.554764,413.559937,378.773499,364.716003,237.368408,481.653992
1699146898069440,133.000000,0.723481,0.683722,0.095393,-0.000130,-0.000410,0.000270,-0.000270,0.000410,0.000680,531.073975,668.996460,815.693970,745.448975,635.817017,831.106873
1699146898307520,68.000000,0.351959,0.318103,0.880304,-0.000550,-0.000680,-0.000380,-0.000130,0.000170,0.000300,266.955139,427.913910,413.036926,363.978912,347.422821,506.688232
1699146898505920,184.000000,0.723081,0.681428,0.113178,-0.000140,-0.000410,0.000250,-0.000270,0.000410,0.000680,546.074829,697.734375,256.096710,767.666260,267.046997,272.778961
1699146898823360,61.000000,0.351959,0.318103,0.880304,-0.000550,-0.000680,-0.000380,-0.000130,0.000170,0.000300,398.101654,492.653961,465.388428,515.324341,555.577881,576.858948
1699146898932480,169.000000,0.576715,0.201609,0.791678,-0.005310,-0.001830,0.000270,-0.000450,-0.000440,0.002100,125.523224,110.466759,538.990234,103.694427,117.571350,105.727432
1699146898942400,128.000000,-0.584006,0.309801,0.750307,-0.000140,-0.000410,-0.000440,-0.000270,-0.000380,-0.000100,330.703278,383.875854,157.901016,809.544312,160.009628,194.548279
1699146899001920,67.000000,-0.613507,0.708948,0.347853,0.000180,-0.000420,-0.000320,-0.000600,-0.000500,0.000100,438.161682,265.980652,439.054993,344.386963,415.638733,318.583679
1699146899299520,87.000000,0.351959,0.318103,0.880304,-0.000550,-0.000680,-0.000380,-0.000130,0.000170,0.000300,417.856384,448.310425,377.287018,579.202026,526.414795,520.323059
1699146899349120,222.000000,0.726029,0.680244,0.100746,-0.000140,-0.000410,0.000270,-0.000270,0.000410,0.000680,711.693054,722.099731,829.789612,834.446228,811.588806,802.615417
1699146899527680,55.000000,-0.613507,0.708948,0.347853,0.000180,-0.000420,-0.000320,-0.000600,-0.000500,0.000100,475.959473,354.874847,420.996460,452.002563,461.368195,466.585510
1699146899795520,83.000000,0.356789,0.320620,0.877442,-0.000550,-0.000680,-0.000370,-0.000130,0.000170,0.000300,521.035400,447.500916,307.392090,566.851868,490.681366,485.137878
1699146900122880,40.000000,-0.613507,0.708948,0.347853,0.000180,-0.000420,-0.000320,-0.000600,-0.000500,0.000100,466.942657,380.826660,402.074402,416.325684,397.763733,477.347412
1699146900261760,71.000000,0.356789,0.320620,0.877442,-0.000550,-0.000680,-0.000370,-0.000130,0.000170,0.000300,471.079254,441.605133,373.422516,554.830261,337.031921,388.766174
1699146900728000,83.000000,0.366733,0.323401,0.872306,-0.000550,-0.000680,-0.000370,-0.000130,0.000180,0.000310,488.637756,465.199158,565.042847,545.097351,456.037476,273.589691
1699146901224000,45.000000,0.366733,0.323401,0.872306,-0.000550,-0.000680,-0.000370,-0.000130,0.000180,0.000310,413.409088,294.752869,478.402924,447.353668,436.097382,296.196350
1699146901700160,85.000000,0.366733,0.323401,0.872306,-0.000550,-0.000680,-0.000370,-0.000130,0.000180,0.000310,491.842926,294.693909,528.674927,381.682312,525.367920,330.314117
1699146902156480,93.000000,0.368109,0.321374,0.872476,-0.000550,-0.000670,-0.000370,-0.000130,0.000180,0.000310,555.850220,315.833069,499.104736,329.085815,543.068237,469.368378
1699146902404480,51.000000,0.602698,0.791479,0.101567,-0.000070,-0.000440,0.000240,-0.000370,0.000310,0.000680,386.226288,436.799316,416.369293,416.806549,470.872192,443.642365
1699146902612800,53.000000,0.366733,0.323401,0.872306,-0.000550,-0.000680,-0.000370,-0.000130,0.000180,0.000310,519.167480,306.291290,488.995331,406.199768,504.669312,490.763428
1699146902622720,228.000000,0.730510,0.675391,0.101005,-0.000140,-0.000410,0.000270,-0.000260,0.000410,0.000680,764.989197,593.951477,809.408813,558.447266,692.506775,696.152710
1699146902821120,59.000000,0.602698,0.791479,0.101567,-0.000070,-0.000440,0.000240,-0.000370,0.000310,0.000680,403.114532,381.606934,352.564545,364.013916,354.075500,367.994537
1699146903049280,93.000000,0.368109,0.321374,0.872476,-0.000550,-0.000670,-0.000370,-0.000130,0.000180,0.000310,491.565308,279.584961,314.916321,272.921326,389.499359,510.457916
1699146903079040,145.000000,0.730510,0.675391,0.101005,-0.000140,-0.000410,0.000270,-0.000260,0.000410,0.000680,730.364075,554.280151,812.236023,667.595093,643.841797,658.940552
1699146903525440,202.000000,0.730510,0.675391,0.101005,-0.000140,-0.000410,0.000270,-0.000260,0.000410,0.000680,649.921875,547.021362,772.529297,626.680969,547.644775,665.853638
1699146903545280,36.000000,0.382378,0.315733,0.868389,-0.000550,-0.000670,-0.000360,-0.000120,0.000190,0.000310,415.075867,247.973434,286.892578,263.660950,291.346436,427.530334
1699146903952000,195.000000,0.730510,0.675391,0.101005,-0.000140,-0.000410,0.000270,-0.000260,0.000410,0.000680,631.063293,542.249817,783.066101,783.335327,517.710815,714.188477
1699146903981760,35.000000,0.389582,0.294858,0.872516,-0.000600,-0.000670,-0.000360,-0.000120,0.000190,0.000310,173.143158,157.319824,175.124802,205.299469,249.964478,247.318970
1699146904378560,163.000000,0.734408,0.671277,0.100160,-0.000140,-0.000410,0.000270,-0.000260,0.000420,0.000680,593.131592,511.509460,806.339905,824.418884,505.786377,681.469910
1699146904418240,39.000000,0.382378,0.315733,0.868389,-0.000550,-0.000670,-0.000360,-0.000120,0.000190,0.000310,296.482788,184.806976,255.796921,204.431381,263.858734,255.915237
1699146904795200,183.000000,0.661690,0.741719,0.109632,-0.000140,-0.000400,0.000270,-0.000260,0.000250,0.000680,617.675049,564.113098,281.337952,848.073181,193.880096,206.402771
1699146904834880,48.000000,0.382378,0.315733,0.868389,-0.000550,-0.000670,-0.000360,-0.000120,0.000190,0.000310,396.505676,255.716660,434.260315,340.895752,434.380615,370.888641
1699146905201920,117.000000,0.736369,0.669870,0.095057,-0.000140,-0.000400,0.000270,-0.000260,0.000420,0.000680,531.767456,574.450195,807.430664,840.444946,600.889526,556.179626
1699146905320960,51.000000,0.382378,0.315733,0.868389,-0.000550,-0.000670,-0.000360,-0.000120,0.000190,0.000310,384.255951,268.466919,372.843475,280.757935,358.464539,282.899078
1699146905598720,192.000000,0.738844,0.666354,0.100409,-0.000150,-0.000400,0.000270,-0.000260,0.000420,0.000680,583.217285,570.678711,796.019470,858.268860,763.941772,686.261353
1699146905717760,55.000000,0.385786,0.320274,0.865213,-0.000550,-0.000670,-0.000360,-0.000120,0.000190,0.000320,396.823761,388.599976,348.335327,386.853638,402.403351,254.217484
1699146905926080,65.000000,0.602698,0.791479,0.101567,-0.000070,-0.000440,0.000240,-0.000370,0.000310,0.000680,196.148880,363.442871,286.619354,239.733902,251.830246,288.534729
1699146906005440,221.000000,0.738844,0.666354,0.100409,-0.000150,-0.000400,0.000270,-0.000260,0.000420,0.000680,699.230042,536.784058,795.126526,815.911316,822.819031,673.579346
1699146906531200,158.000000,0.738844,0.666354,0.100409,-0.000150,-0.000400,0.000270,-0.000260,0.000420,0.000680,622.506104,611.277832,684.093567,652.481812,757.356140,544.569885
1699146907076800,134.000000,0.738844,0.666354,0.100409,-0.000150,-0.000400,0.000270,-0.000260,0.000420,0.000680,652.373474,487.075317,668.193420,659.733521,790.914734,597.358582
1699146907652160,37.000000,-0.867896,-0.340617,0.361574,-0.002540,0.000080,0.000270,0.000370,-0.005200,-0.001980,116.211426,95.154556,249.895615,111.942863,113.998779,105.385124
1699146907662080,151.000000,-0.612864,0.210129,0.761737,-0.000150,-0.000400,-0.000550,-0.000250,-0.000400,-0.000150,588.699585,496.214264,212.235916,424.709656,162.448502,132.457611
1699146908177920,185.000000,0.743900,0.660497,0.101763,-0.000150,-0.000400,0.000270,-0.000250,0.000420,0.000670,808.626343,609.198059,732.119263,519.915527,789.621033,430.843628
1699146908673920,93.000000,0.743271,0.661376,0.100654,-0.000150,-0.000400,0.000270,-0.000250,0.000420,0.000680,711.329224,571.719116,540.151184,556.805725,585.708069,595.932129
1699146909130240,153.000000,0.743900,0.660497,0.101763,-0.000150,-0.000400,0.000270,-0.000250,0.000420,0.000670,807.818665,712.253662,642.257507,743.273193,619.406372,401.105438
1699146909665920,149.000000,0.743900,0.660497,0.101763,-0.000150,-0.000400,0.000270,-0.000250,0.000420,0.000670,781.218506,727.507385,739.912659,786.969116,628.455750,531.423950
1699146910122240,213.000000,0.743900,0.660497,0.101763,-0.000150,-0.000400,0.000270,-0.000250,0.000420,0.000670,801.766418,747.911133,757.637878,850.795776,608.945129,483.434082
1699146910558720,161.000000,0.743900,0.660497,0.101763,-0.000150,-0.000400,0.000270,-0.000250,0.000420,0.000670,834.614380,840.775879,653.134338,875.526733,485.192627,517.469849
1699146910995200,133.000000,0.747037,0.657249,0.099799,-0.000150,-0.000400,0.000270,-0.000250,0.000430,0.000680,654.186096,734.819519,624.429993,766.680176,634.558777,523.786499
1699146911441600,190.000000,0.747686,0.656342,0.100896,-0.000150,-0.000400,0.000270,-0.000250,0.000430,0.000670,605.255737,712.326660,619.235229,706.408081,528.206604,471.194153
1699146911957440,123.000000,0.634345,0.725042,0.268179,-0.000150,-0.000400,0.000110,-0.000250,0.000260,0.000510,524.638428,750.824951,246.228378,677.592041,266.052856,267.158386
1699146912483200,191.000000,0.747686,0.656342,0.100896,-0.000150,-0.000400,0.000270,-0.000250,0.000430,0.000670,396.730286,788.092834,582.935608,493.169006,733.114502,520.953979
1699146912969280,166.000000,0.750075,0.652762,0.106248,-0.000160,-0.000400,0.000270,-0.000250,0.000430,0.000670,418.866272,821.197510,519.595337,436.950653,784.470703,491.421844
1699146913504960,171.000000,0.754456,0.647653,0.106496,-0.000160,-0.000400,0.000270,-0.000240,0.000430,0.000670,518.119141,751.754639,518.035034,550.509033,747.427246,527.156250
1699146914080320,130.000000,0.754456,0.647653,0.106496,-0.000160,-0.000400,0.000270,-0.000240,0.000430,0.000670,617.344360,788.250977,484.016571,618.768311,707.246338,496.456451
1699146914625920,141.000000,0.754456,0.647653,0.106496,-0.000160,-0.000400,0.000270,-0.000240,0.000430,0.000670,672.984375,769.216125,459.945862,668.458008,600.768799,466.217682
1699146914903680,46.000000,0.628544,0.769716,0.111667,-0.000090,-0.000440,0.000240,-0.000350,0.000330,0.000680,218.461182,230.916046,199.339645,300.770294,187.889587,240.330566
1699146915250880,80.000000,0.754456,0.647653,0.106496,-0.000160,-0.000400,0.000270,-0.000240,0.000430,0.000670,679.799805,727.153687,400.166260,680.198547,515.292542,498.088409
1699146915419520,25.000000,-0.407762,-0.082971,0.909311,-0.000090,-0.000350,-0.001720,-0.000350,0.000330,-0.000340,284.726349,105.408905,134.259232,129.381256,223.901566,95.824890
1699146915846080,148.000000,0.754456,0.647653,0.106496,-0.000160,-0.000400,0.000270,-0.000240,0.000430,0.000670,666.942627,702.013184,409.441956,686.581909,484.892700,572.372925
1699146915935360,43.000000,0.628544,0.769716,0.111667,-0.000090,-0.000440,0.000240,-0.000350,0.000330,0.000680,278.490875,252.747726,179.231415,345.864136,325.100983,294.212555
1699146916371840,155.000000,0.754456,0.647653,0.106496,-0.000160,-0.000400,0.000270,-0.000240,0.000430,0.000670,720.129272,695.358887,513.890747,719.376282,549.118225,739.068970
1699146916857920,102.000000,0.759412,0.642972,0.099402,-0.000160,-0.000400,0.000280,-0.000240,0.000440,0.000670,747.022095,629.822510,495.025177,577.764832,634.796448,602.710571
1699146917572160,160.000000,0.759412,0.642972,0.099402,-0.000160,-0.000400,0.000280,-0.000240,0.000440,0.000670,759.034546,748.045288,508.060944,553.335938,725.982483,689.982788
1699146918127680,169.000000,0.762443,0.638340,0.105840,-0.000160,-0.000400,0.000270,-0.000230,0.000440,0.000670,702.755981,778.037659,508.885498,485.508209,749.776733,750.693848
1699146918613760,124.000000,0.789493,0.604468,0.106390,-0.000160,-0.000400,0.000280,-0.000180,0.000440,0.000620,646.095703,342.338074,488.312622,422.333832,773.297424,454.237549
1699146919149440,211.000000,0.763725,0.637808,0.099624,-0.000160,-0.000400,0.000280,-0.000230,0.000440,0.000670,524.737549,657.854248,505.481201,750.785645,839.703430,795.361877
1699146919337920,38.000000,0.631531,0.766459,0.117086,-0.000100,-0.000440,0.000240,-0.000350,0.000330,0.000680,260.949585,225.447708,221.570267,162.019882,233.848984,244.620895
1699146919605760,196.000000,0.283978,0.945239,0.160873,-0.000170,-0.002170,0.000280,-0.003680,0.000440,0.004120,377.932037,115.729050,493.891235,116.894287,734.853699,130.808914
1699146919615680,37.000000,-0.504290,0.670758,-0.543852,0.000030,-0.000130,0.000420,-0.000230,-0.000260,-0.000160,143.746155,120.636703,153.972427,365.195648,184.395447,271.813507
1699146919625600,37.000000,0.458419,0.332065,0.824369,-0.000550,-0.000660,-0.000310,-0.000110,0.000240,0.000360,284.672607,274.498779,254.887329,282.705322,224.387390,143.872833
1699146919853760,33.000000,0.641149,0.758498,0.116655,-0.000100,-0.000440,0.000240,-0.000340,0.000340,0.000680,278.112366,268.834930,231.455658,216.433044,205.593933,296.188385
1699146920200960,131.000000,0.764711,0.634712,0.111164,-0.000170,-0.000400,0.000270,-0.000230,0.000440,0.000670,652.737915,679.570312,503.781342,844.771851,790.381409,781.436646
1699146920647360,126.000000,0.764711,0.634712,0.111164,-0.000170,-0.000400,0.000270,-0.000230,0.000440,0.000670,614.808960,587.575684,442.340912,749.847168,654.116577,744.669006
1699146920835840,48.000000,0.469203,0.332360,0.818160,-0.000550,-0.000660,-0.000300,-0.000110,0.000250,0.000360,346.886200,336.364471,254.230713,316.480316,212.126297,270.463837
1699146921073920,37.000000,-0.664143,0.672040,0.327532,0.000200,-0.000390,-0.000330,-0.000590,-0.000530,0.000060,289.254974,340.103271,300.572632,335.646027,224.694962,265.827789
1699146921202880,86.000000,0.764711,0.634712,0.111164,-0.000170,-0.000400,0.000270,-0.000230,0.000440,0.000670,633.099976,479.430023,412.307465,658.312866,610.159729,705.330994
1699146921609600,20.000000,0.639244,0.759119,0.122907,-0.000100,-0.000440,0.000230,-0.000340,0.000340,0.000680,266.107178,234.582382,213.175003,248.628983,233.466293,278.433289
1699146921619520,81.000000,-0.059673,0.851639,0.520721,0.000200,-0.000660,-0.000290,-0.000590,0.000260,0.000050,181.220123,177.770752,204.307343,221.681030,141.115204,161.336807
1699146921808000,76.000000,0.769511,0.630100,0.104053,-0.000170,-0.000400,0.000280,-0.000230,0.000450,0.000670,616.343872,391.867249,414.911652,406.418915,363.461182,640.566162
1699146922135360,53.000000,-0.672618,0.664012,0.326607,0.000200,-0.000390,-0.000330,-0.000590,-0.000540,0.000050,372.378143,370.741669,267.808716,392.035553,315.875183,293.408203
1699146922373440,105.000000,-0.747983,-0.083581,0.658434,-0.000170,-0.000390,-0.000580,-0.000220,-0.000490,-0.000590,455.642639,265.664124,124.448265,391.337830,103.434708,108.201744
1699146922631360,47.000000,-0.672618,0.664012,0.326607,0.000200,-0.000390,-0.000330,-0.000590,-0.000540,0.000050,428.993286,432.174683,257.713013,466.948364,352.959045,339.532135
1699146922899200,100.000000,0.764711,0.634712,0.111164,-0.000170,-0.000400,0.000270,-0.000230,0.000440,0.000670,467.582397,503.511597,452.239563,301.700592,295.517212,570.238342
1699146923147200,57.000000,-0.672618,0.664012,0.326607,0.000200,-0.000390,-0.000330,-0.000590,-0.000540,0.000050,344.771057,277.988831,220.064438,387.536560,320.465820,330.714050
1699146923226560,48.000000,0.497329,0.360096,0.789300,-0.000550,-0.000650,-0.000280,-0.000130,0.000270,0.000400,328.025940,300.412811,287.578674,187.474121,339.582642,242.194290
1699146923405120,64.000000,0.775764,0.623181,0.099178,-0.000170,-0.000390,0.000280,-0.000220,0.000450,0.000670,408.162781,317.939545,270.921082,518.906738,501.964569,548.939148
1699146923901120,71.000000,0.772492,0.625340,0.110478,-0.000170,-0.000400,0.000270,-0.000220,0.000450,0.000670,505.512268,322.409790,387.213776,430.854980,385.037048,465.850708
1699146924030080,40.000000,0.511570,0.333024,0.792080,-0.000550,-0.000650,-0.000270,-0.000100,0.000280,0.000380,250.006836,295.840759,268.083984,245.008789,164.936798,328.837067
1699146924377280,59.000000,0.772492,0.625340,0.110478,-0.000170,-0.000400,0.000270,-0.000220,0.000450,0.000670,320.198853,340.168732,410.848999,622.276245,594.429260,601.276489
1699146924833600,45.000000,0.518949,0.339420,0.784529,-0.000550,-0.000650,-0.000260,-0.000100,0.000280,0.000390,198.655609,371.941284,268.976959,262.673157,235.986343,232.263245
1699146924853440,77.000000,0.774661,0.621691,0.115761,-0.000180,-0.000400,0.000270,-0.000220,0.000450,0.000670,408.044830,376.534424,433.303619,522.808838,501.344360,532.548096
1699146925488320,127.000000,0.774661,0.621691,0.115761,-0.000180,-0.000400,0.000270,-0.000220,0.000450,0.000670,567.779419,401.382782,574.315247,679.680298,658.356018,668.071899
1699146926043840,148.000000,0.774661,0.621691,0.115761,-0.000180,-0.000400,0.000270,-0.000220,0.000450,0.000670,679.533203,551.466675,651.651184,681.817993,674.537170,655.068604
1699146926629120,121.000000,0.774661,0.621691,0.115761,-0.000180,-0.000400,0.000270,-0.000220,0.000450,0.000670,733.214111,490.256653,636.430420,504.559631,643.209595,646.603088
1699146926777920,38.000000,-0.682595,0.653226,0.327659,0.000200,-0.000380,-0.000340,-0.000590,-0.000540,0.000040,263.857056,325.036804,320.516479,230.926941,348.903503,252.653610
1699146927224320,106.000000,0.774661,0.621691,0.115761,-0.000180,-0.000400,0.000270,-0.000220,0.000450,0.000670,686.254944,470.203705,651.854736,355.769287,588.906616,597.000610
1699146927264000,81.000000,-0.684288,0.650426,0.329691,0.000200,-0.000380,-0.000340,-0.000580,-0.000540,0.000040,483.299713,528.893860,575.185303,355.591187,511.800690,528.063843
1699146927561600,33.000000,0.543475,0.345840,0.764872,-0.000540,-0.000640,-0.000240,-0.000100,0.000300,0.000400,246.160568,356.465515,333.763184,277.445465,222.551361,241.600647
1699146927819520,127.000000,-0.684288,0.650426,0.329691,0.000200,-0.000380,-0.000340,-0.000580,-0.000540,0.000040,479.658752,559.456177,565.847717,421.845337,530.453369,584.851685
1699146928077440,26.000000,0.653529,0.747071,0.121596,-0.000110,-0.000440,0.000240,-0.000330,0.000350,0.000680,247.160400,245.332657,255.455383,248.359650,224.205719,288.986755
1699146928305600,79.000000,-0.684288,0.650426,0.329691,0.000200,-0.000380,-0.000340,-0.000580,-0.000540,0.000040,432.219452,520.150757,524.405884,353.058411,422.476410,545.261719
1699146928583360,36.000000,0.651659,0.747660,0.127853,-0.000110,-0.000440,0.000230,-0.000330,0.000350,0.000680,318.460510,222.298569,212.891830,286.474213,262.331818,283.087830
1699146928771840,77.000000,-0.684288,0.650426,0.329691,0.000200,-0.000380,-0.000340,-0.000580,-0.000540,0.000040,411.065094,562.581665,560.495361,392.620483,341.462463,575.611389
1699146929248000,83.000000,-0.684288,0.650426,0.329691,0.000200,-0.000380,-0.000340,-0.000580,-0.000540,0.000040,526.558472,617.385742,579.514038,503.733978,443.968628,603.480652
1699146929664640,80.000000,-0.687533,0.647773,0.328159,0.000200,-0.000380,-0.000340,-0.000580,-0.000550,0.000040,459.762909,574.304077,497.892273,478.861450,340.646210,493.105530
1699146930269760,68.000000,-0.687533,0.647773,0.328159,0.000200,-0.000380,-0.000340,-0.000580,-0.000550,0.000040,431.887573,461.703583,364.455231,438.841095,259.764832,405.395172
1699146930567360,33.000000,0.573464,0.345232,0.742936,-0.000540,-0.000630,-0.000220,-0.000090,0.000320,0.000420,247.853363,231.216446,179.660736,252.913406,203.844391,208.149994
1699146930745920,100.000000,-0.687533,0.647773,0.328159,0.000200,-0.000380,-0.000340,-0.000580,-0.000550,0.000040,544.953674,621.341492,494.126831,561.909729,395.483215,441.813904
1699146931152640,93.000000,-0.687533,0.647773,0.328159,0.000200,-0.000380,-0.000340,-0.000580,-0.000550,0.000040,510.499298,614.519775,482.160797,560.939941,430.630127,417.833252
1699146931519680,85.000000,-0.687533,0.647773,0.328159,0.000200,-0.000380,-0.000340,-0.000580,-0.000550,0.000040,550.700500,580.542664,367.275269,561.355591,433.069519,403.273956
1699146931658560,47.000000,0.583229,0.344925,0.735439,-0.000540,-0.000630,-0.000210,-0.000090,0.000330,0.000420,230.540009,226.720428,267.982269,275.429321,250.485504,228.347687
1699146932362880,50.000000,0.602773,0.339848,0.721920,-0.000540,-0.000630,-0.000200,-0.000090,0.000360,0.000420,303.495697,174.818695,282.129486,230.042465,228.693817,289.863922
1699146932710080,52.000000,0.595433,0.342516,0.726734,-0.000540,-0.000620,-0.000200,-0.000090,0.000340,0.000420,289.630981,245.506943,260.809509,197.518143,244.434677,206.296417
1699146933067200,51.000000,0.598412,0.336075,0.727294,-0.000540,-0.000620,-0.000200,-0.000080,0.000340,0.000420,286.395447,288.278931,286.312378,203.588257,279.114502,200.765060
1699146933553280,184.000000,0.789988,0.598459,0.133288,-0.000200,-0.000400,0.000260,-0.000200,0.000460,0.000660,625.110107,645.995850,426.570007,693.786804,602.409973,545.580750
1699146934029440,82.000000,0.789988,0.598459,0.133288,-0.000200,-0.000400,0.000260,-0.000200,0.000460,0.000660,653.515259,672.446045,501.953033,670.371704,521.118958,613.812927
1699146934277440,121.000000,-0.693612,0.638522,0.333454,0.000200,-0.000380,-0.000350,-0.000580,-0.000550,0.000030,421.322113,528.535645,477.758606,469.627777,414.679596,515.769348
1699146934604800,75.000000,0.789988,0.598459,0.133288,-0.000200,-0.000400,0.000260,-0.000200,0.000460,0.000660,598.496460,641.296631,578.394653,612.913574,505.349335,620.405701
1699146934704000,123.000000,-0.693612,0.638522,0.333454,0.000200,-0.000380,-0.000350,-0.000580,-0.000550,0.000030,579.770264,638.646851,615.943115,572.993286,545.631592,595.791260
1699146935160320,62.000000,-0.695318,0.635593,0.335491,0.000200,-0.000380,-0.000350,-0.000570,-0.000550,0.000030,494.982452,142.071350,214.592712,151.641296,194.907104,227.458282
1699146935170240,58.000000,0.793238,0.594379,0.132234,-0.000200,-0.000400,0.000260,-0.000200,0.000470,0.000660,428.104279,493.908508,403.124481,349.311768,366.674866,405.579742
1699146935626560,55.000000,-0.693612,0.638522,0.333454,0.000200,-0.000380,-0.000350,-0.000580,-0.000550,0.000030,453.646057,619.490356,558.219482,380.360107,527.896606,483.547943
1699146935745600,75.000000,0.793238,0.594379,0.132234,-0.000200,-0.000400,0.000260,-0.000200,0.000470,0.000660,390.170532,638.175781,577.863220,393.219879,357.751434,595.164368
1699146936142400,53.000000,-0.693612,0.638522,0.333454,0.000200,-0.000380,-0.000350,-0.000580,-0.000550,0.000030,384.726166,457.263824,433.721069,326.026154,425.556946,422.300995
1699146936172160,35.000000,0.621285,0.361608,0.695158,-0.000540,-0.000610,-0.000180,-0.000100,0.000360,0.000460,230.918320,241.171692,206.345993,169.219757,321.078186,168.994873
1699146936291200,41.000000,0.799195,0.585090,0.137689,-0.000210,-0.000400,0.000260,-0.000190,0.000470,0.000660,361.238586,496.021301,522.114746,326.746796,417.975861,464.815094
1699146936807040,56.000000,0.799195,0.585090,0.137689,-0.000210,-0.000400,0.000260,-0.000190,0.000470,0.000660,429.303833,584.440430,526.351196,447.884521,423.115906,581.689453
1699146936886400,52.000000,-0.693612,0.638522,0.333454,0.000200,-0.000380,-0.000350,-0.000580,-0.000550,0.000030,210.187103,440.595428,369.258667,231.960266,278.525696,373.642639
1699146937303040,121.000000,-0.908075,0.066134,0.413554,-0.000210,-0.001430,0.000260,-0.002840,0.000470,-0.004110,206.226318,135.945160,634.986145,102.456665,217.033600,126.723633
1699146937362560,91.000000,-0.693612,0.638522,0.333454,0.000200,-0.000380,-0.000350,-0.000580,-0.000550,0.000030,274.312347,460.135071,367.380951,272.595886,453.631165,328.406799
1699146937779200,99.000000,0.799195,0.585090,0.137689,-0.000210,-0.000400,0.000260,-0.000190,0.000470,0.000660,667.069214,676.828430,666.328125,669.631226,638.514771,704.721436
1699146938126400,74.000000,-0.695318,0.635593,0.335491,0.000200,-0.000380,-0.000350,-0.000570,-0.000550,0.000030,282.840393,435.161499,321.402588,269.743561,496.557037,327.449127
1699146938235520,86.000000,0.799195,0.585090,0.137689,-0.000210,-0.000400,0.000260,-0.000190,0.000470,0.000660,541.027222,584.441162,562.101440,567.303162,560.172607,599.688416
1699146938662080,78.000000,-0.699218,0.625001,0.347086,0.000190,-0.000380,-0.000360,-0.000570,-0.000550,0.000020,395.159058,582.150757,395.994263,406.055542,543.605896,393.442230
1699146938711680,42.000000,0.647475,0.331343,0.686286,-0.000540,-0.000600,-0.000160,-0.000070,0.000380,0.000440,253.048569,255.992676,243.857147,208.749939,209.356750,263.738739
1699146939168000,105.000000,-0.699218,0.625001,0.347086,0.000190,-0.000380,-0.000360,-0.000570,-0.000550,0.000020,428.422028,631.513794,420.270752,448.126862,526.850769,433.181702
1699146939386240,30.000000,0.650347,0.324858,0.686670,-0.000540,-0.000600,-0.000160,-0.000060,0.000380,0.000440,265.166504,380.121674,262.874817,248.432861,276.015350,277.721741
1699146939673920,101.000000,-0.699218,0.625001,0.347086,0.000190,-0.000380,-0.000360,-0.000570,-0.000550,0.000020,534.452393,625.227417,521.254944,466.770325,593.803711,529.307983
1699146940169920,79.000000,-0.699218,0.625001,0.347086,0.000190,-0.000380,-0.000360,-0.000570,-0.000550,0.000020,461.544128,550.338867,516.204102,433.492493,549.178772,513.249268
1699146940656000,87.000000,-0.699218,0.625001,0.347086,0.000190,-0.000380,-0.000360,-0.000570,-0.000550,0.000020,506.777405,567.753174,541.051147,537.453857,571.538940,567.553162
1699146941122240,85.000000,-0.699218,0.625001,0.347086,0.000190,-0.000380,-0.000360,-0.000570,-0.000550,0.000020,534.082153,591.277771,607.645630,551.538452,538.721924,588.265869
1699146941638080,95.000000,-0.699218,0.625001,0.347086,0.000190,-0.000380,-0.000360,-0.000570,-0.000550,0.000020,563.323364,566.597290,548.317383,528.313232,516.315063,574.250671
1699146941717440,39.000000,0.664789,0.315398,0.677185,-0.000540,-0.000590,-0.000150,-0.000050,0.000390,0.000440,412.354065,345.241394,408.489929,281.887939,321.800934,294.608521
1699146942054720,36.000000,0.664789,0.315398,0.677185,-0.000540,-0.000590,-0.000150,-0.000050,0.000390,0.000440,370.257202,408.356140,357.698151,329.741821,308.475830,293.843536
1699146942124160,67.000000,-0.699218,0.625001,0.347086,0.000190,-0.000380,-0.000360,-0.000570,-0.000550,0.000020,539.341431,571.282349,550.451477,545.669739,512.897583,525.049438
1699146942372160,40.000000,0.664789,0.315398,0.677185,-0.000540,-0.000590,-0.000150,-0.000050,0.000390,0.000440,373.175964,422.050446,277.428131,359.326721,263.922089,216.471008
1699146942600320,44.000000,-0.699218,0.625001,0.347086,0.000190,-0.000380,-0.000360,-0.000570,-0.000550,0.000020,390.199585,462.006592,436.515808,377.420898,331.619171,508.865936
1699146942729280,31.000000,0.677732,0.308087,0.667654,-0.000540,-0.000590,-0.000150,-0.000050,0.000420,0.000440,372.523529,401.977020,275.988525,333.618713,256.447784,347.427307
1699146943106240,166.000000,-0.699218,0.625001,0.347086,0.000190,-0.000380,-0.000360,-0.000570,-0.000550,0.000020,537.526794,492.647522,453.269104,575.464722,569.032227,576.928955
1699146943532800,29.000000,0.676414,0.331241,0.657832,-0.000540,-0.000590,-0.000120,-0.000070,0.000400,0.000440,228.849167,279.454651,209.918884,303.064026,274.845154,323.829590
1699146943572480,126.000000,-0.699218,0.625001,0.347086,0.000190,-0.000380,-0.000360,-0.000570,-0.000550,0.000020,576.431152,595.376709,491.067688,645.628296,563.651733,583.758850
1699146943701440,64.000000,0.807187,0.568280,0.159706,-0.000230,-0.000410,0.000250,-0.000180,0.000480,0.000650,344.716003,238.866928,461.616547,406.643311,313.635529,315.006592
1699146943899840,51.000000,0.671928,0.306403,0.674262,-0.000540,-0.000590,-0.000150,-0.000040,0.000400,0.000440,289.033966,384.927856,307.131378,370.607391,361.675842,399.103851
1699146944088320,104.000000,0.807187,0.568280,0.159706,-0.000230,-0.000410,0.000250,-0.000180,0.000480,0.000650,528.575806,302.323486,593.010559,423.860748,438.668213,301.235779
1699146944157760,67.000000,-0.699218,0.625001,0.347086,0.000190,-0.000380,-0.000360,-0.000570,-0.000550,0.000020,492.047821,521.384827,446.452911,535.149780,575.886169,567.937622
1699146944276800,40.000000,0.684853,0.311610,0.658692,-0.000540,-0.000590,-0.000120,-0.000040,0.000400,0.000440,310.060547,316.325623,226.861145,448.278961,427.534241,388.837311
1699146944465280,89.000000,0.807187,0.568280,0.159706,-0.000230,-0.000410,0.000250,-0.000180,0.000480,0.000650,560.995361,373.249176,522.736694,480.733765,441.095398,310.717041
1699146944624000,69.000000,-0.700258,0.621199,0.351781,0.000190,-0.000380,-0.000370,-0.000570,-0.000550,0.000020,391.128052,446.138306,324.940887,525.433716,555.642700,512.294861
1699146944663680,41.000000,0.680499,0.307617,0.665051,-0.000520,-0.000560,-0.000150,-0.000040,0.000400,0.000440,213.277130,209.372803,165.284363,324.997375,316.352509,344.394592
1699146944832320,127.000000,0.807187,0.568280,0.159706,-0.000230,-0.000410,0.000250,-0.000180,0.000480,0.000650,685.627930,388.534180,592.781128,401.979126,582.013794,401.205627
1699146945060480,108.000000,-0.698173,0.619909,0.358144,0.000180,-0.000380,-0.000370,-0.000570,-0.000550,0.000020,290.372437,403.848694,344.234314,361.697937,485.295410,370.649841
1699146945219200,157.000000,0.849235,0.509729,0.137757,-0.000230,-0.000350,0.000250,-0.000120,0.000480,0.000600,570.150085,260.735718,493.597870,271.053345,519.874023,252.434692
1699146945487040,117.000000,-0.698173,0.619909,0.358144,0.000180,-0.000380,-0.000370,-0.000570,-0.000550,0.000020,272.880707,417.655823,385.880280,507.648438,494.682526,440.363098
1699146945854080,66.000000,0.813346,0.560725,0.155098,-0.000230,-0.000400,0.000250,-0.000170,0.000480,0.000650,433.085144,286.168030,376.311554,431.292023,483.913391,451.105286
1699146945963200,82.000000,-0.694416,0.621684,0.362346,0.000180,-0.000390,-0.000370,-0.000570,-0.000550,0.000020,514.497559,357.881287,529.056824,551.322510,580.175659,510.037659
1699146946429440,54.000000,0.811106,0.562598,0.159972,-0.000230,-0.000410,0.000250,-0.000170,0.000480,0.000650,428.358246,440.208405,339.377045,396.981384,480.051208,507.515076
1699146946459200,109.000000,-0.698173,0.619909,0.358144,0.000180,-0.000380,-0.000370,-0.000570,-0.000550,0.000020,529.161072,460.214752,530.294189,486.742493,621.247681,419.027679
1699146947123840,84.000000,-0.698173,0.619909,0.358144,0.000180,-0.000380,-0.000370,-0.000570,-0.000550,0.000020,527.130920,306.269226,495.634796,457.851257,600.698242,348.837189
1699146947133760,73.000000,0.811106,0.562598,0.159972,-0.000230,-0.000410,0.000250,-0.000170,0.000480,0.000650,332.541534,444.426361,384.410095,563.131409,633.960449,570.072266
1699146947629760,57.000000,0.677363,0.293246,0.674675,-0.000550,-0.000580,-0.000150,-0.000030,0.000400,0.000440,426.103302,455.175934,359.895203,429.278564,338.784973,331.351196
1699146947669440,127.000000,-0.694416,0.621684,0.362346,0.000180,-0.000390,-0.000370,-0.000570,-0.000550,0.000020,626.959229,392.399353,625.016602,451.504211,639.836670,456.191589
1699146947798400,88.000000,0.811359,0.558854,0.171404,-0.000240,-0.000410,0.000240,-0.000170,0.000480,0.000650,501.589264,501.840698,434.915161,586.428223,585.156006,634.278687
1699146948264640,120.000000,-0.852639,-0.415266,0.317113,0.000180,0.002630,-0.003940,0.000080,-0.001110,0.000890,544.264038,125.496445,95.502083,125.759949,106.714943,103.503601
1699146948790400,124.000000,-0.694416,0.621684,0.362346,0.000180,-0.000390,-0.000370,-0.000570,-0.000550,0.000020,635.473083,426.152405,631.584717,403.722412,680.370972,415.956512
1699146949286400,238.000000,-0.694416,0.621684,0.362346,0.000180,-0.000390,-0.000370,-0.000570,-0.000550,0.000020,731.326538,526.966309,745.912781,387.129150,773.344482,396.629608
1699146949782400,142.000000,-0.700808,0.612939,0.364930,0.000180,-0.000390,-0.000370,-0.000560,-0.000550,0.000010,472.530640,524.914917,442.957764,446.871185,634.616333,403.551849
1699146950308160,140.000000,-0.694416,0.621684,0.362346,0.000180,-0.000390,-0.000370,-0.000570,-0.000550,0.000020,452.917999,550.360718,524.058594,369.133545,502.454376,406.789062
1699146950814080,125.000000,-0.694416,0.621684,0.362346,0.000180,-0.000390,-0.000370,-0.000570,-0.000550,0.000020,394.227997,570.869873,517.749573,339.756775,543.976135,448.464050
1699146951320000,133.000000,-0.698650,0.611567,0.371314,0.000170,-0.000390,-0.000370,-0.000560,-0.000550,0.000010,356.258972,604.533691,358.835114,397.498169,618.878784,374.990356
1699146951816000,73.000000,-0.698650,0.611567,0.371314,0.000170,-0.000390,-0.000370,-0.000560,-0.000550,0.000010,353.861511,525.174683,294.861877,345.398560,395.445679,304.722351
1699146952302080,77.000000,-0.699581,0.607708,0.375869,0.000170,-0.000390,-0.000380,-0.000560,-0.000550,0.000010,430.999481,574.780762,339.900665,425.371704,466.436218,345.652893
1699146952788160,56.000000,-0.694848,0.613359,0.375468,0.000170,-0.000390,-0.000380,-0.000560,-0.000550,0.000020,335.794250,490.042511,316.090912,337.844757,387.119019,352.287048
1699146953165120,42.000000,0.696273,0.266106,0.666627,-0.000560,-0.000570,-0.000140,-0.000010,0.000420,0.000430,398.889252,301.683563,246.371857,371.323883,265.471313,384.361481
1699146953323840,73.000000,-0.694848,0.613359,0.375468,0.000170,-0.000390,-0.000380,-0.000560,-0.000550,0.000020,422.131042,521.230713,472.163055,327.824524,432.153137,342.625153
1699146953502400,60.000000,0.696273,0.266106,0.666627,-0.000560,-0.000570,-0.000140,-0.000010,0.000420,0.000430,446.907715,364.983582,251.990479,367.246704,272.888062,387.946381
1699146953879360,84.000000,-0.694848,0.613359,0.375468,0.000170,-0.000390,-0.000380,-0.000560,-0.000550,0.000020,606.059387,527.776978,469.900452,509.436340,480.241699,421.239136
1699146953968640,23.000000,0.696273,0.266106,0.666627,-0.000560,-0.000570,-0.000140,-0.000010,0.000420,0.000430,391.081116,343.533752,205.681549,401.438660,295.663940,381.816833
1699146954405120,89.000000,-0.694848,0.613359,0.375468,0.000170,-0.000390,-0.000380,-0.000560,-0.000550,0.000020,417.659943,352.682434,454.085541,395.562622,372.891296,378.725189
1699146954891200,59.000000,0.691950,0.264417,0.671780,-0.000560,-0.000570,-0.000150,-0.000010,0.000420,0.000430,358.422485,503.864685,264.927399,460.756104,432.634308,323.265350
1699146954920960,100.000000,-0.699581,0.607708,0.375869,0.000170,-0.000390,-0.000380,-0.000560,-0.000550,0.000010,608.898865,441.664185,662.824829,509.793640,566.131104,369.249329
1699146955387200,60.000000,0.696273,0.266106,0.666627,-0.000560,-0.000570,-0.000140,-0.000010,0.000420,0.000430,364.826447,458.545227,291.647156,307.815826,499.494446,259.102905
1699146955416960,93.000000,-0.694848,0.613359,0.375468,0.000170,-0.000390,-0.000380,-0.000560,-0.000550,0.000020,606.257568,366.100708,559.778076,478.179047,487.570679,403.310486
1699146955863360,37.000000,0.692571,0.249422,0.676856,-0.000570,-0.000570,-0.000150,0.000000,0.000420,0.000420,343.104370,509.597687,295.892944,383.349854,480.630890,302.291840
1699146955942720,67.000000,-0.699581,0.607708,0.375869,0.000170,-0.000390,-0.000380,-0.000560,-0.000550,0.000010,515.497559,380.387390,630.440186,517.509766,492.647461,363.766602
1699146956359360,37.000000,0.692571,0.249422,0.676856,-0.000570,-0.000570,-0.000150,0.000000,0.000420,0.000420,287.050781,450.683075,217.636368,439.913879,415.036743,336.811920
1699146956468480,83.000000,-0.691053,0.615116,0.379576,0.000170,-0.000400,-0.000380,-0.000560,-0.000550,0.000020,367.800568,433.984070,590.521118,572.714478,391.240234,396.239807
1699146956845440,46.000000,0.696923,0.251106,0.671747,-0.000570,-0.000570,-0.000140,0.000000,0.000420,0.000420,337.556641,350.234039,213.385071,418.061707,391.247803,368.643066
1699146957014080,109.000000,-0.688811,0.613688,0.385909,0.000160,-0.000400,-0.000380,-0.000560,-0.000550,0.000020,329.924530,457.375214,509.936096,529.241516,460.685883,330.354675
1699146957351360,66.000000,0.692571,0.249422,0.676856,-0.000570,-0.000570,-0.000150,0.000000,0.000420,0.000420,479.117554,382.541077,291.494476,494.157562,427.605286,447.464905
1699146957658880,89.000000,-0.688811,0.613688,0.385909,0.000160,-0.000400,-0.000380,-0.000560,-0.000550,0.000020,455.119354,496.312836,507.183167,508.576843,318.712646,361.354919
1699146957847360,61.000000,0.692571,0.249422,0.676856,-0.000570,-0.000570,-0.000150,0.000000,0.000420,0.000420,543.101196,330.518616,282.444519,386.398132,388.021027,439.235901
1699146958254080,99.000000,-0.690363,0.610490,0.388201,0.000160,-0.000400,-0.000380,-0.000560,-0.000540,0.000010,523.162354,586.148376,518.946289,603.383057,371.985809,384.835205
1699146958353280,69.000000,0.692571,0.249422,0.676856,-0.000570,-0.000570,-0.000150,0.000000,0.000420,0.000420,551.643066,306.513489,412.705658,290.964050,409.018646,521.477478
1699146958799680,89.000000,-0.693552,0.608065,0.386320,0.000160,-0.000400,-0.000380,-0.000560,-0.000550,0.000010,465.526550,491.992096,341.010925,520.771790,319.384644,348.021179
1699146958938560,55.000000,0.697750,0.239954,0.674957,-0.000570,-0.000560,-0.000150,0.000010,0.000420,0.000420,556.214355,369.034424,390.682373,494.387756,237.922867,445.841919
1699146959305600,80.000000,-0.693552,0.608065,0.386320,0.000160,-0.000400,-0.000380,-0.000560,-0.000550,0.000010,575.147827,580.885498,340.465515,578.304626,332.879608,365.073364
1699146959414720,74.000000,0.701753,0.237746,0.671579,-0.000570,-0.000560,-0.000150,0.000010,0.000430,0.000420,383.875702,353.025330,380.282104,541.822876,273.422791,412.504608
1699146959791680,64.000000,-0.685575,0.616130,0.387777,0.000160,-0.000400,-0.000380,-0.000560,-0.000540,0.000020,502.927521,545.165894,351.181702,514.372070,331.900879,336.358765
1699146959890880,84.000000,0.701753,0.237746,0.671579,-0.000570,-0.000560,-0.000150,0.000010,0.000430,0.000420,409.702057,444.928314,477.834473,528.066223,328.650238,307.076569
1699146960376960,58.000000,0.700140,0.233234,0.674838,-0.000570,-0.000560,-0.000150,0.000010,0.000430,0.000410,326.177429,543.554504,493.029358,482.260864,397.956604,343.704773
1699146960535680,108.000000,-0.685575,0.616130,0.387777,0.000160,-0.000400,-0.000380,-0.000560,-0.000540,0.000020,542.436768,569.705078,331.600708,631.760254,402.090088,440.157074
1699146960942400,90.000000,0.700140,0.233234,0.674838,-0.000570,-0.000560,-0.000150,0.000010,0.000430,0.000410,338.825867,635.830811,572.253052,435.679901,467.871643,504.070343
1699146961061440,70.000000,-0.691277,0.606592,0.392661,0.000160,-0.000400,-0.000390,-0.000560,-0.000540,0.000010,533.079651,571.789917,450.168640,507.950104,371.553131,312.084778
1699146961458240,192.000000,0.702079,0.222694,0.676382,-0.000580,-0.000560,-0.000150,0.000020,0.000430,0.000410,443.684326,700.800781,610.871338,434.819519,579.589600,621.197144
1699146961577280,81.000000,-0.686527,0.612226,0.392249,0.000160,-0.000400,-0.000390,-0.000560,-0.000540,0.000020,521.767761,570.081421,416.775055,637.989502,504.652588,425.913696
1699146961984000,70.000000,0.702079,0.222694,0.676382,-0.000580,-0.000560,-0.000150,0.000020,0.000430,0.000410,457.647949,571.851685,535.276184,475.658752,502.144714,533.675598
1699146962083200,125.000000,-0.686527,0.612226,0.392249,0.000160,-0.000400,-0.000390,-0.000560,-0.000540,0.000020,547.516846,618.719604,524.733215,713.002502,600.271790,449.444672
1699146962569280,72.000000,0.702079,0.222694,0.676382,-0.000580,-0.000560,-0.000150,0.000020,0.000430,0.000410,567.290283,533.692932,542.749390,569.897583,507.017975,554.958618
1699146962589120,226.000000,-0.686527,0.612226,0.392249,0.000160,-0.000400,-0.000390,-0.000560,-0.000540,0.000020,508.369324,609.352112,671.451050,765.118042,641.245117,511.454254
1699146963065280,176.000000,-0.691277,0.606592,0.392661,0.000160,-0.000400,-0.000390,-0.000560,-0.000540,0.000010,468.842926,680.672607,733.038391,693.820801,597.448975,494.336731
1699146963124800,70.000000,0.702079,0.222694,0.676382,-0.000580,-0.000560,-0.000150,0.000020,0.000430,0.000410,529.942871,451.398621,514.870789,516.738220,522.143738,460.899506
1699146963551360,107.000000,-0.684202,0.610729,0.398594,0.000150,-0.000400,-0.000390,-0.000560,-0.000540,0.000020,490.759918,531.394348,655.091187,692.215698,680.133179,580.732788
1699146963729920,76.000000,0.702079,0.222694,0.676382,-0.000580,-0.000560,-0.000150,0.000020,0.000430,0.000410,590.924561,464.297852,573.594727,398.806366,534.765747,402.688538
1699146964037440,122.000000,-0.684202,0.610729,0.398594,0.000150,-0.000400,-0.000390,-0.000560,-0.000540,0.000020,526.053345,473.836456,663.591980,585.864380,569.838928,356.483673
1699146964364800,71.000000,0.947907,-0.194695,0.252124,-0.000300,-0.000560,-0.000150,0.000000,0.002570,-0.000360,106.599716,143.226135,440.448395,150.155411,106.070831,106.608215
1699146964493760,72.000000,-0.684202,0.610729,0.398594,0.000150,-0.000400,-0.000390,-0.000560,-0.000540,0.000020,329.301880,344.812897,431.374817,451.124023,455.219604,328.851929
1699146964960000,93.000000,-0.680355,0.612420,0.402565,0.000150,-0.000410,-0.000390,-0.000560,-0.000540,0.000020,580.034729,412.319519,638.260010,534.984131,582.884766,458.777466
1699146965406400,126.000000,-0.680355,0.612420,0.402565,0.000150,-0.000410,-0.000390,-0.000560,-0.000540,0.000020,534.248779,392.605255,570.545654,612.359375,522.285522,386.988373
1699146965872640,95.000000,-0.680355,0.612420,0.402565,0.000150,-0.000410,-0.000390,-0.000560,-0.000540,0.000020,679.377319,534.201111,704.571533,600.333130,661.887451,480.201141
1699146966319040,137.000000,-0.688961,0.605084,0.399007,0.000150,-0.000400,-0.000390,-0.000560,-0.000540,0.000010,584.236633,349.563232,604.258667,326.475952,540.629761,501.235992
1699146966874560,110.000000,-0.680355,0.612420,0.402565,0.000150,-0.000410,-0.000390,-0.000560,-0.000540,0.000020,642.133911,528.192810,652.588379,541.541382,638.555603,413.698547
1699146967320960,118.000000,-0.680355,0.612420,0.402565,0.000150,-0.000410,-0.000390,-0.000560,-0.000540,0.000020,631.442017,547.431152,643.442993,487.499329,599.649719,430.845520
1699146967747520,134.000000,-0.685112,0.606814,0.402986,0.000150,-0.000410,-0.000390,-0.000560,-0.000540,0.000010,600.512573,457.881744,590.079773,362.399414,609.596863,380.033173
1699146968154240,100.000000,-0.685112,0.606814,0.402986,0.000150,-0.000410,-0.000390,-0.000560,-0.000540,0.000010,603.610535,449.709778,433.178741,326.814270,511.555481,364.026733
1699146968551040,95.000000,-0.685112,0.606814,0.402986,0.000150,-0.000410,-0.000390,-0.000560,-0.000540,0.000010,596.743042,569.307251,486.133118,373.631531,567.114868,432.523193
1699146971130240,56.000000,0.704661,0.688726,0.170613,-0.000170,-0.000450,0.000220,-0.000280,0.000390,0.000670,238.795441,224.088013,174.922363,234.612930,210.628326,307.152222
1699146971239360,84.000000,-0.687463,0.599613,0.409705,0.000150,-0.000410,-0.000400,-0.000550,-0.000540,0.000010,425.612976,602.878906,387.612976,436.991089,512.079102,463.062836
1699146971636160,81.000000,-0.685053,0.598017,0.416027,0.000140,-0.000410,-0.000400,-0.000550,-0.000540,0.000010,474.145874,606.422974,531.468262,547.033691,587.536133,588.766602
1699146972082560,90.000000,-0.685053,0.598017,0.416027,0.000140,-0.000410,-0.000400,-0.000550,-0.000540,0.000010,421.111389,615.888794,529.362793,532.649353,539.040527,586.028503
1699146972568640,94.000000,-0.685053,0.598017,0.416027,0.000140,-0.000410,-0.000400,-0.000550,-0.000540,0.000010,416.134888,624.550171,512.804626,542.819275,643.755432,644.220520
1699146972757120,47.000000,0.702797,0.689027,0.176967,-0.000170,-0.000450,0.000210,-0.000280,0.000390,0.000670,221.911652,249.526917,260.937866,383.872803,358.257263,423.054504
1699146973064640,103.000000,-0.685053,0.598017,0.416027,0.000140,-0.000410,-0.000400,-0.000550,-0.000540,0.000010,495.107056,534.186157,477.872711,576.745605,589.743530,501.193268
1699146973272960,65.000000,0.702935,0.686272,0.186848,-0.000180,-0.000460,0.000210,-0.000280,0.000390,0.000670,295.342438,303.583344,386.264893,513.643188,513.423279,501.416321
1699146973560640,98.000000,-0.685053,0.598017,0.416027,0.000140,-0.000410,-0.000400,-0.000550,-0.000540,0.000010,399.913818,553.009033,520.982178,450.898926,536.513794,535.794617
1699146973888000,58.000000,0.705133,0.685273,0.182177,-0.000180,-0.000450,0.000210,-0.000280,0.000390,0.000670,345.806641,267.033447,376.341980,517.535339,596.409607,522.001709
1699146974046720,122.000000,-0.685053,0.598017,0.416027,0.000140,-0.000410,-0.000400,-0.000550,-0.000540,0.000010,610.351929,727.236572,682.359497,623.882812,667.263550,679.274109
1699146974532800,65.000000,0.705133,0.685273,0.182177,-0.000180,-0.000450,0.000210,-0.000280,0.000390,0.000670,336.757507,405.033447,346.182831,528.706421,490.370178,521.581909
1699146974741120,146.000000,-0.685053,0.598017,0.416027,0.000140,-0.000410,-0.000400,-0.000550,-0.000540,0.000010,586.268738,724.744019,679.362793,675.652954,682.440613,745.110840
1699146975147840,83.000000,0.455825,0.592570,0.664142,-0.000180,-0.000460,-0.000010,-0.000280,0.000270,0.000020,520.353394,325.521423,122.958420,533.732788,110.787880,109.459900
1699146975266880,85.000000,-0.685053,0.598017,0.416027,0.000140,-0.000410,-0.000400,-0.000550,-0.000540,0.000010,601.422546,698.777344,684.393921,658.404724,631.546143,688.154602
1699146975772800,116.000000,-0.685053,0.598017,0.416027,0.000140,-0.000410,-0.000400,-0.000550,-0.000540,0.000010,680.587769,769.239197,708.893127,677.040649,661.102417,720.730286
1699146975782720,103.000000,0.702935,0.686272,0.186848,-0.000180,-0.000460,0.000210,-0.000280,0.000390,0.000670,483.256378,390.355774,463.787323,476.802887,527.817749,540.129211
1699146976278720,174.000000,-0.685053,0.598017,0.416027,0.000140,-0.000410,-0.000400,-0.000550,-0.000540,0.000010,704.777344,767.499268,763.631592,745.615234,708.669861,767.407043
1699146976348160,127.000000,0.705133,0.685273,0.182177,-0.000180,-0.000450,0.000210,-0.000280,0.000390,0.000670,531.054565,338.475037,424.425262,472.699402,571.385437,540.756104
1699146976794560,144.000000,-0.685053,0.598017,0.416027,0.000140,-0.000410,-0.000400,-0.000550,-0.000540,0.000010,655.635132,713.197388,728.659790,700.106750,573.270142,676.526978
1699146976933440,104.000000,0.702935,0.686272,0.186848,-0.000180,-0.000460,0.000210,-0.000280,0.000390,0.000670,520.125977,324.871063,450.028046,464.019806,574.081726,574.835571
1699146977310400,177.000000,-0.685053,0.598017,0.416027,0.000140,-0.000410,-0.000400,-0.000550,-0.000540,0.000010,740.372864,770.162109,731.616821,764.728882,704.854004,763.517456
1699146977469120,84.000000,0.702935,0.686272,0.186848,-0.000180,-0.000460,0.000210,-0.000280,0.000390,0.000670,569.529480,350.323090,478.376526,376.681091,550.650269,475.041992
1699146977806400,242.000000,-0.685053,0.598017,0.416027,0.000140,-0.000410,-0.000400,-0.000550,-0.000540,0.000010,842.387390,858.590088,862.349426,840.859375,810.797852,842.733765
1699146978034560,37.000000,0.420629,-0.640056,-0.642962,-0.000180,0.005030,0.000210,0.003260,0.000390,0.002560,379.567566,121.868256,310.606201,107.240128,324.895172,116.605904
1699146978332160,159.000000,-0.685053,0.598017,0.416027,0.000140,-0.000410,-0.000400,-0.000550,-0.000540,0.000010,743.467041,732.982483,722.648315,743.630615,695.810181,717.036438
1699146978719040,85.000000,0.702935,0.686272,0.186848,-0.000180,-0.000460,0.000210,-0.000280,0.000390,0.000670,573.566101,413.821472,522.630676,371.727966,508.253784,534.810242
1699146978828160,142.000000,-0.685053,0.598017,0.416027,0.000140,-0.000410,-0.000400,-0.000550,-0.000540,0.000010,701.886841,251.078461,287.430908,266.467377,310.271393,401.066467
1699146979314240,47.000000,0.709645,0.680466,0.182676,-0.000180,-0.000450,0.000210,-0.000270,0.000390,0.000670,468.191376,297.692444,388.261078,326.532715,352.160156,382.974121
1699146979324160,174.000000,-0.685053,0.598017,0.416027,0.000140,-0.000410,-0.000400,-0.000550,-0.000540,0.000010,735.114624,727.992188,669.333801,746.495239,668.169373,685.900391
1699146979800320,152.000000,-0.685053,0.598017,0.416027,0.000140,-0.000410,-0.000400,-0.000550,-0.000540,0.000010,698.372070,685.969482,677.482544,702.522827,692.442505,680.765564
1699146979849920,37.000000,0.733926,0.667078,0.127904,-0.000180,-0.000340,0.000210,-0.000270,0.000390,0.000670,210.344208,120.050041,218.880844,161.763824,165.497559,233.129272
1699146980286400,148.000000,-0.685053,0.598017,0.416027,0.000140,-0.000410,-0.000400,-0.000550,-0.000540,0.000010,675.097900,718.213257,537.863647,737.598206,684.890686,629.204590
1699146980772480,121.000000,-0.685053,0.598017,0.416027,0.000140,-0.000410,-0.000400,-0.000550,-0.000540,0.000010,624.163269,702.801392,505.667236,687.987183,681.195679,624.166443
1699146981328000,34.000000,0.709645,0.680466,0.182676,-0.000180,-0.000450,0.000210,-0.000270,0.000390,0.000670,324.923523,196.338165,339.391846,188.696838,260.913666,181.830490
1699146981367680,271.000000,-0.685053,0.598017,0.416027,0.000140,-0.000410,-0.000400,-0.000550,-0.000540,0.000010,715.532837,843.232056,572.052124,769.508728,764.302856,667.475220
1699146981883520,293.000000,-0.685053,0.598017,0.416027,0.000140,-0.000410,-0.000400,-0.000550,-0.000540,0.000010,682.401611,806.448975,523.347534,725.237122,711.161133,620.215759
1699146981903360,23.000000,0.711579,0.677492,0.186174,-0.000180,-0.000460,0.000210,-0.000270,0.000400,0.000670,195.269196,203.152222,275.720490,228.158356,209.833618,238.545563
1699146982369600,258.000000,-0.685053,0.598017,0.416027,0.000140,-0.000410,-0.000400,-0.000550,-0.000540,0.000010,678.578491,759.471008,558.446228,807.531250,797.698059,696.211121
1699146983014400,115.000000,-0.685873,0.594081,0.420294,0.000140,-0.000410,-0.000410,-0.000550,-0.000540,0.000010,387.846558,673.480286,371.954132,501.451569,621.465210,470.522400
1699146983550080,136.000000,-0.685053,0.598017,0.416027,0.000140,-0.000410,-0.000400,-0.000550,-0.000540,0.000010,558.838501,643.213623,517.834290,649.692993,654.081543,625.970581
1699146984085760,85.000000,-0.685053,0.598017,0.416027,0.000140,-0.000410,-0.000400,-0.000550,-0.000540,0.000010,424.461548,589.996582,439.309204,632.124634,617.869690,571.105286
1699146984601600,86.000000,-0.683411,0.592432,0.426584,0.000130,-0.000410,-0.000410,-0.000550,-0.000540,0.000010,371.029266,617.717102,440.823822,554.530762,636.180603,557.127686
1699146985186880,97.000000,-0.683411,0.592432,0.426584,0.000130,-0.000410,-0.000410,-0.000550,-0.000540,0.000010,427.353149,655.166016,472.220642,649.179199,791.878418,631.403137
1699146985742400,156.000000,-0.683411,0.592432,0.426584,0.000130,-0.000410,-0.000410,-0.000550,-0.000540,0.000010,607.002136,580.203369,609.732788,589.105774,768.047729,572.720520
1699146986258240,357.000000,-0.683411,0.592432,0.426584,0.000130,-0.000410,-0.000410,-0.000550,-0.000540,0.000010,590.171997,634.058228,623.552856,642.359375,853.154297,663.473877
1699146986327680,40.000000,0.714097,0.105289,0.692083,-0.000620,-0.000520,-0.000170,0.000100,0.000450,0.000350,262.007568,212.331787,225.917969,287.341492,181.816513,190.717239
1699146986744320,434.000000,-0.683411,0.592432,0.426584,0.000130,-0.000410,-0.000410,-0.000550,-0.000540,0.000010,692.128906,610.023499,653.732483,692.731934,868.006958,705.992188
1699146986754240,29.000000,0.314477,0.938883,-0.140011,0.003460,0.000360,-0.003060,-0.002080,0.002880,0.004640,94.531334,92.724495,115.478394,113.986366,103.421181,96.983566
1699146986764160,33.000000,-0.975902,-0.187546,-0.111538,-0.000510,0.002910,-0.000610,-0.003760,-0.003180,-0.004620,99.288582,102.074036,120.205246,113.584816,111.874199,100.748291
1699146986972480,51.000000,0.714097,0.105289,0.692083,-0.000620,-0.000520,-0.000170,0.000100,0.000450,0.000350,371.325409,379.302795,321.748993,396.848877,328.743195,323.686493
1699146987438720,279.000000,-0.464414,0.877388,-0.120461,0.000130,0.000460,0.000390,-0.004550,-0.001880,0.001000,606.874329,117.204185,107.474220,108.212952,115.660934,109.805504
1699146987448640,84.000000,0.591238,-0.228591,0.773423,-0.000240,-0.000120,-0.000110,0.000050,0.000170,0.000010,135.494019,279.191406,225.124084,108.005653,138.095215,586.927551
1699146987528000,50.000000,0.714097,0.105289,0.692083,-0.000620,-0.000520,-0.000170,0.000100,0.000450,0.000350,192.636230,286.622894,433.688843,233.739319,182.010300,310.400421
1699146987924800,287.000000,-0.683411,0.592432,0.426584,0.000130,-0.000410,-0.000410,-0.000550,-0.000540,0.000010,789.878784,660.969849,761.810486,578.313354,880.539368,597.504944
1699146988073600,49.000000,0.714097,0.105289,0.692083,-0.000620,-0.000520,-0.000170,0.000100,0.000450,0.000350,315.014404,509.620789,437.684143,284.546021,325.372650,469.322754
1699146988420800,131.000000,-0.684823,0.589010,0.429052,0.000130,-0.000410,-0.000410,-0.000540,-0.000540,0.000010,654.819702,573.514160,693.754028,384.165527,669.685791,382.858582
1699146988609280,33.000000,0.717442,0.104894,0.688676,-0.000600,-0.000520,-0.000170,0.000110,0.000450,0.000350,243.210800,518.502686,445.575562,366.292480,228.653152,444.153137
1699146988887040,141.000000,-0.689498,0.583268,0.429407,0.000130,-0.000410,-0.000410,-0.000540,-0.000540,0.000000,658.651978,484.564636,472.161041,389.416962,458.149536,390.674957
1699146989144960,55.000000,0.715808,0.098512,0.691313,-0.000620,-0.000520,-0.000170,0.000110,0.000450,0.000350,154.030304,346.670471,328.879395,306.941315,250.974304,335.299377
1699146989591360,459.000000,-0.679525,0.594145,0.430393,0.000130,-0.000420,-0.000410,-0.000550,-0.000540,0.000010,893.143860,579.093323,906.876465,605.427246,904.853760,701.778564
1699146989740160,32.000000,0.714993,0.095376,0.692595,-0.000630,-0.000520,-0.000170,0.000110,0.000450,0.000350,224.829910,287.746094,410.767334,390.345642,199.589172,281.660248
1699146990087360,438.000000,-0.679525,0.594145,0.430393,0.000130,-0.000420,-0.000410,-0.000550,-0.000540,0.000010,902.887451,526.222107,866.767700,503.955872,857.804382,606.728027
1699146990335360,39.000000,0.718685,0.093795,0.688980,-0.000630,-0.000520,-0.000170,0.000110,0.000460,0.000350,300.675354,299.648834,401.044067,425.126099,202.303268,228.287201
1699146990702400,73.000000,-0.680909,0.590749,0.432873,0.000130,-0.000420,-0.000410,-0.000540,-0.000540,0.000010,586.581543,365.200684,626.800049,403.061432,580.250488,393.267487
1699146990861120,33.000000,0.719113,0.084989,0.689676,-0.000630,-0.000510,-0.000170,0.000110,0.000460,0.000340,242.593414,210.542374,299.463013,233.344391,186.005783,240.065598
1699146991218240,105.000000,-0.685584,0.585046,0.433239,0.000130,-0.000420,-0.000410,-0.000540,-0.000540,0.000000,671.250061,362.812500,670.656616,420.559998,663.120056,367.514984
1699146991714240,126.000000,-0.680909,0.590749,0.432873,0.000130,-0.000420,-0.000410,-0.000540,-0.000540,0.000010,620.540100,504.209839,698.228760,310.280151,657.018005,412.606415
1699146992398720,290.000000,-0.685584,0.585046,0.433239,0.000130,-0.000420,-0.000410,-0.000540,-0.000540,0.000000,778.396729,562.559753,831.970337,673.820679,857.350403,552.337158
1699146992904640,228.000000,-0.685584,0.585046,0.433239,0.000130,-0.000420,-0.000410,-0.000540,-0.000540,0.000000,662.543579,649.377197,780.705322,662.820923,844.754578,577.829102
1699146993460160,160.000000,-0.685584,0.585046,0.433239,0.000130,-0.000420,-0.000410,-0.000540,-0.000540,0.000000,496.670654,490.340515,601.544556,626.125854,750.969482,569.355896
1699146993966080,110.000000,-0.680909,0.590749,0.432873,0.000130,-0.000420,-0.000410,-0.000540,-0.000540,0.000010,573.989319,530.070312,645.818359,379.442627,624.525452,383.569183
1699146994531520,171.000000,-0.683047,0.583320,0.439527,0.000120,-0.000420,-0.000410,-0.000540,-0.000540,0.000000,422.785828,620.330627,505.545044,707.894775,701.286499,595.598633
1699146995047360,152.000000,-0.671650,0.638017,0.376591,0.000120,-0.000410,-0.000270,-0.000530,-0.000530,0.000000,422.106232,162.088989,138.961044,160.316589,152.567078,208.028061
1699146995464000,31.000000,0.720707,0.078245,0.688810,-0.000630,-0.000510,-0.000170,0.000120,0.000460,0.000340,350.603638,352.950043,239.389832,318.232300,319.078888,225.850021
1699146995563200,103.000000,-0.683047,0.583320,0.439527,0.000120,-0.000420,-0.000410,-0.000540,-0.000540,0.000000,442.356934,616.646240,497.538422,557.588867,597.837891,383.039703
1699146995989760,41.000000,-0.975321,0.216549,0.043064,0.000770,-0.000510,-0.000170,-0.001070,-0.004800,-0.001180,99.950958,115.296951,254.377548,114.803848,120.397812,93.229553
1699146996059200,181.000000,-0.683770,0.579354,0.443630,0.000120,-0.000420,-0.000420,-0.000540,-0.000540,0.000000,584.881714,729.596313,453.981262,760.345276,772.556030,676.422119
1699146996723840,141.000000,-0.683770,0.579354,0.443630,0.000120,-0.000420,-0.000420,-0.000540,-0.000540,0.000000,701.320801,764.469421,535.515808,748.941772,760.627869,683.368896
1699146997259520,209.000000,-0.683770,0.579354,0.443630,0.000120,-0.000420,-0.000420,-0.000540,-0.000540,0.000000,721.482788,812.144287,624.685669,812.890137,775.070984,751.449890
1699146997517440,35.000000,0.720143,0.066255,0.690655,-0.000630,-0.000510,-0.000170,0.000130,0.000460,0.000330,269.869934,332.459045,206.266495,257.093872,389.635803,320.755768
1699146997755520,340.000000,-0.683770,0.579354,0.443630,0.000120,-0.000420,-0.000420,-0.000540,-0.000540,0.000000,739.719299,817.513794,522.123352,808.134033,691.781982,655.372925
1699146997983680,42.000000,-0.028374,-0.915920,-0.400357,-0.000010,0.003750,-0.000150,-0.000310,0.003610,-0.004760,143.727020,91.935760,105.385170,101.777771,110.344170,107.960999
1699146998251520,231.000000,-0.683770,0.579354,0.443630,0.000120,-0.000420,-0.000420,-0.000540,-0.000540,0.000000,827.039368,826.749146,702.069458,821.598267,808.586304,762.947266
1699146998449920,34.000000,0.714673,0.061827,0.696720,-0.000640,-0.000510,-0.000180,0.000130,0.000460,0.000330,308.002502,294.012817,278.911255,481.342010,349.547913,463.551819
1699146998767360,222.000000,-0.683770,0.579354,0.443630,0.000120,-0.000420,-0.000420,-0.000540,-0.000540,0.000000,797.207397,836.932983,675.977539,824.414429,764.976440,771.722168
1699146998906240,40.000000,0.717069,0.058035,0.694582,-0.000640,-0.000500,-0.000180,0.000130,0.000460,0.000330,336.795837,245.050568,205.451401,402.209320,391.507477,430.447388
1699146999342720,33.000000,0.717069,0.058035,0.694582,-0.000640,-0.000500,-0.000180,0.000130,0.000460,0.000330,427.259521,363.265533,234.582520,251.364639,405.998413,338.628601
1699146999511360,176.000000,-0.683770,0.579354,0.443630,0.000120,-0.000420,-0.000420,-0.000540,-0.000540,0.000000,804.166870,768.718506,720.766479,747.454956,720.700134,763.662292
1699146999769280,47.000000,0.716314,0.045998,0.696260,-0.000640,-0.000500,-0.000180,0.000140,0.000460,0.000320,329.030457,245.270905,279.656769,293.090851,358.126678,267.116547
1699147000047040,237.000000,-0.683770,0.579354,0.443630,0.000120,-0.000420,-0.000420,-0.000540,-0.000540,0.000000,759.788635,757.095032,728.805298,749.226624,688.149658,773.436035
1699147000195840,40.000000,0.716314,0.045998,0.696260,-0.000640,-0.000500,-0.000180,0.000140,0.000460,0.000320,455.344238,478.957703,342.725830,422.048584,352.561615,371.321198
1699147000533120,191.000000,-0.683770,0.579354,0.443630,0.000120,-0.000420,-0.000420,-0.000540,-0.000540,0.000000,789.873901,788.449402,782.619873,775.410950,781.962158,804.016296
1699147000612480,48.000000,0.716314,0.045998,0.696260,-0.000640,-0.000500,-0.000180,0.000140,0.000460,0.000320,345.125549,378.967102,352.021240,350.426575,281.039581,359.128052
1699147001029120,270.000000,-0.683770,0.579354,0.443630,0.000120,-0.000420,-0.000420,-0.000540,-0.000540,0.000000,709.164185,712.680359,735.947632,688.431702,703.656189,762.699585
1699147001445760,41.000000,0.717731,0.039292,0.695211,-0.000640,-0.000500,-0.000180,0.000150,0.000460,0.000320,323.901489,275.266876,373.937897,406.268219,264.678711,280.319031
1699147001515200,244.000000,-0.683770,0.579354,0.443630,0.000120,-0.000420,-0.000420,-0.000540,-0.000540,0.000000,809.001038,784.622681,806.458496,740.107056,775.848816,790.253845
1699147001852480,39.000000,0.717792,0.029950,0.695614,-0.000640,-0.000490,-0.000180,0.000150,0.000460,0.000310,262.539246,290.224854,356.681519,337.706573,348.978333,377.056885
1699147001971520,185.000000,-0.683770,0.579354,0.443630,0.000120,-0.000420,-0.000420,-0.000540,-0.000540,0.000000,777.198608,800.657837,827.616211,729.918640,825.757385,795.460754
1699147002269120,50.000000,0.718141,0.020527,0.695595,-0.000650,-0.000490,-0.000180,0.000160,0.000460,0.000310,233.250687,297.349457,237.503143,211.800583,211.967194,351.533112
1699147002427840,197.000000,-0.683770,0.579354,0.443630,0.000120,-0.000420,-0.000420,-0.000540,-0.000540,0.000000,763.433411,821.236084,808.341736,686.214111,751.526001,789.203491
1699147003032960,285.000000,-0.683770,0.579354,0.443630,0.000120,-0.000420,-0.000420,-0.000540,-0.000540,0.000000,703.929993,851.770264,790.881958,656.854248,748.142639,825.297363
1699147003092480,37.000000,0.721750,0.019288,0.691885,-0.000650,-0.000490,-0.000180,0.000160,0.000470,0.000310,362.918213,390.760254,284.168701,382.379272,305.248993,264.230774
1699147003509120,55.000000,0.719428,0.013866,0.694428,-0.000650,-0.000490,-0.000180,0.000160,0.000470,0.000300,375.478821,270.370850,231.942047,196.484329,384.442413,317.968597
1699147003519040,241.000000,-0.683770,0.579354,0.443630,0.000120,-0.000420,-0.000420,-0.000540,-0.000540,0.000000,704.880066,853.933594,809.438110,695.686523,795.778198,771.813904
1699147003915840,57.000000,0.718297,0.001760,0.695734,-0.000650,-0.000480,-0.000190,0.000170,0.000470,0.000300,410.115967,378.910370,285.865417,417.125275,349.732269,422.835693
1699147003955520,233.000000,-0.683770,0.579354,0.443630,0.000120,-0.000420,-0.000420,-0.000540,-0.000540,0.000000,625.382446,859.958374,711.556396,617.674927,839.481262,687.419800
1699147004322560,57.000000,0.718297,0.001760,0.695734,-0.000650,-0.000480,-0.000190,0.000170,0.000470,0.000300,335.597534,397.383484,263.209961,364.053253,349.039124,314.403076
1699147004461440,287.000000,-0.683770,0.579354,0.443630,0.000120,-0.000420,-0.000420,-0.000540,-0.000540,0.000000,677.311584,854.739868,728.876038,616.650269,821.980225,672.201538
1699147004739200,35.000000,0.717945,0.001391,0.696099,-0.000630,-0.000480,-0.000190,0.000170,0.000470,0.000290,156.320251,256.703064,156.562866,257.512054,331.583466,316.643311
1699147004927680,271.000000,-0.685121,0.575809,0.446154,0.000120,-0.000420,-0.000420,-0.000530,-0.000540,0.000000,514.971252,898.553894,641.315674,511.624115,856.257690,615.420532
1699147005116160,53.000000,0.716013,-0.012849,0.697969,-0.000660,-0.000480,-0.000190,0.000180,0.000470,0.000290,292.896545,386.340210,365.370941,460.542114,436.542267,418.388306
1699147005403840,277.000000,-0.685121,0.575809,0.446154,0.000120,-0.000420,-0.000420,-0.000530,-0.000540,0.000000,575.566101,881.867920,619.258972,506.673950,863.678589,560.105896
1699147005542720,44.000000,0.716013,-0.012849,0.697969,-0.000660,-0.000480,-0.000190,0.000180,0.000470,0.000290,330.720581,294.367737,305.554871,370.518066,363.921326,338.871796
1699147006227200,370.000000,-0.689733,0.570029,0.446470,0.000120,-0.000420,-0.000420,-0.000530,-0.000540,-0.000010,523.227661,845.032227,502.210541,601.703003,865.857727,630.821533
1699147006237120,25.000000,-0.899769,-0.412732,-0.141660,0.001880,-0.000580,-0.000210,-0.000490,-0.000030,-0.004100,113.358597,107.368935,114.382561,138.703186,116.870483,97.977760
1699147006356160,47.000000,0.716796,-0.029136,0.696674,-0.000660,-0.000470,-0.000190,0.000190,0.000470,0.000280,340.358154,371.541687,325.720154,294.226807,329.086243,311.737488
1699147006743040,27.000000,0.716796,-0.029136,0.696674,-0.000660,-0.000470,-0.000190,0.000190,0.000470,0.000280,394.171295,396.272217,379.691223,354.959991,359.781494,376.470154
1699147006931520,318.000000,-0.688375,0.573622,0.443957,0.000120,-0.000420,-0.000420,-0.000540,-0.000540,-0.000010,661.072144,845.321594,598.957031,506.061523,879.423950,508.619446
1699147007159680,47.000000,0.716796,-0.029136,0.696674,-0.000660,-0.000470,-0.000190,0.000190,0.000470,0.000280,374.784576,268.927734,311.931244,316.586914,314.695801,317.857056
1699147007625920,253.000000,-0.689733,0.570029,0.446470,0.000120,-0.000420,-0.000420,-0.000530,-0.000540,-0.000010,608.442749,829.798706,521.924500,532.433228,842.392517,587.669312
1699147007992960,39.000000,0.717392,-0.045587,0.695176,-0.000660,-0.000460,-0.000190,0.000200,0.000470,0.000270,288.364563,243.856354,338.820374,326.782715,280.835205,258.254272
1699147008062400,289.000000,-0.690369,0.566067,0.450509,0.000120,-0.000420,-0.000430,-0.000530,-0.000540,-0.000010,549.391846,843.066284,538.468201,651.965332,869.101685,736.560669
1699147008826240,33.000000,0.717392,-0.045587,0.695176,-0.000660,-0.000460,-0.000190,0.000200,0.000470,0.000270,224.537354,325.646851,309.997070,179.518478,184.526031,339.441895
1699147008856000,261.000000,-0.687755,0.564242,0.456755,0.000110,-0.000420,-0.000430,-0.000530,-0.000540,-0.000010,488.001312,771.002930,602.891296,754.900330,826.004272,837.594910
1699147009223040,33.000000,0.717254,-0.054358,0.694688,-0.000670,-0.000460,-0.000190,0.000210,0.000470,0.000270,211.487350,280.978424,277.520508,260.785309,204.278610,199.519638
1699147009709120,234.000000,-0.687755,0.564242,0.456755,0.000110,-0.000420,-0.000430,-0.000530,-0.000540,-0.000010,661.437378,805.067932,770.977295,867.268555,876.326050,908.222351
1699147010135680,259.000000,-0.687755,0.564242,0.456755,0.000110,-0.000420,-0.000430,-0.000530,-0.000540,-0.000010,629.440857,781.874390,761.090454,813.563477,828.261536,866.484863
1699147010482880,40.000000,0.721094,-0.071653,0.689122,-0.000670,-0.000450,-0.000190,0.000220,0.000480,0.000260,309.170288,336.424377,182.088577,230.850861,188.583755,338.540741
1699147010740800,303.000000,-0.687755,0.564242,0.456755,0.000110,-0.000420,-0.000430,-0.000530,-0.000540,-0.000010,552.843079,699.122986,760.842957,783.706665,752.067993,853.806030
1699147011167360,306.000000,-0.687755,0.564242,0.456755,0.000110,-0.000420,-0.000430,-0.000530,-0.000540,-0.000010,531.111938,675.830322,749.805847,785.268372,715.616638,816.584229
1699147011316160,35.000000,0.721094,-0.071653,0.689122,-0.000670,-0.000450,-0.000190,0.000220,0.000480,0.000260,269.411560,282.479309,314.561401,270.036255,234.621262,215.752411
1699147011673280,261.000000,-0.687755,0.564242,0.456755,0.000110,-0.000420,-0.000430,-0.000530,-0.000540,-0.000010,365.941315,692.095825,856.268616,614.752930,470.314087,785.029236
1699147011722880,29.000000,0.718406,-0.077327,0.691313,-0.000670,-0.000450,-0.000190,0.000220,0.000480,0.000250,288.246094,269.778564,190.572937,230.106445,249.350433,270.381744
1699147012109760,218.000000,-0.690369,0.566067,0.450509,0.000120,-0.000420,-0.000430,-0.000530,-0.000540,-0.000010,432.468384,598.909058,773.420227,781.700012,582.063599,735.493774
1699147012556160,196.000000,-0.687755,0.564242,0.456755,0.000110,-0.000420,-0.000430,-0.000530,-0.000540,-0.000010,654.280029,709.341431,886.277832,892.846313,770.177490,812.588379
1699147012933120,32.000000,0.716478,-0.089467,0.691849,-0.000670,-0.000440,-0.000200,0.000230,0.000480,0.000250,361.213562,403.320190,230.409912,408.365295,340.105225,354.550201
1699147013002560,419.000000,-0.687755,0.564242,0.456755,0.000110,-0.000420,-0.000430,-0.000530,-0.000540,-0.000010,578.473206,653.309143,893.794434,919.422974,678.734924,781.017700
1699147013329920,32.000000,0.716478,-0.089467,0.691849,-0.000670,-0.000440,-0.000200,0.000230,0.000480,0.000250,266.147919,375.487854,267.253235,303.354858,381.877380,273.037048
1699147013726720,42.000000,0.714441,-0.101598,0.692280,-0.000670,-0.000440,-0.000200,0.000240,0.000480,0.000240,229.624893,333.397461,271.425812,277.995819,312.109222,289.944489
1699147014113600,37.000000,0.714441,-0.101598,0.692280,-0.000670,-0.000440,-0.000200,0.000240,0.000480,0.000240,209.731689,354.688599,275.206757,301.999420,326.593384,342.463226
1699147014500480,44.000000,0.713278,-0.103473,0.693201,-0.000680,-0.000440,-0.000200,0.000240,0.000480,0.000240,216.057495,254.184753,263.454468,357.087158,343.826477,352.484650
1699147014897280,36.000000,0.715164,-0.107967,0.690568,-0.000680,-0.000430,-0.000200,0.000240,0.000480,0.000240,301.547668,312.226440,344.246704,300.361816,382.864014,249.656616
1699147015284160,43.000000,0.715164,-0.107967,0.690568,-0.000680,-0.000430,-0.000200,0.000240,0.000480,0.000240,296.815857,321.241852,231.141312,259.330078,278.737823,244.102600
1699147015671040,30.000000,0.712970,-0.120044,0.690842,-0.000680,-0.000430,-0.000200,0.000250,0.000480,0.000230,361.928375,357.870056,344.554138,299.786804,379.860748,266.933014
1699147016057920,33.000000,0.712970,-0.120044,0.690842,-0.000680,-0.000430,-0.000200,0.000250,0.000480,0.000230,353.193909,412.945068,357.580322,355.703369,364.861633,385.530640
1699147016841600,33.000000,0.712970,-0.120044,0.690842,-0.000680,-0.000430,-0.000200,0.000250,0.000480,0.000230,342.375244,266.541962,357.807129,339.037262,315.215820,337.952911
1699147017218560,35.000000,0.715417,-0.130914,0.686324,-0.000680,-0.000420,-0.000200,0.000260,0.000480,0.000230,417.048279,279.231079,387.955627,283.197144,383.082764,239.342789
1699147017615360,47.000000,0.712458,-0.136706,0.688269,-0.000680,-0.000420,-0.000200,0.000260,0.000480,0.000220,394.217438,319.621460,416.158936,262.286560,374.995239,281.362122
1699147018756160,36.000000,0.712458,-0.136706,0.688269,-0.000680,-0.000420,-0.000200,0.000260,0.000480,0.000220,323.237457,266.738251,350.452576,286.950531,347.275513,366.265350
1699147019133120,36.000000,0.712458,-0.136706,0.688269,-0.000680,-0.000420,-0.000200,0.000260,0.000480,0.000220,287.693420,270.856171,248.523468,214.497238,239.443237,268.605743
1699147021384960,24.000000,0.711738,-0.153445,0.685481,-0.000680,-0.000410,-0.000200,0.000270,0.000480,0.000210,205.315933,318.519043,285.510742,210.142731,271.887939,248.003952
1699147022198400,42.000000,0.710805,-0.170248,0.682474,-0.000680,-0.000400,-0.000200,0.000280,0.000480,0.000200,262.371094,255.339645,339.155396,449.703827,383.792847,320.671234
1699147022615040,44.000000,0.709580,-0.171671,0.683393,-0.000690,-0.000400,-0.000200,0.000280,0.000480,0.000200,193.801468,226.162338,349.884583,410.649048,353.506775,450.632324
1699147023011840,58.000000,0.710805,-0.170248,0.682474,-0.000680,-0.000400,-0.000200,0.000280,0.000480,0.000200,232.165695,402.461182,300.452942,403.108978,375.676331,471.482239
1699147023438400,42.000000,0.709994,-0.177793,0.681394,-0.000690,-0.000400,-0.000200,0.000290,0.000480,0.000200,271.998566,318.159729,179.987747,197.363373,309.213287,286.053253
1699147026930240,68.000000,-0.699395,0.554445,0.451040,0.000110,-0.000410,-0.000430,-0.000530,-0.000550,-0.000020,347.382233,569.308228,467.034180,417.766174,551.378540,550.869995
1699147027465920,169.000000,-0.699395,0.554445,0.451040,0.000110,-0.000410,-0.000430,-0.000530,-0.000550,-0.000020,469.055664,718.945679,569.469116,559.428833,734.422363,759.485962
1699147028080960,114.000000,-0.699395,0.554445,0.451040,0.000110,-0.000410,-0.000430,-0.000530,-0.000550,-0.000020,458.454620,705.933105,588.216858,546.610840,697.176697,756.060974
1699147028626560,204.000000,-0.699395,0.554445,0.451040,0.000110,-0.000410,-0.000430,-0.000530,-0.000550,-0.000020,540.267944,706.036499,501.552612,511.899353,727.316284,719.025391
1699147029152320,148.000000,-0.701254,0.546745,0.457508,0.000110,-0.000410,-0.000440,-0.000520,-0.000550,-0.000020,666.634888,674.544495,451.222534,509.965637,640.302124,675.450928
1699147029707840,121.000000,-0.701254,0.546745,0.457508,0.000110,-0.000410,-0.000440,-0.000520,-0.000550,-0.000020,691.327271,672.477722,521.049561,481.331299,649.663818,589.559143
1699147030253440,95.000000,-0.700744,0.550683,0.453548,0.000110,-0.000410,-0.000430,-0.000520,-0.000550,-0.000020,583.084167,625.642700,368.686829,492.320831,462.482910,573.071838
1699147030789120,115.000000,-0.701254,0.546745,0.457508,0.000110,-0.000410,-0.000440,-0.000520,-0.000550,-0.000020,687.942017,686.155273,555.569580,626.119141,565.288208,419.226135
1699147031314880,109.000000,-0.701254,0.546745,0.457508,0.000110,-0.000410,-0.000440,-0.000520,-0.000550,-0.000020,693.982117,485.532043,592.828430,424.034119,630.352966,602.766113
1699147031820800,211.000000,-0.701254,0.546745,0.457508,0.000110,-0.000410,-0.000440,-0.000520,-0.000550,-0.000020,768.719543,595.744568,592.877991,529.926453,597.715698,480.194427
1699147032316800,214.000000,-0.701254,0.546745,0.457508,0.000110,-0.000410,-0.000440,-0.000520,-0.000550,-0.000020,730.984741,584.431702,670.583618,569.557800,597.232361,369.780334
1699147032951680,249.000000,-0.705671,0.540861,0.457709,0.000110,-0.000410,-0.000440,-0.000520,-0.000550,-0.000030,803.046936,787.903076,719.221558,771.173096,642.541748,593.057068
1699147033467520,293.000000,-0.701254,0.546745,0.457508,0.000110,-0.000410,-0.000440,-0.000520,-0.000550,-0.000020,785.409424,659.944336,746.880737,823.070190,595.980896,577.166443
1699147033953600,281.000000,-0.705671,0.540861,0.457709,0.000110,-0.000410,-0.000440,-0.000520,-0.000550,-0.000030,806.553223,545.296021,517.000916,631.252563,549.326050,647.944519
1699147033963520,27.000000,0.573137,-0.681294,-0.455360,0.000110,0.000020,0.000020,0.000180,0.000160,-0.000030,152.957123,150.794205,140.821198,160.203705,151.740723,329.265930
1699147034667840,142.000000,-0.705671,0.540861,0.457709,0.000110,-0.000410,-0.000440,-0.000520,-0.000550,-0.000030,591.691711,420.124084,703.715149,655.916382,555.918457,385.050476
1699147035203520,158.000000,-0.705671,0.540861,0.457709,0.000110,-0.000410,-0.000440,-0.000520,-0.000550,-0.000030,503.449127,447.840149,614.500732,646.654663,542.321411,500.129517
1699147035749120,102.000000,-0.705671,0.540861,0.457709,0.000110,-0.000410,-0.000440,-0.000520,-0.000550,-0.000030,389.916046,359.289246,684.999939,620.164612,458.922211,459.036011
1699147036274880,121.000000,-0.705671,0.540861,0.457709,0.000110,-0.000410,-0.000440,-0.000520,-0.000550,-0.000030,456.708405,516.336426,623.310181,722.403870,539.213745,624.188599
1699147036860160,66.000000,0.497150,-0.115240,0.859978,0.000110,-0.003890,-0.001620,0.002270,0.001980,-0.000090,262.609314,106.545685,112.158913,123.345573,129.484680,104.170105
1699147036870080,72.000000,-0.705248,0.536931,0.462959,0.000100,-0.000420,-0.000440,-0.000520,-0.000570,-0.000030,247.766815,254.139786,332.251038,284.405457,169.097595,413.251862
1699147037395840,94.000000,-0.703042,0.538972,0.463941,0.000100,-0.000410,-0.000440,-0.000520,-0.000550,-0.000030,371.651947,345.566345,527.183167,584.998474,455.650116,547.012085
1699147037911680,106.000000,-0.637152,0.629383,0.444876,0.000100,-0.000420,-0.000310,-0.000520,-0.000410,-0.000030,430.581085,291.285858,217.542862,351.936523,247.728348,314.978333
1699147038417600,122.000000,-0.703042,0.538972,0.463941,0.000100,-0.000410,-0.000440,-0.000520,-0.000550,-0.000030,542.041199,391.616394,492.903625,632.362305,627.687866,717.386292
1699147038893760,109.000000,0.134913,-0.945062,0.297753,0.000100,-0.000420,-0.000100,0.001170,0.000000,-0.000330,436.702209,127.925903,110.497253,121.581757,115.077522,118.120529
1699147039578240,188.000000,-0.703042,0.538972,0.463941,0.000100,-0.000410,-0.000440,-0.000520,-0.000550,-0.000030,660.851685,443.530029,400.380005,441.825470,492.822418,622.080688
1699147040173440,146.000000,-0.703479,0.535053,0.467798,0.000100,-0.000410,-0.000450,-0.000520,-0.000550,-0.000030,705.014893,403.875793,424.914825,433.495361,500.774414,738.781921
1699147040709120,85.000000,-0.703479,0.535053,0.467798,0.000100,-0.000410,-0.000450,-0.000520,-0.000550,-0.000030,641.899536,353.658417,435.572937,379.408020,505.533264,663.399536
1699147041215040,154.000000,-0.699543,0.537016,0.471437,0.000100,-0.000420,-0.000450,-0.000520,-0.000550,-0.000030,784.267090,477.019226,679.782959,480.900604,659.736328,716.434082
1699147041711040,40.000000,0.707334,-0.244564,0.663225,-0.000690,-0.000360,-0.000200,0.000330,0.000490,0.000160,235.328918,220.318237,246.593079,261.861664,198.314819,271.012573
1699147041720960,189.000000,-0.699543,0.537016,0.471437,0.000100,-0.000420,-0.000450,-0.000520,-0.000550,-0.000030,799.492981,594.660217,740.259521,587.128784,746.518677,720.778503
1699147042207040,155.000000,-0.699543,0.537016,0.471437,0.000100,-0.000420,-0.000450,-0.000520,-0.000550,-0.000030,732.816895,517.893921,708.293335,482.034180,711.174072,659.314270
1699147042693120,144.000000,-0.699543,0.537016,0.471437,0.000100,-0.000420,-0.000450,-0.000520,-0.000550,-0.000030,739.517761,511.956665,748.565796,415.631317,677.697571,649.652222
1699147043159360,139.000000,-0.700800,0.533120,0.473986,0.000100,-0.000420,-0.000450,-0.000510,-0.000550,-0.000030,713.143555,484.451782,731.423462,444.916748,671.062378,559.769531
1699147043714880,135.000000,-0.700800,0.533120,0.473986,0.000100,-0.000420,-0.000450,-0.000510,-0.000550,-0.000030,673.965515,497.943604,785.760254,599.095947,602.433472,551.387512
1699147044181120,163.000000,-0.705150,0.527213,0.474141,0.000100,-0.000420,-0.000450,-0.000510,-0.000550,-0.000040,659.031982,420.393982,733.830627,656.933716,673.794434,449.225403
1699147044766400,166.000000,-0.700800,0.533120,0.473986,0.000100,-0.000420,-0.000450,-0.000510,-0.000550,-0.000030,500.130188,641.721069,749.056152,666.056519,566.512573,532.390320
1699147045232640,227.000000,-0.705150,0.527213,0.474141,0.000100,-0.000420,-0.000450,-0.000510,-0.000550,-0.000040,466.357208,587.056824,700.868591,742.577332,672.458618,506.385529
1699147045688960,220.000000,-0.709106,0.525183,0.470480,0.000100,-0.000410,-0.000450,-0.000510,-0.000550,-0.000040,531.754089,435.370087,730.465393,780.377869,700.706726,684.523865
1699147046125440,305.000000,-0.705150,0.527213,0.474141,0.000100,-0.000420,-0.000450,-0.000510,-0.000550,-0.000040,649.265564,477.596191,804.111084,744.859863,725.587830,573.447388
1699147046552000,187.000000,-0.709106,0.525183,0.470480,0.000100,-0.000410,-0.000450,-0.000510,-0.000550,-0.000040,424.492981,439.172180,599.433228,779.772217,714.978699,670.436707
1699147050391040,335.000000,-0.706750,0.519306,0.480443,0.000090,-0.000410,-0.000460,-0.000510,-0.000550,-0.000040,796.267212,659.944214,759.973755,631.603455,892.351562,705.096069
1699147050817600,194.000000,-0.706750,0.519306,0.480443,0.000090,-0.000410,-0.000460,-0.000510,-0.000550,-0.000040,684.804810,546.423645,705.442993,619.056824,808.840454,660.897705
1699147051293760,270.000000,-0.706750,0.519306,0.480443,0.000090,-0.000410,-0.000460,-0.000510,-0.000550,-0.000040,746.396240,567.326599,777.532837,559.413940,848.565674,562.181885
1699147051779840,159.000000,-0.706750,0.519306,0.480443,0.000090,-0.000410,-0.000460,-0.000510,-0.000550,-0.000040,765.373596,472.741516,795.160278,500.731873,818.595459,520.598999
1699147052047680,29.000000,0.714713,-0.270660,0.644926,-0.000690,-0.000340,-0.000190,0.000350,0.000500,0.000150,312.688293,198.801926,331.644958,241.784454,277.908997,196.348083
1699147052275840,147.000000,-0.564980,-0.818806,-0.101759,0.000090,0.004740,-0.003680,0.001600,-0.001230,-0.000210,668.568604,115.418915,112.517578,106.940536,104.378204,124.285309
1699147052285760,182.000000,-0.712251,0.509237,0.483090,0.000090,-0.000410,-0.000460,-0.000500,-0.000550,-0.000050,376.293304,317.035248,534.470886,220.353546,320.975525,544.920532
1699147052573440,38.000000,0.712294,-0.287135,0.640461,-0.000690,-0.000330,-0.000190,0.000360,0.000500,0.000140,380.792847,258.201324,332.263489,309.074585,359.136444,237.701706
1699147052831360,127.000000,-0.712251,0.509237,0.483090,0.000090,-0.000410,-0.000460,-0.000500,-0.000550,-0.000050,754.176208,611.462158,760.569336,501.324219,753.431519,563.372437
1699147053069440,30.000000,0.712294,-0.287135,0.640461,-0.000690,-0.000330,-0.000190,0.000360,0.000500,0.000140,328.579193,268.683716,275.756775,346.233734,292.208679,287.074402
1699147053357120,118.000000,-0.380932,0.905101,-0.188901,0.000090,0.003910,-0.002620,-0.003810,-0.002170,0.005060,407.666870,117.598969,107.655319,109.102844,125.680466,97.080063
1699147053367040,142.000000,-0.712251,0.509237,0.483090,0.000090,-0.000410,-0.000460,-0.000500,-0.000550,-0.000050,459.224976,553.827515,587.735229,304.144592,357.811615,708.707397
1699147053555520,50.000000,0.712294,-0.287135,0.640461,-0.000690,-0.000330,-0.000190,0.000360,0.000500,0.000140,404.723969,340.288208,319.063782,313.844452,374.958832,224.850479
1699147053882880,90.000000,-0.712251,0.509237,0.483090,0.000090,-0.000410,-0.000460,-0.000500,-0.000550,-0.000050,605.027283,392.000854,515.206238,367.048889,518.839355,518.669556
1699147054418560,109.000000,-0.712251,0.509237,0.483090,0.000090,-0.000410,-0.000460,-0.000500,-0.000550,-0.000050,735.049927,716.700378,699.932495,675.971191,718.996094,745.113220
1699147054785600,37.000000,0.712294,-0.287135,0.640461,-0.000690,-0.000330,-0.000190,0.000360,0.000500,0.000140,171.876190,300.543335,286.417480,254.023453,158.011047,301.281891
1699147054944320,95.000000,-0.712251,0.509237,0.483090,0.000090,-0.000410,-0.000460,-0.000500,-0.000550,-0.000050,685.142029,544.518494,555.905334,557.006226,546.536133,694.214600
1699147055281600,39.000000,0.712294,-0.287135,0.640461,-0.000690,-0.000330,-0.000190,0.000360,0.000500,0.000140,324.445496,289.926819,243.960327,260.813232,311.468506,299.199829
1699147055559360,61.000000,-0.712251,0.509237,0.483090,0.000090,-0.000410,-0.000460,-0.000500,-0.000550,-0.000050,615.013672,670.335754,601.907654,704.088257,621.043579,724.638672
1699147056075200,74.000000,-0.712251,0.509237,0.483090,0.000090,-0.000410,-0.000460,-0.000500,-0.000550,-0.000050,627.068665,599.222290,415.565125,633.085938,540.039001,572.136475
1699147056104960,114.000000,0.712294,-0.287135,0.640461,-0.000690,-0.000330,-0.000190,0.000360,0.000500,0.000140,563.642029,381.023468,441.567322,449.087769,478.513947,567.186401
1699147056581120,100.000000,-0.712510,0.505353,0.486772,0.000090,-0.000410,-0.000470,-0.000500,-0.000550,-0.000050,607.595337,661.669312,426.561371,634.918579,528.056519,468.777954
1699147056769600,139.000000,0.713270,-0.297651,0.634547,-0.000690,-0.000320,-0.000190,0.000370,0.000500,0.000140,655.983276,549.251404,403.429199,424.489227,485.861725,660.876831
1699147057096960,72.000000,-0.712251,0.509237,0.483090,0.000090,-0.000410,-0.000460,-0.000500,-0.000550,-0.000050,644.150818,720.636353,468.335754,670.618042,629.001282,520.914246
1699147057483840,104.000000,0.717956,-0.296707,0.629685,-0.000690,-0.000320,-0.000180,0.000370,0.000500,0.000140,553.822510,547.289062,309.495728,526.811890,227.222610,392.570923
1699147057592960,81.000000,-0.712510,0.505353,0.486772,0.000090,-0.000410,-0.000470,-0.000500,-0.000550,-0.000050,590.375122,623.563477,390.954834,599.321838,562.033508,382.770203
1699147058059200,116.000000,-0.712251,0.509237,0.483090,0.000090,-0.000410,-0.000460,-0.000500,-0.000550,-0.000050,638.974182,719.257751,463.809753,625.834839,604.520935,441.911682
1699147058227840,82.000000,0.713270,-0.297651,0.634547,-0.000690,-0.000320,-0.000190,0.000370,0.000500,0.000140,464.632507,408.978882,214.496613,402.631592,253.314499,195.462479
1699147058684160,71.000000,0.717956,-0.296707,0.629685,-0.000690,-0.000320,-0.000180,0.000370,0.000500,0.000140,455.429657,478.630249,205.315964,470.003357,221.235260,209.908401
1699147058842880,157.000000,-0.716699,0.499352,0.486816,0.000090,-0.000410,-0.000470,-0.000500,-0.000550,-0.000060,702.028381,753.476562,602.179504,656.423645,470.712006,651.944336
1699147059170240,111.000000,0.717739,-0.302213,0.627310,-0.000690,-0.000320,-0.000180,0.000370,0.000510,0.000130,449.248688,368.048889,285.432007,382.969849,195.794067,187.212173
1699147059348800,197.000000,-0.719637,0.497548,0.484324,0.000090,-0.000410,-0.000470,-0.000500,-0.000560,-0.000060,678.157898,775.375244,683.508118,554.581055,393.976624,743.135681
1699147059686080,77.000000,0.717739,-0.302213,0.627310,-0.000690,-0.000320,-0.000180,0.000370,0.000510,0.000130,411.815613,305.697479,271.822845,386.391785,217.044846,320.419617
1699147059844800,141.000000,-0.719637,0.497548,0.484324,0.000090,-0.000410,-0.000470,-0.000500,-0.000560,-0.000060,644.024231,725.871277,720.988525,462.557068,453.972565,760.964417
1699147060231680,76.000000,0.507679,-0.658949,0.555021,-0.004850,-0.000290,-0.000180,0.003540,0.000070,0.000130,108.538574,191.188843,226.411346,90.378609,101.990959,417.748444
1699147060330880,161.000000,-0.720844,0.493334,0.486833,0.000090,-0.000410,-0.000470,-0.000490,-0.000560,-0.000060,591.487244,657.768127,719.545532,429.473999,449.236023,690.795410
1699147060767360,74.000000,0.718536,-0.312612,0.621273,-0.000690,-0.000310,-0.000180,0.000380,0.000510,0.000130,450.907349,374.813293,349.707886,249.093079,287.502136,453.730621
1699147061084800,88.000000,-0.720844,0.493334,0.486833,0.000090,-0.000410,-0.000470,-0.000490,-0.000560,-0.000060,471.871643,470.685272,629.371216,425.691711,462.119171,519.248047
1699147061273280,33.000000,0.802850,0.556787,0.213120,-0.000260,-0.000430,0.000210,-0.000170,0.000470,0.000640,170.104935,140.611877,219.905716,237.083252,163.886520,160.099091
1699147061283200,152.000000,0.710732,-0.308543,0.632188,-0.000690,-0.000310,-0.000190,0.000370,0.000500,0.000130,708.516235,401.605835,405.428284,444.777893,489.410034,694.611328
1699147061749440,33.000000,0.802850,0.556787,0.213120,-0.000260,-0.000430,0.000210,-0.000170,0.000470,0.000640,118.460495,149.760513,237.621124,143.970154,155.894150,178.637207
1699147061769280,160.000000,-0.581378,0.562563,0.587811,0.000090,-0.000410,-0.000470,-0.000490,-0.000210,-0.000060,494.554291,533.928528,319.166840,493.478516,225.410660,403.240906
1699147061779200,81.000000,0.715185,-0.313084,0.624891,-0.000690,-0.000310,-0.000180,0.000380,0.000500,0.000130,633.422913,466.233459,267.451599,344.538361,323.048309,360.476685
1699147062285120,116.000000,0.710498,-0.314001,0.629759,-0.000690,-0.000310,-0.000190,0.000380,0.000500,0.000130,581.930725,590.085327,371.083069,473.074249,434.404938,533.625854
1699147062304960,135.000000,0.192467,-0.850252,-0.489927,0.000080,0.004350,0.000380,0.004370,0.000380,0.000050,383.695221,95.196587,110.832703,89.937996,94.398941,127.983391
1699147062314880,116.000000,-0.665569,0.503625,0.550799,0.000040,-0.000410,-0.000470,-0.000490,-0.000440,-0.000060,148.356125,235.826416,330.888000,179.211166,170.788956,494.638794
1699147062791040,65.000000,0.073380,-0.997216,0.013263,0.000500,-0.000310,-0.000180,0.004030,-0.000870,-0.000010,91.550323,314.086243,205.590012,96.404778,107.873871,178.588531
1699147062830720,116.000000,-0.728888,0.485050,0.483165,0.000090,-0.000400,-0.000470,-0.000490,-0.000560,-0.000070,520.500122,450.664093,700.965454,757.449585,658.496521,623.261230
1699147063326720,35.000000,0.741766,-0.157923,-0.651800,0.004430,-0.000310,0.000030,0.001980,0.005350,0.000120,107.134155,225.956299,166.542816,96.647537,100.386101,161.515808
1699147063346560,85.000000,-0.728888,0.485050,0.483165,0.000090,-0.000400,-0.000470,-0.000490,-0.000560,-0.000070,507.225494,445.050720,659.031189,714.548218,657.021484,627.281982
1699147063882240,168.000000,-0.728888,0.485050,0.483165,0.000090,-0.000400,-0.000470,-0.000490,-0.000560,-0.000070,429.399811,445.086517,638.099304,634.866333,610.679565,590.610718
1699147063892160,58.000000,0.714906,-0.318498,0.622470,-0.000690,-0.000310,-0.000180,0.000380,0.000510,0.000120,357.945587,371.376343,304.813538,454.097107,236.317520,192.706009
1699147064398080,118.000000,-0.726142,0.482985,0.489329,0.000080,-0.000400,-0.000470,-0.000490,-0.000560,-0.000070,423.707642,366.924133,404.447510,675.483032,666.297302,692.212402
1699147064427840,139.000000,0.711518,-0.318995,0.626087,-0.000690,-0.000310,-0.000180,0.000380,0.000500,0.000120,678.716492,606.572754,370.129852,658.280884,415.563232,538.906799
1699147064894080,95.000000,-0.728888,0.485050,0.483165,0.000090,-0.000400,-0.000470,-0.000490,-0.000560,-0.000070,370.201538,506.092102,426.352203,442.898621,413.601624,507.227142
1699147064953600,85.000000,0.706810,-0.319895,0.630941,-0.000690,-0.000310,-0.000190,0.000380,0.000500,0.000120,549.360596,418.434113,293.241516,445.475647,375.108154,517.435791
1699147065400000,142.000000,-0.726243,0.479174,0.492913,0.000080,-0.000400,-0.000480,-0.000490,-0.000560,-0.000070,451.462708,426.016510,374.462341,502.013275,618.450256,529.434326
1699147065479360,107.000000,0.706810,-0.319895,0.630941,-0.000690,-0.000310,-0.000190,0.000380,0.000500,0.000120,727.734375,483.197083,431.589844,566.353699,524.238647,781.851196
1699147065935680,123.000000,-0.728888,0.485050,0.483165,0.000090,-0.000400,-0.000470,-0.000490,-0.000560,-0.000070,393.282593,691.511597,392.550537,506.291626,592.698120,519.600342
1699147065985280,143.000000,0.712516,-0.324004,0.622369,-0.000690,-0.000300,-0.000180,0.000380,0.000500,0.000120,766.115845,507.647827,423.590302,407.338928,518.369324,723.689880
1699147066481280,83.000000,-0.730257,0.473103,0.492847,0.000080,-0.000400,-0.000480,-0.000490,-0.000560,-0.000080,345.729645,585.660461,434.779297,368.379028,550.229370,330.426086
1699147066501120,111.000000,0.712198,-0.329377,0.619906,-0.000690,-0.000300,-0.000180,0.000390,0.000500,0.000120,758.476196,635.961243,441.242920,596.836914,473.834625,685.726013
1699147067007040,151.000000,0.707512,-0.330268,0.624780,-0.000690,-0.000300,-0.000190,0.000390,0.000500,0.000120,736.598572,642.147461,528.998047,565.141418,574.363464,523.567017
1699147067493120,106.000000,-0.207328,-0.267993,-0.940848,0.005090,0.004820,-0.000190,0.000950,0.001340,-0.000070,105.958359,135.371948,407.886597,118.402786,121.471275,99.623215
1699147067503040,50.000000,0.824653,-0.468188,0.317409,-0.000340,-0.000040,-0.000080,0.000390,0.000500,0.000110,162.738251,173.308517,127.120392,722.255676,374.835571,241.537552
1699147067522880,42.000000,-0.731421,0.468680,0.495340,0.000080,-0.000400,-0.000480,-0.000480,-0.000560,-0.000080,341.748566,475.110962,425.771667,320.610840,490.982849,394.107605
1699147067979200,208.000000,0.703748,-0.336149,0.625893,-0.000690,-0.000300,-0.000190,0.000390,0.000500,0.000110,796.202148,816.839478,582.301941,804.741150,654.250488,581.129395
1699147068028800,49.000000,-0.731421,0.468680,0.495340,0.000080,-0.000400,-0.000480,-0.000480,-0.000560,-0.000080,337.390991,512.897949,435.728607,343.628204,397.087158,399.000732
1699147068465280,141.000000,0.703748,-0.336149,0.625893,-0.000690,-0.000300,-0.000190,0.000390,0.000500,0.000110,771.245239,813.240234,548.530640,816.586365,620.410156,601.323914
1699147068544640,72.000000,-0.731421,0.468680,0.495340,0.000080,-0.000400,-0.000480,-0.000480,-0.000560,-0.000080,308.258850,469.354980,436.077332,372.577606,385.263702,485.781921
1699147068961280,98.000000,0.703748,-0.336149,0.625893,-0.000690,-0.000300,-0.000190,0.000390,0.000500,0.000110,700.346985,660.884277,507.227661,688.251648,532.076111,591.087646
1699147069070400,47.000000,-0.731421,0.468680,0.495340,0.000080,-0.000400,-0.000480,-0.000480,-0.000560,-0.000080,385.700134,514.375488,509.014465,448.565247,432.295654,472.246277
1699147069487040,117.000000,0.703748,-0.336149,0.625893,-0.000690,-0.000300,-0.000190,0.000390,0.000500,0.000110,610.081787,526.481201,457.747284,555.737488,479.421204,588.733948
1699147069606080,57.000000,-0.731421,0.468680,0.495340,0.000080,-0.000400,-0.000480,-0.000480,-0.000560,-0.000080,308.877197,351.194275,389.934875,415.401703,283.812805,385.221497
1699147070002880,97.000000,0.703748,-0.336149,0.625893,-0.000690,-0.000300,-0.000190,0.000390,0.000500,0.000110,649.424683,444.203888,441.255737,525.220032,509.279907,655.185425
1699147070221120,65.000000,-0.731421,0.468680,0.495340,0.000080,-0.000400,-0.000480,-0.000480,-0.000560,-0.000080,408.158508,439.547485,586.171753,477.953674,415.340057,386.674500
1699147070756800,52.000000,-0.731421,0.468680,0.495340,0.000080,-0.000400,-0.000480,-0.000480,-0.000560,-0.000080,443.983398,389.375793,400.473633,494.884918,328.016632,336.042755
1699147070806400,177.000000,0.972693,-0.170081,-0.157927,-0.003610,0.004530,-0.000190,-0.002570,0.004250,0.001650,107.554115,91.906784,212.637299,114.208549,122.673225,99.591331
1699147071272640,71.000000,-0.735385,0.462555,0.495229,0.000080,-0.000400,-0.000480,-0.000480,-0.000560,-0.000090,391.333160,361.492676,451.775452,488.968994,265.250061,359.304565
1699147071302400,151.000000,0.704314,-0.346437,0.619615,-0.000690,-0.000290,-0.000190,0.000400,0.000500,0.000110,753.770874,569.382019,667.889832,526.892456,705.495239,625.590088
1699147071778560,93.000000,-0.611150,0.705884,0.358083,0.000080,-0.000400,-0.000190,-0.000480,-0.000560,0.000110,303.560577,223.367493,323.658020,469.107208,203.207550,235.539337
1699147071788480,32.000000,0.741226,-0.349520,0.573079,-0.000670,-0.000270,-0.000120,0.000400,0.000500,0.000110,171.490479,197.432800,200.232483,486.924957,344.813446,342.269867
1699147072274560,62.000000,-0.735385,0.462555,0.495229,0.000080,-0.000400,-0.000480,-0.000480,-0.000560,-0.000090,530.052734,396.079865,458.024414,435.145477,390.928741,409.997498
1699147072314240,120.000000,0.700477,-0.352300,0.620659,-0.000690,-0.000290,-0.000190,0.000400,0.000500,0.000100,674.663574,666.839539,517.702393,675.007690,581.339844,417.457581
1699147072740800,62.000000,-0.738146,0.460923,0.492636,0.000080,-0.000400,-0.000480,-0.000480,-0.000570,-0.000090,577.796997,398.432861,385.773804,489.083862,391.432129,579.216064
1699147073127680,161.000000,0.700477,-0.352300,0.620659,-0.000690,-0.000290,-0.000190,0.000400,0.000500,0.000100,885.145508,898.150452,763.575745,861.838928,790.138062,801.990479
1699147073464960,72.000000,-0.740507,0.455612,0.494032,0.000080,-0.000390,-0.000480,-0.000470,-0.000560,-0.000090,541.947327,373.854248,372.046478,386.650757,330.513672,515.640015
1699147073564160,188.000000,0.700477,-0.352300,0.620659,-0.000690,-0.000290,-0.000190,0.000400,0.000500,0.000100,886.375610,896.917603,762.109985,881.083923,790.556274,847.461731
1699147074020480,61.000000,-0.743240,0.453995,0.491409,0.000080,-0.000390,-0.000480,-0.000470,-0.000570,-0.000090,491.470306,402.622681,298.194946,339.331635,289.834991,483.428802
1699147074367680,105.000000,0.789162,0.451158,0.416750,-0.003470,-0.000290,-0.000190,-0.005210,0.005330,0.000100,91.249687,533.463135,581.803772,109.640747,109.416496,623.011841
1699147075062080,96.000000,0.700477,-0.352300,0.620659,-0.000690,-0.000290,-0.000190,0.000400,0.000500,0.000100,739.940796,504.573944,684.562622,547.248108,741.795654,770.466736
1699147075855680,117.000000,0.700909,-0.362494,0.614268,-0.000690,-0.000280,-0.000190,0.000410,0.000500,0.000100,630.420532,416.457642,430.130798,371.932343,465.906891,484.287201
1699147076292160,81.000000,0.700909,-0.362494,0.614268,-0.000690,-0.000280,-0.000190,0.000410,0.000500,0.000100,494.925842,443.948853,417.711365,354.976868,457.459961,311.926392
1699147076788160,66.000000,0.528523,-0.288011,0.798570,-0.000550,-0.000280,-0.000190,0.000270,0.000150,0.000090,113.842232,427.086548,329.833740,146.439240,123.119324,272.438110
1699147077204800,47.000000,-0.746991,0.444113,0.494740,0.000080,-0.000390,-0.000490,-0.000470,-0.000570,-0.000100,318.413025,395.869293,443.915344,318.822388,347.249908,391.040283
1699147077323840,43.000000,0.696998,-0.368334,0.615243,-0.000690,-0.000280,-0.000190,0.000410,0.000500,0.000090,325.561646,341.475128,254.692612,327.663879,268.397247,272.991882
1699147077700800,50.000000,-0.746991,0.444113,0.494740,0.000080,-0.000390,-0.000490,-0.000470,-0.000570,-0.000100,368.820709,473.725830,427.684998,354.479584,410.347229,457.563171
1699147077938880,57.000000,0.696998,-0.368334,0.615243,-0.000690,-0.000280,-0.000190,0.000410,0.000500,0.000090,402.717560,427.503357,334.480713,427.147736,402.408905,417.082703
1699147078266240,60.000000,-0.746991,0.444113,0.494740,0.000080,-0.000390,-0.000490,-0.000470,-0.000570,-0.000100,386.286133,479.000122,391.423584,376.457733,415.933960,453.057159
1699147078444800,64.000000,0.696998,-0.368334,0.615243,-0.000690,-0.000280,-0.000190,0.000410,0.000500,0.000090,287.389526,254.674744,225.650177,283.551788,292.614441,401.442108
1699147078801920,25.000000,-0.746991,0.444113,0.494740,0.000080,-0.000390,-0.000490,-0.000470,-0.000570,-0.000100,148.751282,275.327606,244.422256,152.801239,267.022095,403.084015
1699147078960640,34.000000,0.696998,-0.368334,0.615243,-0.000690,-0.000280,-0.000190,0.000410,0.000500,0.000090,401.622009,343.378662,296.039551,322.590454,316.311890,336.357849
1699147079416960,51.000000,-0.749073,0.431086,0.503044,0.000070,-0.000390,-0.000490,-0.000460,-0.000570,-0.000110,286.432465,486.833221,290.402283,319.212830,456.872375,265.794037
1699147079962560,45.000000,-0.751890,0.433266,0.496932,0.000080,-0.000390,-0.000490,-0.000460,-0.000570,-0.000110,231.023361,437.445068,204.829315,256.478821,344.149048,209.263260
1699147080498240,42.000000,-0.748882,0.427430,0.506438,0.000070,-0.000390,-0.000500,-0.000460,-0.000570,-0.000110,311.237732,553.515747,294.726379,383.633057,381.639191,352.525208
1699147080557760,32.000000,0.467321,-0.872969,0.139771,-0.000690,-0.000270,-0.000160,0.005340,0.000530,0.000090,141.079819,136.867493,144.585571,103.506210,97.659416,158.031906
1699147081043840,71.000000,-0.748882,0.427430,0.506438,0.000070,-0.000390,-0.000500,-0.000460,-0.000570,-0.000110,233.934479,390.506592,235.493713,387.633392,434.397644,381.836243
1699147081579520,55.000000,-0.748882,0.427430,0.506438,0.000070,-0.000390,-0.000500,-0.000460,-0.000570,-0.000110,497.950531,577.005798,540.380310,577.410645,588.155823,597.735474
1699147082075520,81.000000,-0.748882,0.427430,0.506438,0.000070,-0.000390,-0.000500,-0.000460,-0.000570,-0.000110,481.439697,489.761017,485.547302,538.359497,524.074280,588.448364
1699147082621120,72.000000,-0.748882,0.427430,0.506438,0.000070,-0.000390,-0.000500,-0.000460,-0.000570,-0.000110,517.265869,351.727875,506.014404,477.769775,533.692688,420.748474
1699147083146880,106.000000,-0.748882,0.427430,0.506438,0.000070,-0.000390,-0.000500,-0.000460,-0.000570,-0.000110,709.300903,622.584717,729.045776,597.955872,689.246399,584.275146
1699147083692480,66.000000,-0.748882,0.427430,0.506438,0.000070,-0.000390,-0.000500,-0.000460,-0.000570,-0.000110,693.238281,465.674316,694.254761,448.453979,656.718689,431.758545
1699147084188480,65.000000,-0.748882,0.427430,0.506438,0.000070,-0.000390,-0.000500,-0.000460,-0.000570,-0.000110,622.672119,505.837585,618.619873,430.796509,599.202515,386.948547
1699147084714240,51.000000,-0.753622,0.416436,0.508562,0.000070,-0.000390,-0.000500,-0.000450,-0.000570,-0.000120,658.909241,469.566376,568.596130,388.631775,635.304321,456.953308
1699147085249920,101.000000,-0.757537,0.413810,0.504875,0.000070,-0.000380,-0.000500,-0.000450,-0.000570,-0.000120,640.655334,386.270782,586.118530,511.569214,675.503723,580.796753
1699147085755840,104.000000,-0.753622,0.416436,0.508562,0.000070,-0.000390,-0.000500,-0.000450,-0.000570,-0.000120,540.736572,436.817139,460.045044,630.995483,680.594116,687.122803
1699147086400640,39.000000,0.715296,-0.380099,0.586409,-0.000690,-0.000260,-0.000160,0.000400,0.000530,0.000070,232.700989,282.062164,220.810455,236.109131,206.429535,170.842926
1699147086470080,73.000000,-0.753355,0.412832,0.511885,0.000070,-0.000390,-0.000510,-0.000450,-0.000570,-0.000120,357.807190,541.351868,541.649292,652.302490,611.063477,737.268921
1699147087015680,79.000000,-0.753355,0.412832,0.511885,0.000070,-0.000390,-0.000510,-0.000450,-0.000570,-0.000120,388.224945,416.474060,489.044495,681.125305,672.044128,714.081665
1699147087531520,125.000000,-0.757252,0.410208,0.508232,0.000070,-0.000380,-0.000510,-0.000450,-0.000570,-0.000120,399.421661,505.109863,627.243652,654.653564,573.370239,478.488617
1699147088027520,93.000000,-0.754368,0.407966,0.514289,0.000060,-0.000380,-0.000510,-0.000450,-0.000570,-0.000120,489.865845,538.030212,677.519226,630.364258,614.546875,442.552307
1699147088533440,109.000000,-0.757954,0.401731,0.513924,0.000060,-0.000380,-0.000510,-0.000450,-0.000570,-0.000130,550.340088,550.893677,721.963745,521.485962,635.278564,459.526733
1699147089009600,73.000000,-0.241536,0.205770,-0.948324,0.000060,-0.000160,0.004660,-0.000450,-0.002230,-0.001350,448.875031,136.448730,109.486885,157.548004,98.471947,119.760040
1699147089505600,135.000000,-0.758944,0.396770,0.516312,0.000060,-0.000380,-0.000510,-0.000440,-0.000570,-0.000130,606.775757,730.557007,752.222229,404.229004,576.149597,765.521729
1699147090021440,119.000000,-0.758944,0.396770,0.516312,0.000060,-0.000380,-0.000510,-0.000440,-0.000570,-0.000130,566.074463,611.831665,652.672668,379.226379,462.869537,654.489990
1699147090517440,88.000000,-0.758944,0.396770,0.516312,0.000060,-0.000380,-0.000510,-0.000440,-0.000570,-0.000130,511.885956,618.671387,606.317200,430.090637,443.505737,675.930054
1699147091013440,68.000000,-0.758944,0.396770,0.516312,0.000060,-0.000380,-0.000510,-0.000440,-0.000570,-0.000130,582.548889,622.068604,536.751343,515.815552,426.697571,613.819458
1699147091519360,67.000000,-0.758944,0.396770,0.516312,0.000060,-0.000380,-0.000510,-0.000440,-0.000570,-0.000130,512.314575,542.258301,426.991669,505.307495,385.965424,473.198792
1699147092005440,103.000000,-0.758944,0.396770,0.516312,0.000060,-0.000380,-0.000510,-0.000440,-0.000570,-0.000130,661.151367,661.013123,482.088593,597.468018,459.409576,536.474426
1699147092551040,87.000000,-0.762469,0.390498,0.515899,0.000060,-0.000380,-0.000510,-0.000440,-0.000570,-0.000140,468.345551,399.959412,205.239487,411.000916,248.804474,229.432343
1699147093235520,96.000000,-0.762070,0.386982,0.519129,0.000060,-0.000380,-0.000520,-0.000440,-0.000570,-0.000140,506.903564,587.245544,482.212860,491.656342,358.024872,478.723175
1699147093781120,46.000000,-0.764571,0.385770,0.516346,0.000060,-0.000380,-0.000520,-0.000440,-0.000580,-0.000140,415.386749,478.682159,433.813843,375.175781,233.467529,428.185364
1699147094306880,78.000000,-0.763007,0.381929,0.521489,0.000060,-0.000380,-0.000520,-0.000430,-0.000570,-0.000140,341.538727,551.250183,516.204346,293.388123,335.624573,574.062866
1699147095011200,83.000000,-0.763007,0.381929,0.521489,0.000060,-0.000380,-0.000520,-0.000430,-0.000570,-0.000140,443.741333,538.256958,566.885681,497.652588,421.598663,617.141235
1699147095536960,86.000000,-0.765512,0.380742,0.518678,0.000060,-0.000380,-0.000520,-0.000430,-0.000580,-0.000140,553.912659,548.796387,685.496216,542.460083,465.968079,559.295044
1699147096042880,85.000000,-0.765512,0.380742,0.518678,0.000060,-0.000380,-0.000520,-0.000430,-0.000580,-0.000140,488.634277,448.410431,726.644592,674.450867,527.605835,436.775879
1699147096697600,94.000000,-0.762569,0.378442,0.524662,0.000050,-0.000380,-0.000520,-0.000430,-0.000580,-0.000140,476.860901,490.244354,667.946411,762.756836,431.692078,375.111481
1699147097223360,98.000000,-0.768905,0.374503,0.518202,0.000060,-0.000380,-0.000520,-0.000430,-0.000580,-0.000150,311.513062,329.573975,584.411255,579.601746,383.356598,350.784698
1699147097739200,61.000000,-0.772742,0.371686,0.514508,0.000060,-0.000370,-0.000520,-0.000430,-0.000580,-0.000150,360.530090,398.377380,557.169434,670.191406,539.814087,603.084351
1699147098225280,126.000000,-0.765968,0.372202,0.524175,0.000050,-0.000380,-0.000520,-0.000430,-0.000580,-0.000150,573.198486,430.477722,372.901123,655.958984,539.064270,624.617126
1699147098701440,158.000000,-0.765968,0.372202,0.524175,0.000050,-0.000380,-0.000520,-0.000430,-0.000580,-0.000150,627.145996,397.462158,395.250244,569.242676,508.637329,623.570068
1699147099177600,102.000000,-0.769818,0.369384,0.520514,0.000050,-0.000370,-0.000520,-0.000430,-0.000580,-0.000150,572.939941,464.438232,386.727295,516.119873,587.879761,728.771362
1699147099653760,121.000000,-0.769317,0.365964,0.523663,0.000050,-0.000370,-0.000530,-0.000430,-0.000580,-0.000150,672.522339,462.646118,489.510254,420.233093,617.742554,667.248291
1699147100120000,160.000000,-0.770187,0.360791,0.525968,0.000050,-0.000370,-0.000530,-0.000420,-0.000580,-0.000150,694.449463,641.795288,494.996796,500.697937,594.799927,466.443481
1699147100566400,144.000000,-0.770187,0.360791,0.525968,0.000050,-0.000370,-0.000530,-0.000420,-0.000580,-0.000150,604.596313,619.890747,479.272095,500.434204,579.372803,437.395050
1699147101022720,130.000000,-0.773472,0.354526,0.525407,0.000050,-0.000370,-0.000530,-0.000420,-0.000580,-0.000160,740.372864,722.854736,629.783447,659.380859,730.813232,551.691772
1699147101786560,71.000000,-0.773472,0.354526,0.525407,0.000050,-0.000370,-0.000530,-0.000420,-0.000580,-0.000160,557.664368,572.446899,436.785217,580.876099,458.614868,424.172363
1699147102322240,134.000000,-0.773472,0.354526,0.525407,0.000050,-0.000370,-0.000530,-0.000420,-0.000580,-0.000160,660.399231,679.240723,696.127625,669.399048,618.011292,604.999329
1699147102838080,157.000000,-0.773472,0.354526,0.525407,0.000050,-0.000370,-0.000530,-0.000420,-0.000580,-0.000160,576.153076,676.080078,682.889038,615.543152,591.689087,691.905396
1699147103472960,153.000000,-0.773472,0.354526,0.525407,0.000050,-0.000370,-0.000530,-0.000420,-0.000580,-0.000160,697.361816,744.843872,741.208496,639.917603,671.209595,710.881104
1699147103780480,38.000000,0.834911,0.501571,0.226606,-0.000300,-0.000420,0.000210,-0.000130,0.000500,0.000630,143.289627,193.504654,151.322174,116.261658,189.940857,139.329239
1699147104058240,107.000000,-0.773472,0.354526,0.525407,0.000050,-0.000370,-0.000530,-0.000420,-0.000580,-0.000160,552.306824,675.334106,660.603271,447.210052,571.512024,578.079651
1699147104246720,35.000000,0.834911,0.501571,0.226606,-0.000300,-0.000420,0.000210,-0.000130,0.000500,0.000630,232.414307,247.423462,163.846710,185.094803,240.335892,211.205536
1699147104574080,87.000000,-0.773472,0.354526,0.525407,0.000050,-0.000370,-0.000530,-0.000420,-0.000580,-0.000160,433.706482,549.829224,558.667236,320.982025,512.851196,455.365143
1699147105050240,67.000000,-0.777531,0.342976,0.527080,0.000050,-0.000370,-0.000530,-0.000410,-0.000580,-0.000170,470.740936,545.514099,464.690918,362.675446,609.366821,337.167480
1699147105228800,45.000000,0.585516,0.387020,0.712311,-0.000300,-0.000420,-0.000570,-0.000100,0.000500,0.000630,172.684814,200.721466,117.529282,120.015755,144.994675,229.730103
1699147105546240,111.000000,-0.777531,0.342976,0.527080,0.000050,-0.000370,-0.000530,-0.000410,-0.000580,-0.000170,449.169189,645.446350,512.574219,557.994019,714.375610,522.816284
1699147105675200,49.000000,-0.854365,0.485894,0.184301,-0.000270,-0.000420,0.000210,-0.000150,-0.002930,0.000630,104.120461,137.970596,154.327988,100.564072,107.220245,157.575745
1699147105992640,117.000000,-0.777531,0.342976,0.527080,0.000050,-0.000370,-0.000530,-0.000410,-0.000580,-0.000170,580.354919,517.127319,590.120361,629.017822,728.752197,605.149170
1699147106548160,44.000000,0.847154,0.446754,-0.287648,-0.000300,-0.000420,0.001310,-0.000120,0.000500,0.000630,157.749176,123.362907,106.945465,100.718826,173.433273,169.023315
1699147106716800,92.000000,-0.773881,0.337294,0.536042,0.000040,-0.000370,-0.000540,-0.000410,-0.000580,-0.000170,458.634583,531.229248,388.644196,605.323792,641.391357,637.135437
1699147106994560,47.000000,0.859932,0.473239,0.191212,-0.000300,-0.000420,0.000260,-0.000100,0.000530,0.000630,195.355469,194.133652,121.170456,157.081161,112.440422,175.082184
1699147107252480,105.000000,-0.773881,0.337294,0.536042,0.000040,-0.000370,-0.000540,-0.000410,-0.000580,-0.000170,403.244202,411.176544,450.001160,647.401978,677.562500,713.263794
1699147107470720,37.000000,0.818251,0.533360,0.214459,-0.000270,-0.000420,0.000210,-0.000150,0.000480,0.000630,147.670975,186.717682,221.175720,164.648560,126.989075,260.902771
1699147107798080,61.000000,-0.773881,0.337294,0.536042,0.000040,-0.000370,-0.000540,-0.000410,-0.000580,-0.000170,432.796936,345.150970,418.229736,515.987549,500.101624,542.839905
1699147108323840,49.000000,-0.777686,0.334323,0.532384,0.000040,-0.000360,-0.000540,-0.000410,-0.000580,-0.000170,410.420868,311.117218,394.599487,387.291565,483.680115,382.692078
1699147108849600,43.000000,-0.773881,0.337294,0.536042,0.000040,-0.000370,-0.000540,-0.000410,-0.000580,-0.000170,343.513641,197.491043,391.124146,336.948669,381.579346,338.715668
1699147109444800,51.000000,-0.777686,0.334323,0.532384,0.000040,-0.000360,-0.000540,-0.000410,-0.000580,-0.000170,351.437469,307.685577,339.609314,324.141724,345.393555,245.953705
1699147109980480,50.000000,-0.781554,0.322625,0.533935,0.000040,-0.000360,-0.000540,-0.000400,-0.000580,-0.000180,497.268890,362.897827,488.058167,325.596069,424.876312,364.472931
1699147110248320,36.000000,0.846223,0.484325,0.222117,-0.000300,-0.000420,0.000210,-0.000120,0.000530,0.000630,95.639656,208.239731,175.012787,135.397446,118.867447,137.020432
1699147110506240,52.000000,-0.781554,0.322625,0.533935,0.000040,-0.000360,-0.000540,-0.000400,-0.000580,-0.000180,434.376801,360.638306,461.602112,368.497589,540.049866,449.396790
1699147111210560,89.000000,-0.781554,0.322625,0.533935,0.000040,-0.000360,-0.000540,-0.000400,-0.000580,-0.000180,445.510742,449.974854,477.247833,460.085999,508.133118,508.464935
1699147111369280,41.000000,0.838443,0.495522,0.226873,-0.000300,-0.000420,0.000210,-0.000120,0.000500,0.000630,176.085724,291.077423,185.425537,197.438675,185.884598,247.125336
1699147111746240,37.000000,-0.781554,0.322625,0.533935,0.000040,-0.000360,-0.000540,-0.000400,-0.000580,-0.000180,335.432007,397.940552,355.188324,412.502258,439.087280,468.417419
1699147111785920,43.000000,0.837358,0.499528,0.222044,-0.000290,-0.000420,0.000210,-0.000120,0.000500,0.000630,142.248291,250.201874,194.191864,238.088226,147.175797,228.394180
1699147112450560,70.000000,-0.781554,0.322625,0.533935,0.000040,-0.000360,-0.000540,-0.000400,-0.000580,-0.000180,353.011597,445.912903,280.202026,422.742188,371.296722,394.064819
1699147112986240,57.000000,-0.780842,0.319394,0.536912,0.000040,-0.000360,-0.000550,-0.000400,-0.000580,-0.000180,290.541077,417.775024,222.098709,285.937836,380.743591,256.602539
1699147113006080,40.000000,0.708540,0.643603,0.289389,-0.000300,-0.000420,0.000210,-0.000120,0.000150,0.000630,209.229706,215.289948,237.226181,321.645447,107.956375,161.168945
1699147113502080,62.000000,-0.780842,0.319394,0.536912,0.000040,-0.000360,-0.000550,-0.000400,-0.000580,-0.000180,332.364929,448.161499,196.326706,332.823608,329.934265,254.177734
1699147113720320,66.000000,0.841083,0.491762,0.225276,-0.000300,-0.000420,0.000210,-0.000120,0.000510,0.000630,234.651215,392.279358,429.260071,382.744934,235.269241,372.775330
1699147113998080,38.000000,-0.781442,0.305213,0.544236,0.000030,-0.000360,-0.000550,-0.000390,-0.000580,-0.000190,393.982269,532.248474,429.392975,362.925537,538.404907,397.734589
1699147114166720,83.000000,0.840020,0.495741,0.220471,-0.000290,-0.000420,0.000210,-0.000120,0.000510,0.000630,267.889404,403.860901,483.284882,406.989380,310.281555,454.969086
1699147114484160,30.000000,-0.781442,0.305213,0.544236,0.000030,-0.000360,-0.000550,-0.000390,-0.000580,-0.000190,243.808716,429.230042,296.489288,285.707275,394.261414,290.046204
1699147114563520,40.000000,0.905585,0.391902,0.162258,-0.000310,-0.000350,0.000260,-0.000040,0.000570,0.000600,308.832245,326.207153,276.999176,282.279724,282.917633,306.649628
1699147114632960,82.000000,0.841083,0.491762,0.225276,-0.000300,-0.000420,0.000210,-0.000120,0.000510,0.000630,292.723694,331.339203,442.147156,461.759796,389.090942,443.445251
1699147114950400,68.000000,-0.781442,0.305213,0.544236,0.000030,-0.000360,-0.000550,-0.000390,-0.000580,-0.000190,273.525848,383.131836,310.830353,289.306152,286.008789,297.071289
1699147115257920,69.000000,0.841083,0.491762,0.225276,-0.000300,-0.000420,0.000210,-0.000120,0.000510,0.000630,291.612732,309.989319,426.037415,440.350891,334.815887,414.070099
1699147115406720,44.000000,0.783112,0.600742,0.160764,-0.000310,-0.000360,0.000260,-0.000390,0.000570,0.000600,278.181488,210.772705,224.222885,283.570251,299.532410,236.502472
1699147115753920,61.000000,0.841083,0.491762,0.225276,-0.000300,-0.000420,0.000210,-0.000120,0.000510,0.000630,282.046478,385.040375,460.508240,479.968445,393.382111,499.506226
1699147115872960,65.000000,-0.781442,0.305213,0.544236,0.000030,-0.000360,-0.000550,-0.000390,-0.000580,-0.000190,369.241455,461.913330,428.980469,452.744080,401.507324,486.440186
1699147116240000,86.000000,0.840020,0.495741,0.220471,-0.000290,-0.000420,0.000210,-0.000120,0.000510,0.000630,323.587952,417.928955,524.472839,562.194214,405.811920,515.109680
1699147116349120,86.000000,-0.781442,0.305213,0.544236,0.000030,-0.000360,-0.000550,-0.000390,-0.000580,-0.000190,463.549988,467.243469,472.917786,491.761749,416.790955,469.020538
1699147116825280,101.000000,-0.781442,0.305213,0.544236,0.000030,-0.000360,-0.000550,-0.000390,-0.000580,-0.000190,408.576080,427.783813,422.865936,363.374023,446.839661,473.834015
1699147116974080,94.000000,0.841083,0.491762,0.225276,-0.000300,-0.000420,0.000210,-0.000120,0.000510,0.000630,275.219421,329.920807,435.032623,462.648712,414.975494,411.372314
1699147117341120,77.000000,-0.781442,0.305213,0.544236,0.000030,-0.000360,-0.000550,-0.000390,-0.000580,-0.000190,367.326752,341.919800,423.907227,344.319214,347.695862,351.662781
1699147117430400,98.000000,0.845125,0.486579,0.221369,-0.000290,-0.000410,0.000210,-0.000120,0.000510,0.000600,322.189392,285.940430,258.442505,478.070831,173.735077,184.587143
1699147117985920,96.000000,-0.781442,0.305213,0.544236,0.000030,-0.000360,-0.000550,-0.000390,-0.000580,-0.000190,523.345276,470.271240,468.348572,395.411407,507.449127,367.617371
1699147118174400,72.000000,0.842440,0.493651,0.215878,-0.000290,-0.000410,0.000210,-0.000120,0.000510,0.000630,320.428955,322.145996,379.197479,537.997925,434.057220,416.578033
1699147118491840,64.000000,-0.784412,0.298947,0.543442,0.000030,-0.000360,-0.000550,-0.000390,-0.000580,-0.000200,400.355682,461.533661,388.675049,282.559265,353.743256,268.067413
1699147118670400,93.000000,-0.091087,0.754345,-0.650128,-0.000290,0.004060,0.000210,-0.005120,0.000510,0.001800,250.664185,95.709526,355.928528,100.873169,219.840820,106.812180
1699147119156480,77.000000,0.863353,0.466393,0.192612,-0.000300,-0.000340,0.000210,-0.000120,0.000510,0.000600,189.321930,231.807281,224.152023,342.654175,251.785141,282.261139
1699147119245760,59.000000,-0.784194,0.290250,0.548448,0.000030,-0.000360,-0.000560,-0.000380,-0.000580,-0.000200,222.817703,341.146057,229.368164,340.474518,390.860779,337.443939
1699147119563200,46.000000,0.911371,0.382868,0.151045,-0.000310,-0.000340,0.000270,-0.000030,0.000570,0.000600,405.058289,408.470093,297.856201,435.127258,387.256866,342.190460
1699147119583040,69.000000,0.842440,0.493651,0.215878,-0.000290,-0.000410,0.000210,-0.000120,0.000510,0.000630,315.021729,374.432678,311.448700,436.529510,460.450317,429.988098
1699147119801280,55.000000,-0.781014,0.287790,0.554251,0.000020,-0.000360,-0.000560,-0.000380,-0.000580,-0.000200,222.389603,322.130737,299.112549,323.742798,335.658447,317.432159
1699147119969920,58.000000,0.911371,0.382868,0.151045,-0.000310,-0.000340,0.000270,-0.000030,0.000570,0.000600,244.635223,220.327652,319.526672,162.174072,245.242737,162.899658
1699147120088960,39.000000,0.842440,0.493651,0.215878,-0.000290,-0.000410,0.000210,-0.000120,0.000510,0.000630,342.627625,387.464142,290.573730,496.019531,362.051575,429.381378
1699147120317120,63.000000,-0.749476,0.457703,0.478323,0.000020,-0.000360,-0.000300,-0.000380,-0.000550,-0.000100,353.723999,429.604889,122.536026,452.595947,111.051292,141.749435
1699147120396480,68.000000,0.911371,0.382868,0.151045,-0.000310,-0.000340,0.000270,-0.000030,0.000570,0.000600,344.432556,369.803467,298.905304,418.261047,396.249573,365.721436
1699147120525440,28.000000,0.842440,0.493651,0.215878,-0.000290,-0.000410,0.000210,-0.000120,0.000510,0.000630,309.943787,310.341614,230.131683,308.234192,397.702209,289.418976
1699147120832960,77.000000,-0.792221,0.278155,0.543154,0.000020,-0.000330,-0.000560,-0.000380,-0.000580,-0.000200,375.430542,247.215576,385.208832,438.880615,441.759888,481.473877
1699147121338880,68.000000,-0.784754,0.284611,0.550598,0.000020,-0.000350,-0.000560,-0.000380,-0.000580,-0.000200,408.652893,327.991211,416.286499,429.851685,449.588928,470.959320
1699147121824960,64.000000,-0.781014,0.287790,0.554251,0.000020,-0.000360,-0.000560,-0.000380,-0.000580,-0.000200,455.793396,357.595947,415.359863,429.664764,442.743927,431.235077
1699147122320960,59.000000,-0.781014,0.287790,0.554251,0.000020,-0.000360,-0.000560,-0.000380,-0.000580,-0.000200,518.893250,329.435913,578.553772,350.959747,558.545532,370.082916
1699147122618560,31.000000,0.843945,0.493838,0.209476,-0.000290,-0.000410,0.000220,-0.000120,0.000510,0.000630,248.252197,268.678345,208.209000,259.148193,157.808685,250.054901
1699147122807040,83.000000,-0.784409,0.275875,0.555514,0.000020,-0.000360,-0.000560,-0.000370,-0.000580,-0.000210,490.372375,291.467712,506.054871,303.632080,478.711243,286.518066
1699147122816960,33.000000,0.676189,-0.498618,0.542355,-0.000670,-0.000190,-0.000170,0.000510,0.000500,0.000020,161.496277,187.257736,176.962799,121.101303,154.895432,199.351913
1699147123303040,75.000000,-0.788129,0.272637,0.551834,0.000020,-0.000350,-0.000560,-0.000370,-0.000580,-0.000210,538.005188,423.766022,575.072876,558.588623,616.377930,496.390930
1699147123501440,53.000000,0.912611,0.383742,0.141006,-0.000300,-0.000330,0.000270,-0.000030,0.000570,0.000600,313.002533,338.046265,354.149384,363.240173,223.715103,303.676941
1699147123799040,124.000000,-0.788129,0.272637,0.551834,0.000020,-0.000350,-0.000560,-0.000370,-0.000580,-0.000210,682.194519,477.900452,703.307007,655.804749,724.406372,623.686401
1699147123888320,52.000000,0.912611,0.383742,0.141006,-0.000300,-0.000330,0.000270,-0.000030,0.000570,0.000600,300.477753,276.798340,273.777313,244.767853,201.483765,269.996735
1699147124314880,43.000000,0.912611,0.383742,0.141006,-0.000300,-0.000330,0.000270,-0.000030,0.000570,0.000600,320.259216,424.247162,377.709259,298.259399,207.148788,358.452698
1699147124424000,90.000000,-0.788129,0.272637,0.551834,0.000020,-0.000350,-0.000560,-0.000370,-0.000580,-0.000210,527.613464,505.534454,627.197510,638.038208,622.471680,597.630859
1699147124731520,29.000000,0.912611,0.383742,0.141006,-0.000300,-0.000330,0.000270,-0.000030,0.000570,0.000600,198.506561,252.019730,219.889175,201.944885,210.263809,282.367859
1699147124969600,88.000000,-0.788129,0.272637,0.551834,0.000020,-0.000350,-0.000560,-0.000370,-0.000580,-0.000210,357.304108,492.728149,487.487427,558.874451,555.316528,623.546936
1699147125475520,76.000000,-0.788129,0.272637,0.551834,0.000020,-0.000350,-0.000560,-0.000370,-0.000580,-0.000210,274.044586,380.274963,313.080658,514.812134,488.854919,457.156769
1699147125723520,36.000000,0.915069,0.380560,0.133502,-0.000300,-0.000330,0.000280,-0.000030,0.000580,0.000600,193.718979,111.466736,176.265427,161.677032,145.321976,245.776093
1699147125981440,65.000000,-0.784894,0.270141,0.557642,0.000010,-0.000350,-0.000560,-0.000370,-0.000580,-0.000210,389.950958,504.649139,376.875977,480.337128,568.733032,544.267456
1699147126110400,26.000000,0.915069,0.380560,0.133502,-0.000300,-0.000330,0.000280,-0.000030,0.000580,0.000600,278.242126,275.488708,264.617157,227.272049,197.840393,273.770142
1699147126150080,43.000000,0.673540,-0.500768,0.543669,-0.000670,-0.000180,-0.000170,0.000490,0.000500,0.000010,259.856415,139.269180,168.431091,301.165253,266.845795,317.912292
1699147126487360,62.000000,-0.784894,0.270141,0.557642,0.000010,-0.000350,-0.000560,-0.000370,-0.000580,-0.000210,324.631683,501.385071,386.513367,456.853729,495.044617,494.680115
1699147126527040,49.000000,0.915069,0.380560,0.133502,-0.000300,-0.000330,0.000280,-0.000030,0.000580,0.000600,426.225861,269.806671,373.765625,268.717468,313.795349,364.442444
1699147126715520,40.000000,0.673540,-0.500768,0.543669,-0.000670,-0.000180,-0.000170,0.000490,0.000500,0.000010,235.303177,221.490570,288.296875,239.445938,246.887573,271.196899
1699147126963520,33.000000,0.916985,0.377675,0.128455,-0.000300,-0.000320,0.000280,-0.000030,0.000580,0.000600,413.827362,318.447418,428.941559,281.154816,364.679871,329.536804
1699147127032960,50.000000,-0.787176,0.255134,0.561481,0.000010,-0.000350,-0.000570,-0.000360,-0.000580,-0.000220,403.475708,411.069092,382.453064,306.105438,434.554077,286.884033
1699147127231360,36.000000,0.673540,-0.500768,0.543669,-0.000670,-0.000180,-0.000170,0.000490,0.000500,0.000010,309.441071,280.153473,185.004120,392.766327,284.835052,314.566864
1699147127419840,48.000000,0.916985,0.377675,0.128455,-0.000300,-0.000320,0.000280,-0.000030,0.000580,0.000600,318.740234,245.836945,326.172516,249.996933,280.749817,287.713562
1699147127707520,67.000000,-0.784422,0.261373,0.562465,0.000010,-0.000350,-0.000570,-0.000360,-0.000580,-0.000210,337.941833,384.098358,379.078766,280.208984,331.930786,259.233643
1699147127767040,53.000000,0.682682,-0.499373,0.533453,-0.000670,-0.000180,-0.000150,0.000490,0.000500,0.000010,294.354492,409.200958,231.250000,348.724182,386.054657,267.432770
1699147128233280,46.000000,-0.787176,0.255134,0.561481,0.000010,-0.000350,-0.000570,-0.000360,-0.000580,-0.000220,420.058472,354.329285,398.844086,336.649231,330.772400,302.379669
1699147128292800,86.000000,0.668941,-0.501427,0.548716,-0.000670,-0.000180,-0.000180,0.000490,0.000500,0.000010,366.876862,404.718262,170.311417,350.533569,292.191193,253.063309
1699147128411840,30.000000,0.843945,0.493838,0.209476,-0.000290,-0.000410,0.000220,-0.000120,0.000510,0.000630,216.260132,170.037476,175.288147,162.846268,202.862671,175.112305
1699147128818560,72.000000,0.673540,-0.500768,0.543669,-0.000670,-0.000180,-0.000170,0.000490,0.000500,0.000010,365.923492,384.924438,243.577850,337.952454,336.505127,238.789948
1699147128888000,44.000000,-0.787176,0.255134,0.561481,0.000010,-0.000350,-0.000570,-0.000360,-0.000580,-0.000220,217.287964,278.820068,289.212524,263.941223,275.746948,293.536743
1699147129314560,113.000000,0.664392,-0.506976,0.549143,-0.000670,-0.000180,-0.000180,0.000490,0.000500,0.000000,513.351501,601.411499,325.388641,483.709656,437.881653,394.342163
1699147129443520,40.000000,-0.787176,0.255134,0.561481,0.000010,-0.000350,-0.000570,-0.000360,-0.000580,-0.000220,264.124329,278.558044,313.636963,250.783539,255.701416,276.353699
1699147129800640,63.000000,0.664392,-0.506976,0.549143,-0.000670,-0.000180,-0.000180,0.000490,0.000500,0.000000,387.956970,408.830505,364.897614,271.772766,237.345703,442.601746
1699147129969280,33.000000,-0.787176,0.255134,0.561481,0.000010,-0.000350,-0.000570,-0.000360,-0.000580,-0.000220,268.874329,345.687195,368.999268,401.041016,318.619568,374.852783
1699147130306560,37.000000,0.663540,-0.511064,0.546377,-0.000670,-0.000180,-0.000180,0.000500,0.000500,0.000000,385.360840,342.807739,254.539429,276.130096,299.297089,418.729767
1699147130465280,43.000000,-0.787176,0.255134,0.561481,0.000010,-0.000350,-0.000570,-0.000360,-0.000580,-0.000220,391.333130,481.889008,464.776886,384.780457,419.353333,426.857758
1699147130842240,43.000000,0.232695,-0.098852,0.967513,-0.000280,-0.000180,-0.000150,0.000020,0.000020,0.000000,108.890396,238.778992,208.366043,114.541756,112.949936,329.203583
1699147131020800,56.000000,-0.783873,0.252615,0.567211,0.000000,-0.000350,-0.000570,-0.000360,-0.000580,-0.000220,277.728638,435.340668,237.764618,251.953812,308.676819,288.504425
1699147131457280,43.000000,0.659808,-0.512499,0.549543,-0.000670,-0.000180,-0.000180,0.000500,0.000490,0.000000,331.659485,170.633850,250.415802,224.929138,162.891937,321.355927
1699147131625920,80.000000,-0.784231,0.246753,0.569292,0.000000,-0.000350,-0.000570,-0.000350,-0.000580,-0.000220,335.637695,441.434753,340.406128,310.959351,353.044922,316.905151
1699147131824320,33.000000,-0.867521,0.246963,0.431760,-0.000290,-0.000400,-0.000900,-0.000110,-0.002800,0.000390,194.833496,150.029373,112.581619,173.210495,102.129425,114.053177
1699147132250880,43.000000,-0.784231,0.246753,0.569292,0.000000,-0.000350,-0.000570,-0.000350,-0.000580,-0.000220,360.336090,527.156311,416.629547,407.809174,466.013641,370.145233
1699147132588160,33.000000,0.659822,-0.517404,0.544911,-0.000670,-0.000170,-0.000180,0.000500,0.000490,0.000000,345.086090,210.367905,323.322266,349.183777,257.408844,229.208786
1699147133104000,50.000000,0.655181,-0.522896,0.545269,-0.000670,-0.000170,-0.000180,0.000500,0.000490,-0.000010,309.038513,256.269012,299.921234,339.259583,299.367737,205.576172
1699147133292480,30.000000,0.916892,0.381566,0.117114,-0.000290,-0.000320,0.000290,-0.000030,0.000580,0.000600,290.897522,179.181107,270.461182,207.903809,233.850372,128.390900
1699147133600000,56.000000,0.655181,-0.522896,0.545269,-0.000670,-0.000170,-0.000180,0.000500,0.000490,-0.000010,392.949921,399.351929,363.421265,445.509460,286.198486,273.890808
1699147133758720,56.000000,0.915741,0.384659,0.116000,-0.000290,-0.000320,0.000290,-0.000030,0.000580,0.000610,363.330383,234.861359,392.329193,315.758606,287.222992,211.703537
1699147134115840,40.000000,0.655181,-0.522896,0.545269,-0.000670,-0.000170,-0.000180,0.000500,0.000490,-0.000010,412.103333,391.947144,375.483826,386.649719,349.403320,337.585815
1699147134165440,57.000000,0.917580,0.381767,0.110906,-0.000290,-0.000310,0.000290,-0.000030,0.000580,0.000610,277.035797,218.663910,357.649841,325.419922,266.460602,173.895691
1699147134572160,41.000000,0.917580,0.381767,0.110906,-0.000290,-0.000310,0.000290,-0.000030,0.000580,0.000610,264.847839,218.500732,278.971802,239.222290,278.536316,200.928207
1699147134601920,42.000000,0.655181,-0.522896,0.545269,-0.000670,-0.000170,-0.000180,0.000500,0.000490,-0.000010,277.572906,343.591309,312.656006,253.031143,258.735901,280.863525
1699147135316160,44.000000,0.917580,0.381767,0.110906,-0.000290,-0.000310,0.000290,-0.000030,0.000580,0.000610,268.838470,249.584106,257.699860,272.233368,288.515106,212.134384
1699147135683200,78.000000,0.917580,0.381767,0.110906,-0.000290,-0.000310,0.000290,-0.000030,0.000580,0.000610,355.479187,407.648682,367.641449,281.391876,386.579987,244.880386
1699147136030400,80.000000,0.916669,0.385399,0.105763,-0.000280,-0.000310,0.000290,-0.000030,0.000580,0.000610,265.549225,445.809448,230.830002,332.290924,362.097046,303.884705
1699147136377600,53.000000,0.917845,0.382297,0.106820,-0.000280,-0.000310,0.000290,-0.000030,0.000580,0.000600,216.192108,413.633179,264.280762,278.995239,269.705902,210.958603
1699147136714880,51.000000,0.915268,0.387884,0.108773,-0.000290,-0.000310,0.000290,-0.000030,0.000580,0.000630,191.388702,242.057266,200.123322,180.150665,226.603546,171.756882
1699147137042240,43.000000,0.917292,0.385561,0.099585,-0.000280,-0.000310,0.000300,-0.000030,0.000580,0.000610,220.728058,274.968414,169.299713,238.897308,320.313721,194.572113
1699147137835840,39.000000,0.917292,0.385561,0.099585,-0.000280,-0.000310,0.000300,-0.000030,0.000580,0.000610,203.584900,191.985855,164.137253,175.845276,249.727890,151.602676
1699147139770240,44.000000,0.856044,0.479745,0.192442,-0.000290,-0.000390,0.000230,-0.000110,0.000520,0.000630,308.335968,171.226044,278.167480,243.421356,278.020630,301.525970
1699147147259840,60.000000,-0.784932,0.196112,0.587726,-0.000020,-0.000340,-0.000590,-0.000320,-0.000570,-0.000250,409.453979,424.236328,325.625061,391.433594,296.096191,294.211670
1699147147299520,74.000000,0.921327,0.379813,0.083065,-0.000270,-0.000300,0.000310,-0.000020,0.000580,0.000610,417.670868,213.839478,317.193115,214.803772,367.386078,334.499603
1699147147775680,50.000000,0.920300,0.383396,0.077822,-0.000270,-0.000290,0.000310,-0.000030,0.000580,0.000610,319.164703,309.392212,257.455261,276.561859,297.072052,322.884644
1699147147835200,56.000000,-0.784932,0.196112,0.587726,-0.000020,-0.000340,-0.000590,-0.000320,-0.000570,-0.000250,470.751404,507.463989,381.267365,461.915771,438.198059,283.254761
1699147148172480,38.000000,0.629215,-0.556301,0.542786,-0.000690,-0.000150,-0.000190,0.000520,0.000480,-0.000040,136.777557,179.749817,222.862350,274.270233,214.289597,225.594162
1699147148489920,86.000000,-0.787393,0.189950,0.586457,-0.000020,-0.000340,-0.000590,-0.000320,-0.000570,-0.000260,547.877686,533.276306,353.063232,429.062378,461.652374,458.807037
1699147149025600,105.000000,-0.786243,0.187372,0.588825,-0.000020,-0.000340,-0.000600,-0.000320,-0.000570,-0.000260,569.413940,530.080017,326.689941,403.829102,458.339966,530.731873
1699147149412480,39.000000,0.625431,-0.568555,0.534398,-0.000670,-0.000140,-0.000190,0.000520,0.000480,-0.000050,170.109451,233.725739,277.820007,261.499695,188.206146,212.698975
1699147149561280,60.000000,-0.786265,0.181220,0.590717,-0.000020,-0.000340,-0.000600,-0.000310,-0.000570,-0.000260,408.283325,383.072021,286.693542,292.958069,356.404724,423.313599
1699147149938240,37.000000,0.624233,-0.566243,0.538240,-0.000690,-0.000140,-0.000190,0.000520,0.000480,-0.000050,178.935822,236.024780,247.593323,237.794586,207.805695,218.297913
1699147150087040,67.000000,-0.786265,0.181220,0.590717,-0.000020,-0.000340,-0.000600,-0.000310,-0.000570,-0.000260,307.966675,327.520447,300.581696,331.432739,329.498718,434.911499
1699147150513600,31.000000,0.614725,-0.577145,0.537602,-0.000640,-0.000140,-0.000190,0.000520,0.000450,-0.000050,157.884460,291.226196,268.737366,136.232147,149.317062,325.677490
1699147150583040,34.000000,-0.789825,0.177628,0.587047,-0.000020,-0.000330,-0.000600,-0.000310,-0.000570,-0.000260,294.801331,233.153778,271.173340,398.965149,349.648041,389.503296
1699147151098880,50.000000,-0.786265,0.181220,0.590717,-0.000020,-0.000340,-0.000600,-0.000310,-0.000570,-0.000260,267.386322,233.794632,334.862305,312.209808,298.830872,322.078674
1699147151604800,50.000000,-0.786265,0.181220,0.590717,-0.000020,-0.000340,-0.000600,-0.000310,-0.000570,-0.000260,261.059143,301.502502,367.055328,387.674408,360.912048,365.709961
1699147151634560,51.000000,0.620541,-0.573772,0.534523,-0.000670,-0.000140,-0.000190,0.000530,0.000470,-0.000050,179.107315,335.488159,334.197693,155.415054,191.690903,264.897156
1699147152090880,35.000000,-0.789825,0.177628,0.587047,-0.000020,-0.000330,-0.000600,-0.000310,-0.000570,-0.000260,239.953888,243.671143,318.806091,434.013794,355.059937,291.330231
1699147152120640,60.000000,0.619408,-0.582051,0.526830,-0.000660,-0.000140,-0.000190,0.000550,0.000470,-0.000050,207.534134,370.299927,331.514221,161.209518,237.623718,295.239655
1699147152586880,43.000000,-0.788606,0.168912,0.591244,-0.000030,-0.000330,-0.000600,-0.000310,-0.000570,-0.000270,195.580139,324.820679,368.523071,347.807434,311.055878,260.128784
1699147153221760,40.000000,-0.788606,0.168912,0.591244,-0.000030,-0.000330,-0.000600,-0.000310,-0.000570,-0.000270,224.955902,242.986389,309.600891,278.188904,222.747818,256.703491
1699147153727680,46.000000,-0.788606,0.168912,0.591244,-0.000030,-0.000330,-0.000600,-0.000310,-0.000570,-0.000270,231.453766,256.753143,331.594971,264.773224,272.522461,240.749847
1699147154451840,77.000000,-0.788542,0.162659,0.593080,-0.000030,-0.000330,-0.000600,-0.000300,-0.000570,-0.000270,363.470398,404.621185,444.528351,283.821930,363.198303,456.166870
1699147154977600,72.000000,-0.788542,0.162659,0.593080,-0.000030,-0.000330,-0.000600,-0.000300,-0.000570,-0.000270,488.437927,506.214966,488.222107,401.046997,431.763702,482.270905
1699147155493440,55.000000,-0.788542,0.162659,0.593080,-0.000030,-0.000330,-0.000600,-0.000300,-0.000570,-0.000270,404.278656,548.837708,534.822510,365.143494,376.003571,518.016235
1699147156118400,100.000000,-0.788542,0.162659,0.593080,-0.000030,-0.000330,-0.000600,-0.000300,-0.000570,-0.000270,494.799164,556.888428,511.706055,545.598816,477.363464,549.350098
1699147156773120,88.000000,-0.788542,0.162659,0.593080,-0.000030,-0.000330,-0.000600,-0.000300,-0.000570,-0.000270,589.996948,597.117554,567.871216,610.489746,535.130066,558.949341
1699147157298880,97.000000,-0.788542,0.162659,0.593080,-0.000030,-0.000330,-0.000600,-0.000300,-0.000570,-0.000270,616.087708,610.942993,540.213623,603.161743,517.973083,411.783691
1699147157775040,124.000000,-0.767946,0.637397,0.063124,-0.000030,-0.001580,0.001480,-0.004720,0.000790,-0.004260,383.091705,104.618164,87.347641,111.179703,107.773636,117.256401
1699147157784960,99.000000,-0.788542,0.162659,0.593080,-0.000030,-0.000330,-0.000600,-0.000300,-0.000570,-0.000270,452.438629,344.575195,347.152161,353.363525,402.842896,384.532776
1699147158201600,72.000000,0.925790,0.374114,0.054321,-0.000260,-0.000280,0.000330,-0.000020,0.000590,0.000610,378.524475,291.043640,370.125580,324.441010,355.172607,283.881836
1699147158271040,93.000000,-0.790824,0.156574,0.591678,-0.000030,-0.000330,-0.000600,-0.000300,-0.000570,-0.000280,677.123779,597.789978,566.807983,503.866669,610.181396,426.865448
1699147158776960,111.000000,-0.790824,0.156574,0.591678,-0.000030,-0.000330,-0.000600,-0.000300,-0.000570,-0.000280,592.941650,562.754883,459.768433,434.875366,566.040710,434.283600
1699147158905920,56.000000,0.925790,0.374114,0.054321,-0.000260,-0.000280,0.000330,-0.000020,0.000590,0.000610,393.962463,307.331055,374.845734,380.795105,402.595245,308.570984
1699147159282880,108.000000,-0.790704,0.150270,0.593469,-0.000030,-0.000330,-0.000600,-0.000290,-0.000570,-0.000280,559.481445,503.532654,315.837738,347.235443,482.397369,508.165619
1699147159828480,95.000000,-0.789447,0.147915,0.595730,-0.000030,-0.000330,-0.000610,-0.000290,-0.000570,-0.000280,617.289612,549.581421,434.545410,479.628479,582.078125,737.575439
1699147160324480,139.000000,-0.794197,0.146548,0.589725,-0.000030,-0.000320,-0.000600,-0.000290,-0.000570,-0.000280,582.136597,407.566467,397.740112,631.364746,614.008301,718.167480
1699147160790720,101.000000,-0.792917,0.144210,0.592018,-0.000030,-0.000320,-0.000610,-0.000290,-0.000570,-0.000280,468.870361,416.105927,353.369690,573.442139,506.906860,542.821777
1699147161247040,80.000000,-0.792917,0.144210,0.592018,-0.000030,-0.000320,-0.000610,-0.000290,-0.000570,-0.000280,469.262634,451.453125,545.606567,528.081604,489.097473,517.313110
1699147161693440,85.000000,-0.789275,0.141596,0.597491,-0.000040,-0.000320,-0.000610,-0.000290,-0.000570,-0.000280,387.140778,476.266754,593.223938,626.153809,590.841064,520.155823
1699147162159680,53.000000,0.931154,0.361223,0.049699,-0.000260,-0.000270,0.000330,-0.000010,0.000590,0.000600,339.246246,372.350220,260.092224,364.019012,334.602234,277.753021
1699147162239040,52.000000,-0.789275,0.141596,0.597491,-0.000040,-0.000320,-0.000610,-0.000290,-0.000570,-0.000280,291.991913,372.152954,325.879761,442.706421,421.747314,399.409973
1699147162457280,53.000000,0.947450,0.012115,0.319675,-0.003550,0.000590,0.000270,0.001870,0.000060,0.004380,106.464378,120.792145,137.362762,114.163071,127.061356,104.651932
1699147162685440,48.000000,-0.789275,0.141596,0.597491,-0.000040,-0.000320,-0.000610,-0.000290,-0.000570,-0.000280,320.012421,439.325836,437.059662,459.817230,446.271851,331.772064
1699147162784640,59.000000,0.929928,0.364462,0.049005,-0.000260,-0.000270,0.000330,-0.000010,0.000590,0.000610,417.612518,383.986816,352.090607,281.900757,469.920715,283.553833
1699147163191360,90.000000,-0.791451,0.135576,0.596007,-0.000040,-0.000320,-0.000610,-0.000290,-0.000570,-0.000290,380.376892,640.065247,575.085999,510.696198,567.096558,410.469788
1699147163369920,41.000000,0.929928,0.364462,0.049005,-0.000260,-0.000270,0.000330,-0.000010,0.000590,0.000610,413.539886,459.673676,298.985046,344.563965,387.027863,287.759338
1699147163608000,67.000000,0.152464,0.380066,0.912307,-0.000040,-0.005050,0.000890,0.000720,-0.000020,-0.001350,491.713440,98.506119,131.769897,105.743614,112.580872,110.197624
1699147163617920,82.000000,-0.791451,0.135576,0.596007,-0.000040,-0.000320,-0.000610,-0.000290,-0.000570,-0.000290,247.161835,344.065887,264.708618,168.902115,321.481171,541.711304
1699147163905600,39.000000,0.931154,0.361223,0.049699,-0.000260,-0.000270,0.000330,-0.000010,0.000590,0.000600,399.156342,448.607086,369.495361,417.908722,472.886078,382.359772
1699147164084160,143.000000,-0.791223,0.129211,0.597721,-0.000040,-0.000320,-0.000610,-0.000280,-0.000570,-0.000290,586.036499,767.024170,715.851257,542.593750,710.260254,702.732056
1699147164391680,40.000000,0.931154,0.361223,0.049699,-0.000260,-0.000270,0.000330,-0.000010,0.000590,0.000600,439.231659,404.408752,247.972900,447.221313,298.817719,288.502106
1699147164490880,122.000000,-0.791223,0.129211,0.597721,-0.000040,-0.000320,-0.000610,-0.000280,-0.000570,-0.000290,642.354980,796.837646,727.088196,600.025024,745.370117,719.638855
1699147164877760,156.000000,-0.791223,0.129211,0.597721,-0.000040,-0.000320,-0.000610,-0.000280,-0.000570,-0.000290,498.582520,666.067871,592.001221,520.458313,616.696167,638.025269
1699147165344000,26.000000,0.931154,0.361223,0.049699,-0.000260,-0.000270,0.000330,-0.000010,0.000590,0.000600,329.555756,410.782593,231.823761,359.820129,179.358109,185.782776
1699147166207040,62.000000,0.931154,0.361223,0.049699,-0.000260,-0.000270,0.000330,-0.000010,0.000590,0.000600,430.526642,497.526855,326.486633,440.795898,335.157562,435.568665
1699147166673280,68.000000,0.931154,0.361223,0.049699,-0.000260,-0.000270,0.000330,-0.000010,0.000590,0.000600,513.875122,453.967377,351.332123,418.138062,317.054047,504.570068
1699147167159360,53.000000,0.931154,0.361223,0.049699,-0.000260,-0.000270,0.000330,-0.000010,0.000590,0.000600,517.000122,486.782501,427.461365,438.870880,401.947571,549.867798
1699147167645440,41.000000,0.487887,0.430382,-0.759432,0.001830,0.002400,0.000330,0.000570,0.000460,0.004410,118.815277,145.771790,246.056076,150.578339,117.858734,144.127213
1699147167655360,39.000000,-0.467686,0.394729,-0.790860,-0.000260,-0.000270,0.003410,-0.000010,-0.003090,-0.000180,195.538162,203.531570,90.913170,354.595947,100.860100,95.279572
1699147168171200,66.000000,0.932492,0.357854,0.048994,-0.000260,-0.000270,0.000330,-0.000010,0.000600,0.000600,450.674408,387.459290,381.901062,336.757080,294.416382,420.981750
1699147168637440,67.000000,0.932492,0.357854,0.048994,-0.000260,-0.000270,0.000330,-0.000010,0.000600,0.000600,508.438965,531.429871,473.868927,406.380554,335.740570,607.251709
1699147169093760,91.000000,0.935008,0.351227,0.048980,-0.000260,-0.000270,0.000330,0.000000,0.000600,0.000600,502.233521,544.531250,523.514160,423.886871,456.257202,656.440125
1699147169212800,104.000000,-0.796437,0.112990,0.594071,-0.000040,-0.000310,-0.000610,-0.000270,-0.000570,-0.000300,708.576660,477.189941,657.632812,401.622742,600.250854,611.281372
1699147169560000,109.000000,0.935008,0.351227,0.048980,-0.000260,-0.000270,0.000330,0.000000,0.000600,0.000600,569.202820,566.740173,555.810425,440.133423,410.852844,654.259399
1699147169619520,139.000000,-0.796437,0.112990,0.594071,-0.000040,-0.000310,-0.000610,-0.000270,-0.000570,-0.000300,764.656616,654.456848,743.535767,575.282349,706.762817,775.779175
1699147170026240,71.000000,0.935008,0.351227,0.048980,-0.000260,-0.000270,0.000330,0.000000,0.000600,0.000600,445.176453,504.183868,562.160339,494.561340,469.186798,585.947815
1699147170095680,245.000000,-0.796437,0.112990,0.594071,-0.000040,-0.000310,-0.000610,-0.000270,-0.000570,-0.000300,788.532166,763.375549,764.331177,750.790588,771.692871,834.311523
1699147170492480,68.000000,0.935008,0.351227,0.048980,-0.000260,-0.000270,0.000330,0.000000,0.000600,0.000600,371.299835,476.134369,548.565063,574.637695,503.870483,562.385620
1699147170591680,204.000000,-0.796437,0.112990,0.594071,-0.000040,-0.000310,-0.000610,-0.000270,-0.000570,-0.000300,783.192627,679.801575,670.306946,650.459412,645.446899,824.813477
1699147170978560,80.000000,0.936014,0.347753,0.054280,-0.000270,-0.000270,0.000330,0.000000,0.000600,0.000600,366.171570,538.980896,585.071411,586.003845,465.360687,607.561035
1699147171107520,159.000000,-0.796437,0.112990,0.594071,-0.000040,-0.000310,-0.000610,-0.000270,-0.000570,-0.000300,724.082581,729.903809,693.681763,751.888550,704.418701,765.202026
1699147171415040,81.000000,0.935008,0.351227,0.048980,-0.000260,-0.000270,0.000330,0.000000,0.000600,0.000600,363.191101,544.070435,594.254150,624.615356,535.745361,619.372375
1699147171633280,182.000000,-0.796437,0.112990,0.594071,-0.000040,-0.000310,-0.000610,-0.000270,-0.000570,-0.000300,624.807861,554.617432,479.518005,610.195923,540.626892,644.188049
1699147172248320,139.000000,-0.796437,0.112990,0.594071,-0.000040,-0.000310,-0.000610,-0.000270,-0.000570,-0.000300,676.320312,680.315796,468.569214,701.135010,547.335449,583.436035
1699147172903040,148.000000,-0.796437,0.112990,0.594071,-0.000040,-0.000310,-0.000610,-0.000270,-0.000570,-0.000300,707.824707,726.359070,563.030212,718.577820,582.992004,583.757568
1699147173438720,77.000000,-0.796437,0.112990,0.594071,-0.000040,-0.000310,-0.000610,-0.000270,-0.000570,-0.000300,663.143738,729.955627,585.215576,704.429932,671.795654,554.752319
1699147173944640,71.000000,-0.796437,0.112990,0.594071,-0.000040,-0.000310,-0.000610,-0.000270,-0.000570,-0.000300,551.544739,658.493835,479.873291,533.387207,638.124756,452.678467
1699147174450560,100.000000,-0.796437,0.112990,0.594071,-0.000040,-0.000310,-0.000610,-0.000270,-0.000570,-0.000300,543.198730,681.062317,454.092773,557.228027,608.612915,415.272186
1699147174569600,62.000000,0.936014,0.347753,0.054280,-0.000270,-0.000270,0.000330,0.000000,0.000600,0.000600,660.147705,554.883179,655.549561,572.365540,631.093079,480.103607
1699147174966400,85.000000,-0.798443,0.107026,0.592481,-0.000040,-0.000310,-0.000610,-0.000270,-0.000570,-0.000310,449.341736,619.215454,383.590698,459.725250,566.952942,309.164978
1699147175045760,73.000000,0.936014,0.347753,0.054280,-0.000270,-0.000270,0.000330,0.000000,0.000600,0.000600,513.484497,507.134583,485.956512,509.836060,506.397705,428.925262
1699147175571520,117.000000,-0.798443,0.107026,0.592481,-0.000040,-0.000310,-0.000610,-0.000270,-0.000570,-0.000310,296.288574,489.800568,310.384491,318.423126,447.202759,330.666992
1699147176057600,61.000000,0.941525,0.334693,0.038872,-0.000270,-0.000240,0.000330,0.000000,0.000600,0.000590,344.748077,201.484146,318.799835,198.556122,396.381622,189.179001
1699147176117120,80.000000,-0.796713,0.098493,0.596278,-0.000040,-0.000310,-0.000620,-0.000260,-0.000570,-0.000310,388.166168,561.840759,347.785095,444.844208,652.432495,443.579041
1699147176662720,53.000000,0.936014,0.347753,0.054280,-0.000270,-0.000270,0.000330,0.000000,0.000600,0.000600,404.742737,361.794800,417.395081,311.163361,462.582336,276.804169
1699147176692480,212.000000,-0.792986,0.095884,0.601648,-0.000050,-0.000310,-0.000620,-0.000260,-0.000570,-0.000310,330.003296,578.866882,400.096954,534.420532,693.518921,547.198608
1699147177238080,187.000000,-0.798094,0.100547,0.594084,-0.000040,-0.000310,-0.000610,-0.000260,-0.000570,-0.000310,458.620392,624.838989,450.597473,424.016785,682.995483,469.937744
1699147177734080,35.000000,0.939643,0.337709,0.054983,-0.000270,-0.000270,0.000330,0.000010,0.000600,0.000590,302.309753,375.297699,275.100464,321.345947,442.881927,285.984192
1699147177753920,159.000000,-0.792986,0.095884,0.601648,-0.000050,-0.000310,-0.000620,-0.000260,-0.000570,-0.000310,402.339905,734.040344,480.712097,636.192749,729.236694,661.062561
1699147178240000,41.000000,0.940561,0.334231,0.060280,-0.000280,-0.000270,0.000330,0.000010,0.000600,0.000590,237.934372,286.372742,279.202881,321.437378,324.595947,223.856323
1699147178249920,184.000000,-0.792986,0.095884,0.601648,-0.000050,-0.000310,-0.000620,-0.000260,-0.000570,-0.000310,589.115112,731.825684,561.278259,725.793701,735.746826,674.881592
1699147178775680,159.000000,-0.794360,0.097923,0.599502,-0.000050,-0.000310,-0.000610,-0.000260,-0.000570,-0.000310,380.065430,591.844849,385.131256,600.310303,638.298096,580.176880
1699147179271680,135.000000,-0.792986,0.095884,0.601648,-0.000050,-0.000310,-0.000620,-0.000260,-0.000570,-0.000310,631.339844,670.602234,577.610779,730.380981,761.684753,719.857849
1699147179301440,43.000000,0.940240,0.333984,0.066358,-0.000280,-0.000270,0.000320,0.000010,0.000600,0.000590,294.403137,363.968872,192.326218,392.530457,340.062622,285.599335
1699147179787520,167.000000,-0.792986,0.095884,0.601648,-0.000050,-0.000310,-0.000620,-0.000260,-0.000570,-0.000310,598.777771,605.097778,611.712463,732.102661,731.492615,733.744019
1699147179976000,47.000000,0.940240,0.333984,0.066358,-0.000280,-0.000270,0.000320,0.000010,0.000600,0.000590,330.026794,308.757751,249.692230,301.995300,311.236969,303.335388
1699147180293440,146.000000,-0.792986,0.095884,0.601648,-0.000050,-0.000310,-0.000620,-0.000260,-0.000570,-0.000310,651.738770,625.044434,632.161743,677.831909,702.313477,733.060913
1699147180462080,50.000000,0.940240,0.333984,0.066358,-0.000280,-0.000270,0.000320,0.000010,0.000600,0.000590,321.328003,321.778015,229.460526,369.004578,320.163208,314.310944
1699147180809280,220.000000,-0.792986,0.095884,0.601648,-0.000050,-0.000310,-0.000620,-0.000260,-0.000570,-0.000310,724.596802,683.278137,689.502319,734.933960,739.124023,777.583252
1699147181434240,104.000000,-0.792986,0.095884,0.601648,-0.000050,-0.000310,-0.000620,-0.000260,-0.000570,-0.000310,697.575623,538.568115,659.622864,549.780518,662.257080,663.066040
1699147181602880,44.000000,0.940240,0.333984,0.066358,-0.000280,-0.000270,0.000320,0.000010,0.000600,0.000590,370.882111,348.342682,310.766296,299.997894,335.417816,329.229156
1699147181791360,42.000000,0.888208,0.446947,0.106421,-0.000260,-0.000330,0.000290,-0.000080,0.000550,0.000630,200.713104,319.068665,145.270676,206.018555,212.219818,132.965332
1699147181940160,110.000000,-0.792986,0.095884,0.601648,-0.000050,-0.000310,-0.000620,-0.000260,-0.000570,-0.000310,626.616211,540.330444,587.069824,545.471680,571.793518,630.324036
1699147182069120,33.000000,0.940240,0.333984,0.066358,-0.000280,-0.000270,0.000320,0.000010,0.000600,0.000590,325.420288,282.367371,222.517044,273.362061,239.156891,288.906860
1699147182188160,43.000000,0.888941,0.446920,0.100236,-0.000260,-0.000330,0.000300,-0.000080,0.000550,0.000630,331.194519,454.453979,244.917831,351.045563,481.412170,401.821899
1699147182446080,123.000000,-0.792986,0.095884,0.601648,-0.000050,-0.000310,-0.000620,-0.000260,-0.000570,-0.000310,751.682434,619.033447,301.270508,619.046265,299.416382,236.236511
1699147182614720,52.000000,0.888941,0.446920,0.100236,-0.000260,-0.000330,0.000300,-0.000080,0.000550,0.000630,233.557693,444.194183,255.893341,284.319946,401.158966,348.224365
1699147182971840,178.000000,-0.792986,0.095884,0.601648,-0.000050,-0.000310,-0.000620,-0.000260,-0.000570,-0.000310,754.921631,600.453369,718.654053,569.332581,715.813843,693.349182
1699147183170240,28.000000,0.122103,-0.596956,0.792928,-0.000250,-0.000330,-0.002870,0.002130,0.000550,0.000630,125.308388,160.543091,123.329742,101.626900,140.635132,159.926575
1699147183487680,210.000000,-0.792986,0.095884,0.601648,-0.000050,-0.000310,-0.000620,-0.000260,-0.000570,-0.000310,824.268921,689.612671,813.731934,630.354858,787.802368,761.412048
1699147183993600,313.000000,-0.792986,0.095884,0.601648,-0.000050,-0.000310,-0.000620,-0.000260,-0.000570,-0.000310,874.229736,685.669800,877.575623,532.649231,792.433960,756.665649
1699147184003520,34.000000,-0.054898,0.849847,0.524163,0.002460,-0.004050,-0.004020,-0.001760,0.000340,0.003850,120.302505,115.571053,119.589035,107.799599,147.834976,101.250313
1699147184320960,32.000000,0.944560,0.320624,0.070750,-0.000290,-0.000270,0.000320,0.000020,0.000610,0.000590,119.983978,227.472153,213.310150,203.333328,146.956726,233.691650
1699147184807040,265.000000,-0.792552,0.089391,0.603216,-0.000050,-0.000310,-0.000620,-0.000250,-0.000570,-0.000310,822.466064,689.177734,873.032288,503.421082,724.421204,714.791565
1699147185491520,261.000000,-0.389924,0.050937,0.919437,-0.000050,-0.000310,-0.001830,-0.000250,0.000120,0.000110,806.391052,341.748047,102.011124,359.828247,95.458473,124.426514
1699147186156160,238.000000,-0.840551,-0.444239,0.310042,-0.000050,-0.000310,-0.002230,-0.000250,-0.002410,-0.005120,823.797424,425.806702,107.682068,482.281067,107.547455,106.318283
1699147186166080,41.000000,-0.640144,-0.263773,0.721553,-0.000050,-0.000160,-0.000620,-0.000040,-0.000120,-0.000340,302.345398,156.283066,136.279526,206.637451,143.119400,290.911591
1699147186652160,121.000000,0.890831,0.444274,0.095087,-0.000250,-0.000330,0.000300,-0.000070,0.000550,0.000630,361.784546,425.420959,472.066803,443.333374,413.990173,385.394531
1699147186761280,268.000000,-0.792552,0.089391,0.603216,-0.000050,-0.000310,-0.000620,-0.000250,-0.000570,-0.000310,868.182007,540.724854,912.013916,550.957520,869.172607,558.277344
1699147186929920,67.000000,0.890831,0.444274,0.095087,-0.000250,-0.000330,0.000300,-0.000070,0.000550,0.000630,247.575302,458.158325,381.775696,425.294189,234.493149,323.489899
1699147187247360,48.000000,0.890831,0.444274,0.095087,-0.000250,-0.000330,0.000300,-0.000070,0.000550,0.000630,309.497559,444.601471,484.859314,370.601837,343.658234,417.672668
1699147187326720,260.000000,-0.792552,0.089391,0.603216,-0.000050,-0.000310,-0.000620,-0.000250,-0.000570,-0.000310,801.774963,488.305481,877.233582,652.006653,782.647583,477.098999
1699147187594560,82.000000,0.890831,0.444274,0.095087,-0.000250,-0.000330,0.000300,-0.000070,0.000550,0.000630,363.264984,540.719849,325.429016,487.219055,207.056732,253.425873
1699147187872320,414.000000,-0.797754,0.079609,0.597705,-0.000050,-0.000300,-0.000620,-0.000250,-0.000570,-0.000320,938.242676,783.436829,988.465698,934.837341,936.327148,791.667786
1699147187892160,31.000000,-0.053539,0.861886,-0.504267,0.003630,-0.000270,0.003630,-0.004760,-0.001400,0.003670,114.240517,89.990341,110.871460,111.608780,138.672363,108.057587
1699147187931840,52.000000,0.890831,0.444274,0.095087,-0.000250,-0.000330,0.000300,-0.000070,0.000550,0.000630,202.945114,324.137238,326.511566,408.256470,298.468842,277.809631
1699147188288960,57.000000,0.892081,0.440604,0.100295,-0.000260,-0.000330,0.000300,-0.000070,0.000550,0.000630,308.822601,407.654388,418.295837,394.352875,295.729065,336.059479
1699147188457600,278.000000,-0.797754,0.079609,0.597705,-0.000050,-0.000300,-0.000620,-0.000250,-0.000570,-0.000320,877.579590,692.651001,943.770996,895.281738,887.309937,688.272705
1699147188636160,54.000000,0.890831,0.444274,0.095087,-0.000250,-0.000330,0.000300,-0.000070,0.000550,0.000630,293.554138,545.644653,593.054016,527.746094,413.169189,483.740967
1699147188973440,97.000000,0.890831,0.444274,0.095087,-0.000250,-0.000330,0.000300,-0.000070,0.000550,0.000630,300.146851,443.644836,549.878540,548.467712,423.955627,389.671539
1699147188983360,251.000000,-0.794898,0.086825,0.600498,-0.000050,-0.000300,-0.000610,-0.000250,-0.000560,-0.000310,938.716064,741.780518,194.005142,783.899292,199.652344,201.563599
1699147189360320,85.000000,0.890831,0.444274,0.095087,-0.000250,-0.000330,0.000300,-0.000070,0.000550,0.000630,368.476318,435.818481,575.204346,480.423218,458.003448,373.376099
1699147189499200,138.000000,-0.797754,0.079609,0.597705,-0.000050,-0.000300,-0.000620,-0.000250,-0.000570,-0.000320,843.003296,800.333679,890.603760,822.584473,836.936646,808.569275
1699147189697600,714.000000,0.728021,-0.614891,0.303143,-0.004490,0.001620,0.000300,0.003590,-0.000650,0.002600,114.363434,97.244019,788.722534,97.449799,101.943459,129.980133
1699147189707520,300.000000,-0.475857,-0.036477,0.878766,-0.000260,-0.000330,-0.000470,-0.000070,-0.000260,-0.000190,316.838440,392.088928,342.579956,774.199585,348.581177,304.513306
1699147190005120,183.000000,-0.797754,0.079609,0.597705,-0.000050,-0.000300,-0.000620,-0.000250,-0.000570,-0.000320,873.520752,824.700073,902.184570,879.675964,849.326416,797.919067
1699147190044800,1599.000000,0.890831,0.444274,0.095087,-0.000250,-0.000330,0.000300,-0.000070,0.000550,0.000630,566.391479,529.212646,860.648071,817.195801,611.334106,451.607849
1699147190054720,28.000000,-0.678137,0.609245,0.411036,-0.001470,-0.000220,-0.000230,-0.005210,0.000160,-0.002570,142.824646,101.653839,108.040680,114.122665,90.311821,129.274689
1699147190550720,172.000000,-0.797754,0.079609,0.597705,-0.000050,-0.000300,-0.000620,-0.000250,-0.000570,-0.000320,823.997925,816.494324,639.381714,842.875122,594.201782,631.477295
1699147190560640,34.000000,0.372698,0.404829,-0.834991,-0.000050,0.001040,0.002940,-0.001130,0.000020,0.000700,158.592377,110.129036,103.136810,105.386261,116.180008,115.965118
1699147190570560,540.000000,0.892081,0.440604,0.100295,-0.000260,-0.000330,0.000300,-0.000070,0.000550,0.000630,476.528748,611.655334,827.029602,810.688599,485.621521,567.083862
1699147191185600,145.000000,-0.797754,0.079609,0.597705,-0.000050,-0.000300,-0.000620,-0.000250,-0.000570,-0.000320,759.781433,743.264404,745.925293,728.832092,750.302856,757.330322
1699147191225280,393.000000,0.892081,0.440604,0.100295,-0.000260,-0.000330,0.000300,-0.000070,0.000550,0.000630,476.627045,581.199341,792.891541,776.967041,446.570709,552.784180
1699147191860160,187.000000,-0.797754,0.079609,0.597705,-0.000050,-0.000300,-0.000620,-0.000250,-0.000570,-0.000320,727.216064,795.760864,786.339417,703.563538,752.427185,772.383301
1699147191870080,1049.000000,0.892081,0.440604,0.100295,-0.000260,-0.000330,0.000300,-0.000070,0.000550,0.000630,440.208313,650.889893,834.209961,814.019897,454.777008,618.623047
1699147192594240,155.000000,-0.797754,0.079609,0.597705,-0.000050,-0.000300,-0.000620,-0.000250,-0.000570,-0.000320,671.232422,756.435059,749.048096,567.058594,743.998962,654.816223
1699147192723200,549.000000,0.890831,0.444274,0.095087,-0.000250,-0.000330,0.000300,-0.000070,0.000550,0.000630,599.404480,633.414246,895.650146,773.406128,612.257202,562.296448
1699147193338240,173.000000,-0.797754,0.079609,0.597705,-0.000050,-0.000300,-0.000620,-0.000250,-0.000570,-0.000320,710.158569,603.283325,737.407410,457.693207,699.611633,527.757568
1699147193983040,162.000000,0.890831,0.444274,0.095087,-0.000250,-0.000330,0.000300,-0.000070,0.000550,0.000630,527.303223,575.714966,732.046814,724.031860,569.841797,571.002441
1699147194092160,195.000000,-0.797754,0.079609,0.597705,-0.000050,-0.000300,-0.000620,-0.000250,-0.000570,-0.000320,673.892578,598.667480,684.558960,422.942474,692.021301,498.204529
1699147194657600,126.000000,0.892081,0.440604,0.100295,-0.000260,-0.000330,0.000300,-0.000070,0.000550,0.000630,320.858704,509.044556,547.623840,458.448608,335.922577,447.936035
1699147194836160,152.000000,-0.799070,0.067222,0.597468,-0.000050,-0.000300,-0.000620,-0.000240,-0.000570,-0.000330,668.718140,438.200562,687.939697,552.695129,702.832642,480.242157
1699147195292480,158.000000,0.890831,0.444274,0.095087,-0.000250,-0.000330,0.000300,-0.000070,0.000550,0.000630,641.531860,507.296509,755.323059,630.352173,571.709778,454.890015
1699147195927360,124.000000,0.890831,0.444274,0.095087,-0.000250,-0.000330,0.000300,-0.000070,0.000550,0.000630,602.854614,496.776306,730.225586,603.240540,589.120911,526.370117
1699147196552320,208.000000,0.890831,0.444274,0.095087,-0.000250,-0.000330,0.000300,-0.000070,0.000550,0.000630,785.386780,607.888000,810.471680,587.780334,716.472046,628.726196
1699147202881280,89.000000,-0.806608,0.046817,0.589229,-0.000050,-0.000280,-0.000620,-0.000230,-0.000570,-0.000340,639.767456,517.918945,643.785156,513.148621,638.966248,630.646301
1699147203079680,73.000000,0.887658,0.450591,0.095029,-0.000250,-0.000330,0.000300,-0.000080,0.000550,0.000630,315.759613,290.742004,346.116211,192.234406,272.586578,285.710602
1699147203555840,140.000000,-0.806608,0.046817,0.589229,-0.000050,-0.000280,-0.000620,-0.000230,-0.000570,-0.000340,728.325195,631.692017,658.655090,670.234131,682.533020,722.833191
1699147204061760,42.000000,0.890831,0.444274,0.095087,-0.000250,-0.000330,0.000300,-0.000070,0.000550,0.000630,259.733887,287.459076,346.782074,257.337860,294.261749,285.025726
1699147204220480,172.000000,-0.806608,0.046817,0.589229,-0.000050,-0.000280,-0.000620,-0.000230,-0.000570,-0.000340,773.526123,734.234863,752.455261,730.116211,725.091125,783.831177
1699147204597440,79.000000,0.892081,0.440604,0.100295,-0.000260,-0.000330,0.000300,-0.000070,0.000550,0.000630,295.234558,389.351196,363.713074,349.648804,280.757263,284.469666
1699147204914880,155.000000,0.628039,0.526950,-0.572617,-0.000050,-0.000280,0.004180,-0.000230,-0.000010,0.002410,793.549805,510.731628,107.544991,504.720154,105.431534,117.712578
1699147204924800,139.000000,-0.767381,0.087186,0.635236,-0.000050,-0.000280,-0.000320,-0.000230,-0.000270,-0.000340,409.709167,268.219482,224.766632,217.433304,251.247208,512.292419
1699147205143040,83.000000,0.892081,0.440604,0.100295,-0.000260,-0.000330,0.000300,-0.000070,0.000550,0.000630,288.463501,469.739349,451.748932,310.513245,335.649170,361.443542
1699147205609280,182.000000,-0.806608,0.046817,0.589229,-0.000050,-0.000280,-0.000620,-0.000230,-0.000570,-0.000340,787.721375,801.923401,695.971436,807.907593,686.151794,671.755981
1699147205688640,101.000000,0.892081,0.440604,0.100295,-0.000260,-0.000330,0.000300,-0.000070,0.000550,0.000630,396.187531,505.711334,448.251801,444.771362,383.780884,383.477509
1699147206293760,147.000000,-0.806608,0.046817,0.589229,-0.000050,-0.000280,-0.000620,-0.000230,-0.000570,-0.000340,732.598389,666.314941,656.450134,694.758667,610.895142,553.001709
1699147206839360,32.000000,0.892081,0.440604,0.100295,-0.000260,-0.000330,0.000300,-0.000070,0.000550,0.000630,361.379761,367.951172,321.256226,362.426331,265.624939,249.830170
1699147206988160,187.000000,-0.806608,0.046817,0.589229,-0.000050,-0.000280,-0.000620,-0.000230,-0.000570,-0.000340,791.243164,714.071777,685.264282,748.019104,613.628052,496.203400
1699147207375040,41.000000,0.892081,0.440604,0.100295,-0.000260,-0.000330,0.000300,-0.000070,0.000550,0.000630,348.321442,305.400665,259.253967,291.350372,212.230011,202.585342
1699147207623040,137.000000,-0.808243,0.041068,0.587416,-0.000050,-0.000280,-0.000620,-0.000230,-0.000570,-0.000350,758.474609,584.002197,703.656921,666.652039,592.822510,500.328674
1699147208238080,121.000000,-0.808243,0.041068,0.587416,-0.000050,-0.000280,-0.000620,-0.000230,-0.000570,-0.000350,741.179199,446.737000,672.383911,595.365784,579.995117,597.033386
1699147208525760,24.000000,0.892081,0.440604,0.100295,-0.000260,-0.000330,0.000300,-0.000070,0.000550,0.000630,328.842712,388.272766,261.058472,341.558441,220.624634,204.452026
1699147208863040,130.000000,-0.811355,0.037015,0.583381,-0.000050,-0.000270,-0.000620,-0.000230,-0.000570,-0.000350,679.510132,532.414185,691.473999,418.403137,547.492065,685.129883
1699147209111040,53.000000,0.893993,0.436934,0.099322,-0.000260,-0.000330,0.000300,-0.000070,0.000560,0.000630,461.041748,431.237671,298.831024,444.440765,283.805908,226.310852
1699147209557440,158.000000,-0.810682,0.030329,0.584701,-0.000050,-0.000270,-0.000620,-0.000220,-0.000570,-0.000350,669.911743,647.332458,717.725281,421.056671,503.670837,760.377686
1699147209656640,46.000000,0.895182,0.434257,0.100349,-0.000260,-0.000330,0.000300,-0.000070,0.000560,0.000620,377.743958,440.416656,304.947113,356.209198,251.150726,212.796631
1699147210281600,191.000000,-0.810682,0.030329,0.584701,-0.000050,-0.000270,-0.000620,-0.000220,-0.000570,-0.000350,556.446838,724.684692,682.458496,526.303162,460.229370,708.578186
1699147210847040,32.000000,0.894471,0.434246,0.106544,-0.000260,-0.000330,0.000290,-0.000070,0.000560,0.000620,327.043396,355.026917,251.562988,287.496277,293.111938,287.890472
1699147210936320,183.000000,-0.810682,0.030329,0.584701,-0.000050,-0.000270,-0.000620,-0.000220,-0.000570,-0.000350,522.950745,787.856934,737.638916,560.593628,402.047668,692.473389
1699147211362880,41.000000,0.895182,0.434257,0.100349,-0.000260,-0.000330,0.000300,-0.000070,0.000560,0.000620,342.460632,356.535400,269.318665,228.229309,304.254852,237.278381
1699147211660480,202.000000,-0.810682,0.030329,0.584701,-0.000050,-0.000270,-0.000620,-0.000220,-0.000570,-0.000350,599.887329,711.771423,743.988098,711.409851,422.909241,566.519653
1699147212017600,52.000000,0.894471,0.434246,0.106544,-0.000260,-0.000330,0.000290,-0.000070,0.000560,0.000620,343.279602,491.301361,276.059814,312.618286,338.588104,386.974152
1699147212394560,137.000000,-0.814421,0.025641,0.579708,-0.000050,-0.000270,-0.000620,-0.000220,-0.000580,-0.000360,508.470886,524.970398,711.447632,720.056519,397.895691,369.126190
1699147212702080,61.000000,0.894471,0.434246,0.106544,-0.000260,-0.000330,0.000290,-0.000070,0.000560,0.000620,390.427368,417.844299,321.989288,333.993408,341.388611,302.477020
1699147213108800,111.000000,-0.817441,0.021567,0.575609,-0.000050,-0.000260,-0.000620,-0.000220,-0.000580,-0.000360,428.301941,494.327393,751.611694,646.418335,515.387939,625.607666
1699147213396480,32.000000,0.897542,0.427849,0.106597,-0.000260,-0.000330,0.000290,-0.000060,0.000560,0.000620,298.956909,316.244690,274.296600,209.803619,310.414795,320.188446
1699147213872640,175.000000,-0.817441,0.021567,0.575609,-0.000050,-0.000260,-0.000620,-0.000220,-0.000580,-0.000360,389.714661,502.356628,636.904053,567.648987,438.197784,688.494263
1699147214011520,39.000000,0.898664,0.424158,0.111773,-0.000270,-0.000330,0.000290,-0.000060,0.000560,0.000620,221.410141,362.745300,342.460693,280.771118,346.012756,343.688049
1699147214616640,138.000000,-0.821138,0.024153,0.570218,-0.000040,-0.000260,-0.000620,-0.000220,-0.000580,-0.000360,367.935120,745.557312,728.047180,549.829041,514.757812,796.599854
1699147214745600,51.000000,0.898664,0.424158,0.111773,-0.000270,-0.000330,0.000290,-0.000060,0.000560,0.000620,292.507538,468.677002,358.607697,371.122009,459.248352,424.417419
1699147215330880,62.000000,0.898664,0.424158,0.111773,-0.000270,-0.000330,0.000290,-0.000060,0.000560,0.000620,320.176727,525.060547,458.068665,438.157288,481.303528,508.041260
1699147215410240,161.000000,-0.816712,0.014879,0.576853,-0.000050,-0.000260,-0.000620,-0.000210,-0.000580,-0.000360,442.651978,747.967041,698.933594,452.234711,404.599731,718.954285
1699147215926080,72.000000,0.898664,0.424158,0.111773,-0.000270,-0.000330,0.000290,-0.000060,0.000560,0.000620,326.521362,438.360748,379.800751,410.234741,396.442322,365.297668
1699147216193920,152.000000,-0.820440,0.017471,0.571465,-0.000040,-0.000260,-0.000620,-0.000210,-0.000580,-0.000360,359.407196,638.013062,651.689941,406.554169,443.615234,517.462646
1699147216451840,69.000000,0.898664,0.424158,0.111773,-0.000270,-0.000330,0.000290,-0.000060,0.000560,0.000620,364.086853,487.681122,413.305969,402.617889,423.258240,430.319580
1699147216838720,131.000000,-0.817522,0.028841,0.575175,-0.000040,-0.000260,-0.000620,-0.000210,-0.000580,-0.000340,449.619202,571.927246,308.528076,495.050171,357.335632,253.349472
1699147216997440,47.000000,0.898664,0.424158,0.111773,-0.000270,-0.000330,0.000290,-0.000060,0.000560,0.000620,308.944550,307.612488,274.866272,356.328522,303.695557,354.398468
1699147217414080,154.000000,-0.824777,0.007738,0.565405,-0.000040,-0.000250,-0.000620,-0.000210,-0.000580,-0.000370,451.129059,339.609863,653.010681,640.668701,570.039185,454.227112
1699147217761280,53.000000,0.898664,0.424158,0.111773,-0.000270,-0.000330,0.000290,-0.000060,0.000560,0.000620,361.075714,330.870514,352.500702,310.589172,314.714264,321.978729
1699147217949760,173.000000,-0.824777,0.007738,0.565405,-0.000040,-0.000250,-0.000620,-0.000210,-0.000580,-0.000370,650.120300,593.661682,789.223145,762.471008,684.621094,658.162170
1699147218445760,206.000000,-0.824777,0.007738,0.565405,-0.000040,-0.000250,-0.000620,-0.000210,-0.000580,-0.000370,621.656250,622.352417,563.968140,676.764832,535.230713,559.483643
1699147219001280,103.000000,-0.824777,0.007738,0.565405,-0.000040,-0.000250,-0.000620,-0.000210,-0.000580,-0.000370,676.370422,690.764526,693.459473,711.244141,673.772827,690.290771
1699147219031040,33.000000,0.898664,0.424158,0.111773,-0.000270,-0.000330,0.000290,-0.000060,0.000560,0.000620,420.038818,386.700226,439.782745,372.275269,431.299408,372.052979
1699147219636160,39.000000,0.898664,0.424158,0.111773,-0.000270,-0.000330,0.000290,-0.000060,0.000560,0.000620,371.135376,322.321655,299.586761,408.296906,283.545197,245.576080
1699147219675840,130.000000,-0.824777,0.007738,0.565405,-0.000040,-0.000250,-0.000620,-0.000210,-0.000580,-0.000370,638.937622,689.820496,665.367432,671.570740,664.979858,622.150818
1699147220181760,35.000000,0.898664,0.424158,0.111773,-0.000270,-0.000330,0.000290,-0.000060,0.000560,0.000620,276.190186,256.305176,316.147766,277.207855,258.130768,289.491547
1699147220290880,117.000000,-0.824777,0.007738,0.565405,-0.000040,-0.000250,-0.000620,-0.000210,-0.000580,-0.000370,801.421143,788.172974,783.580444,747.938660,789.413391,767.990234
1699147220796800,43.000000,0.898664,0.424158,0.111773,-0.000270,-0.000330,0.000290,-0.000060,0.000560,0.000620,335.022919,379.490051,409.518463,308.546570,341.467438,333.701752
1699147221034880,115.000000,-0.824777,0.007738,0.565405,-0.000040,-0.000250,-0.000620,-0.000210,-0.000580,-0.000370,731.102783,560.047241,747.010742,627.230103,751.958252,607.756348
1699147221362240,37.000000,0.560110,-0.188973,0.806577,-0.000270,-0.004480,0.000290,0.003180,0.000560,-0.000350,146.679810,92.775146,281.955322,93.324615,166.229095,108.207527
1699147221560640,187.000000,-0.824777,0.007738,0.565405,-0.000040,-0.000250,-0.000620,-0.000210,-0.000580,-0.000370,783.463623,525.281006,827.203674,691.851379,836.319092,664.080688
1699147221977280,21.000000,0.898664,0.424158,0.111773,-0.000270,-0.000330,0.000290,-0.000060,0.000560,0.000620,288.191467,359.878357,338.057343,276.520721,313.449310,324.899841
1699147222056640,137.000000,-0.827696,0.003605,0.561165,-0.000040,-0.000240,-0.000620,-0.000210,-0.000580,-0.000370,700.191956,478.801514,748.099792,572.573730,757.423340,482.487335
1699147222522880,131.000000,-0.828977,-0.001964,0.559280,-0.000040,-0.000240,-0.000620,-0.000210,-0.000580,-0.000380,672.905518,646.745361,799.148926,558.172974,791.348755,476.960083
1699147222840320,28.000000,0.898664,0.424158,0.111773,-0.000270,-0.000330,0.000290,-0.000060,0.000560,0.000620,361.975128,410.500732,439.735474,264.483582,380.216064,401.678345
1699147222999040,233.000000,-0.828167,-0.008695,0.560414,-0.000040,-0.000240,-0.000620,-0.000200,-0.000580,-0.000380,767.574158,794.065552,886.294250,538.632202,830.757446,705.341675
1699147223465280,42.000000,0.898664,0.424158,0.111773,-0.000270,-0.000330,0.000290,-0.000060,0.000560,0.000620,357.623596,472.925964,512.114319,257.902924,346.711609,420.690491
1699147223495040,205.000000,-0.828167,-0.008695,0.560414,-0.000040,-0.000240,-0.000620,-0.000200,-0.000580,-0.000380,734.169434,864.476929,860.834290,614.076782,856.216431,775.994019
1699147223991040,130.000000,-0.828167,-0.008695,0.560414,-0.000040,-0.000240,-0.000620,-0.000200,-0.000580,-0.000380,521.869995,867.165405,677.617310,551.304504,798.275208,699.156860
1699147224060480,28.000000,0.901661,0.417736,0.111821,-0.000270,-0.000330,0.000290,-0.000050,0.000560,0.000620,258.742615,309.876007,310.726746,271.794556,316.980438,315.744446
1699147224645760,27.000000,0.901661,0.417736,0.111821,-0.000270,-0.000330,0.000290,-0.000050,0.000560,0.000620,155.372986,194.970825,256.805115,135.077179,207.817139,141.196564
1699147224675520,129.000000,-0.828167,-0.008695,0.560414,-0.000040,-0.000240,-0.000620,-0.000200,-0.000580,-0.000380,457.637573,755.510010,716.448853,675.899048,706.632812,845.413330
1699147225320320,142.000000,-0.831835,-0.006111,0.554990,-0.000030,-0.000240,-0.000620,-0.000200,-0.000580,-0.000380,472.781433,583.892334,633.091370,641.224304,606.855347,781.636658
1699147225975040,131.000000,-0.834669,-0.010276,0.550656,-0.000030,-0.000230,-0.000620,-0.000200,-0.000580,-0.000380,586.826172,445.072296,588.442993,732.482727,563.329834,683.554260
1699147226808320,207.000000,-0.834669,-0.010276,0.550656,-0.000030,-0.000230,-0.000620,-0.000200,-0.000580,-0.000380,823.906372,756.945251,459.122864,861.687378,629.113831,654.593994
1699147227334080,150.000000,-0.837799,-0.014539,0.545785,-0.000030,-0.000230,-0.000620,-0.000200,-0.000590,-0.000390,713.787109,706.819580,574.795776,788.163574,445.984406,424.023834
