time,filter_id,updated_x,updated_y
1699146089202560,0,129.8,81.7009
1699146089619200,0,129.797,81.7018
1699146090392960,0,129.797,81.7019
1699146091216320,0,129.528,81.9444
1699146091593280,0,129.653,81.8319
1699146091980160,0,129.551,81.9239
1699146092376960,0,129.492,81.9775
1699146093527680,0,129.415,82.0464
1699146095670400,0,129.372,82.0849
1699146102445760,0,129.399,82.0609
1699146103001280,0,129.406,82.0543
1699146103576640,0,128.781,81.5853
1699146105699520,0,128.631,81.6879
1699146106225280,0,128.724,81.6953
1699146106780800,0,128.72,81.6281
1699146107792640,0,128.665,81.7107
1699146108883840,0,128.564,81.7115
1699146109965120,0,128.487,81.7132
1699146110441280,0,128.471,81.7176
1699146110986880,0,128.406,81.7731
1699146111522560,0,128.355,81.8173
1699146111949120,0,128.32,81.8525
1699146119607360,0,127.952,81.9889
1699146120143040,0,127.791,82.0222
1699146120688640,0,127.798,82.1135
1699146121204480,0,127.717,82.1115
1699146121700480,0,127.658,82.1109
1699146126224000,0,127.406,82.1616
1699146129408320,0,127.337,82.1597
1699146129894400,0,127.387,82.1365
1699146130420160,0,127.412,82.1233
1699146130945920,0,127.427,82.1146
1699146131461760,0,127.438,82.1083
1699146131967680,0,127.406,82.1471
1699146132493440,0,127.38,82.1789
1699146133058880,0,127.391,82.1672
1699146133594560,0,127.317,82.2387
1699146134080640,0,127.255,82.3007
1699146134656000,0,127.195,82.3587
1699146135161920,0,127.145,82.4094
1699146136173760,0,127.1,82.4555
1699146136679680,0,127.026,82.4516
1699146137205440,0,126.941,82.4525
1699146137731200,0,126.865,82.4514
1699146138247040,0,126.763,82.4032
1699146138762880,0,126.672,82.3577
1699146139298560,0,126.589,82.3148
1699146139834240,0,126.519,82.2748
1699146140340160,0,126.46,82.2382
1699146140885760,0,126.41,82.2049
1699146141371840,0,126.371,82.1756
1699146141927360,0,126.336,82.1487
1699146142453120,0,126.31,82.1251
1699146142959040,0,126.293,82.1058
1699146143474880,0,126.279,82.0883
1699146144040320,0,126.268,82.0727
1699146144566080,0,126.263,82.0605
1699146145081920,0,126.263,82.0507
1699146145617600,0,126.265,82.0426
1699146146123520,0,126.27,82.0369
1699146146669120,0,126.275,82.0316
1699146147194880,0,126.283,82.0284
1699146147740480,0,126.292,82.026
1699146148315840,0,126.3,82.0242
1699146148831680,0,126.254,82.0721
1699146149397120,0,126.213,82.1159
1699146149942720,0,126.177,82.156
1699146150448640,0,126.148,82.1916
1699146151510080,0,126.123,82.2233
1699146152591360,0,126.022,82.2154
1699146153087360,0,126.014,82.2432
1699146153563520,0,125.896,82.2728
1699146154545600,0,125.794,82.263
1699146156847040,0,125.723,82.3788
1699146157313280,0,125.642,82.3913
1699146157809280,0,125.572,82.4924
1699146158285440,0,125.513,82.58
1699146158781440,0,125.463,82.6573
1699146159257600,0,125.423,82.7221
1699146159743680,0,125.385,82.6958
1699146160209920,0,125.357,82.6682
1699146160686080,0,125.336,82.725
1699146161122560,0,125.315,82.5274
1699146161618560,0,125.301,82.5939
1699146162055040,0,125.24,82.6138
1699146162531200,0,125.186,82.7136
1699146163443840,0,125.108,82.83
1699146164991360,0,125.008,82.978
1699146166300800,0,124.956,83.0938
1699146167163840,0,124.892,83.0891
1699146168007040,0,124.844,83.0815
1699146169822400,0,124.668,83.0306
1699146170933440,0,124.571,82.9573
1699146171320320,0,124.541,82.8939
1699146171746880,0,124.514,82.8493
1699146172183360,0,124.492,82.8152
1699146172629760,0,124.414,82.8346
1699146173046400,0,124.353,82.8503
1699146173512640,0,124.296,82.8642
1699146174901440,0,124.179,82.787
1699146175347840,0,124.114,82.8513
1699146176260480,0,124.025,82.9133
1699146176696960,0,123.989,82.9614
1699146177143360,0,123.957,83.0017
1699146177609600,0,123.929,83.0367
1699146178085760,0,123.905,83.0672
1699146178581760,0,123.884,83.0941
1699146179286080,0,123.798,83.0826
1699146180000320,0,123.722,83.0686
1699146180764160,0,123.653,83.0534
1699146181557760,0,123.621,83.0345
1699146181994240,0,123.595,83.0183
1699146182391040,0,123.577,83.0041
1699146192975680,0,122.637,82.4944
1699146193392320,0,122.602,82.3644
1699146193848640,0,122.575,82.3009
1699146194285120,0,122.554,82.2608
1699146195009280,0,122.516,82.2207
1699146196110400,0,122.462,82.1745
1699146196556800,0,122.423,82.2053
1699146196983360,0,122.424,82.1893
1699146197687680,0,122.41,82.1666
1699146198084480,0,122.363,82.199
1699146198491200,0,122.323,82.2262
1699146198927680,0,122.259,82.2829
1699146199354240,0,122.202,82.3339
1699146199790720,0,122.153,82.3806
1699146200504960,0,122.035,82.3914
1699146201159680,0,121.932,82.4027
1699146201814400,0,121.841,82.4138
1699146202191360,0,121.755,82.3803
1699146202885760,0,121.646,82.3477
1699146203609920,0,121.552,82.3163
1699146204284480,0,121.478,82.2877
1699146205048320,0,121.412,82.2612
1699146205712960,0,121.37,82.2397
1699146206367680,0,121.339,82.2216
1699146207062080,0,121.315,82.206
1699146207746560,0,121.301,82.1938
1699146208401280,0,121.227,82.1396
1699146209095680,0,121.231,82.1364
1699146209809920,0,121.076,82.1472
1699146210167040,0,121.463,81.8237
1699146210553920,0,121.319,81.8761
1699146210653120,0,121.63,81.0608
1699146210930880,0,121.495,81.1899
1699146211109440,0,121.785,80.5102
1699146211327680,0,121.651,80.6816
1699146211744320,0,121.528,80.8004
1699146211972480,0,121.815,80.1715
1699146212131200,0,121.688,80.3712
1699146212478400,0,121.571,80.519
1699146212855360,0,121.457,80.6667
1699146213212480,0,121.346,80.8167
1699146214006080,0,121.238,80.9667
1699146214432640,0,121.133,81.1184
1699146214829440,0,121.037,81.2689
1699146215246080,0,120.946,81.4148
1699146215662720,0,120.864,81.5539
1699146216059520,0,120.793,81.682
1699146217557440,0,120.629,81.9715
1699146217924480,0,120.561,82.011
1699146218281600,0,120.441,82.0004
1699146219591040,0,120.303,82.0136
1699146219948160,0,120.771,80.8853
1699146220305280,0,120.657,81.0396
1699146220464000,0,121.016,80.3241
1699146221098880,0,121.331,79.5881
1699146221704000,0,121.636,78.884
1699146222338880,0,121.931,78.2137
1699146222973760,0,122.206,77.6031
1699146223608640,0,122.455,77.058
1699146224263360,0,122.677,76.5839
1699146224888320,0,122.866,76.1914
1699146225523200,0,123.024,75.8715
1699146225662080,0,122.477,76.8838
1699146225979520,0,122.441,77.4495
1699146226138240,0,122.549,77.2234
1699146226346560,0,122.177,77.8505
1699146226753280,0,122.323,77.5472
1699146226991360,0,121.987,78.1155
1699146227298880,0,122.133,77.8314
1699146227983360,0,122.297,77.4882
1699146228370240,0,121.93,78.1151
1699146228767040,0,121.566,78.6394
1699146229352320,0,121.749,78.2928
1699146229431680,0,121.439,78.8263
1699146229858240,0,121.629,78.4863
1699146230175680,0,121.219,79.0168
1699146230572480,0,121.434,78.6546
1699146230830400,0,121.054,79.1604
1699146231088320,0,121.285,78.7957
1699146231544640,0,120.894,79.3082
1699146232129920,0,121.143,78.9051
1699146232328320,0,120.782,79.4069
1699146232616000,0,121.059,78.9939
1699146233012800,0,120.696,79.4896
1699146233231040,0,120.986,79.071
1699146233707200,0,121.245,78.6785
1699146233727040,0,120.924,79.1487
1699146234451200,0,120.658,79.5315
1699146234887680,0,120.9,79.17
1699146235195200,0,120.604,79.5863
1699146235879680,0,120.246,80.0711
1699146236018560,0,120.554,79.5459
1699146236554240,0,120.228,80.0048
1699146236593920,0,120.546,79.4856
1699146237199040,0,120.805,79.0094
1699146237903360,0,120.436,79.5446
1699146238310080,0,120.766,78.9028
1699146238647360,0,120.43,79.4403
1699146239411200,0,120.061,79.997
1699146240075840,0,119.727,80.5188
1699146240859520,0,119.255,80.9784
1699146241494400,0,118.91,81.2938
1699146241792000,0,119.523,80.3223
1699146242109440,0,119.16,80.7014
1699146242605440,0,119.634,79.9079
1699146243478400,0,119.223,80.3532
1699146243776000,0,119.735,79.5966
1699146244143040,0,119.384,80.0211
1699146247039680,0,120.007,78.8093
1699146247535680,0,120.591,77.8548
1699146248775680,0,119.905,78.7967
1699146249351040,0,119.333,79.5979
1699146249966080,0,118.932,80.1954
1699146250720000,0,118.48,80.6515
1699146251404480,0,118.223,81.0589
1699146252148480,0,117.825,81.4251
1699146254370560,0,117.482,81.7398
1699146254717760,0,118.26,80.6812
1699146254866560,0,118.452,80.9349
1699146255124480,0,118.188,81.1704
1699146255293120,0,118.71,80.4202
1699146255769280,0,118.428,80.6962
1699146255828800,0,118.889,80.0529
1699146256056960,0,118.966,80.3002
1699146256493440,0,119.141,80.7139
1699146257207680,0,119.209,80.9491
1699146257306880,0,118.935,81.124
1699146257991360,0,119.007,81.3559
1699146258120320,0,118.734,81.5015
1699146258358400,0,118.823,81.6354
1699146258804800,0,118.546,81.8134
1699146259310720,0,118.931,81.0255
1699146259528960,0,118.645,81.2142
1699146260173760,0,118.331,81.4313
1699146260798720,0,117.953,81.6904
1699146261007040,0,118.095,81.8463
1699146261503040,0,117.772,82.0443
1699146262237120,0,117.389,82.306
1699146262842240,0,117.067,82.5128
1699146263397760,0,117.311,82.6268
1699146263487040,0,117.075,82.6412
1699146264151680,0,116.745,82.7637
1699146264885760,0,116.43,82.8721
1699146265024640,0,116.768,82.8072
1699146265421440,0,117.005,82.7886
1699146265540480,0,116.889,82.8145
1699146267474880,0,116.654,82.9474
1699146268080000,0,116.351,83.1099
1699146268268480,0,116.655,83.0286
1699146269389440,0,116.376,83.1673
1699146269399360,1,121.66,75.2293
1699146270034240,1,121.66,75.2293
1699146270569920,1,121.366,75.0561
1699146270609600,0,116.24,83.2017
1699146271224640,0,115.998,83.3227
1699146271819840,1,121.262,74.9954
1699146271829760,0,115.919,83.333
1699146272415040,0,115.717,83.4305
1699146273089600,0,115.513,83.5273
1699146273238400,1,121.325,74.9955
1699146273774080,0,115.343,83.5421
1699146274468480,0,115.162,83.5615
1699146275162880,0,115.021,83.5605
1699146276492160,0,114.858,83.4985
1699146276690560,0,115.322,83.4412
1699146277196480,0,115.172,83.386
1699146277365120,0,115.61,83.38
1699146277831360,0,115.381,83.4023
1699146278327360,1,121.142,74.6445
1699146278386880,0,115.259,83.3704
1699146278823360,1,121.038,74.4313
1699146278962240,0,115.149,83.3494
1699146279636800,0,114.94,83.3819
1699146280351040,1,120.449,73.9668
1699146280817280,1,120.563,73.984
1699146280985920,0,114.838,83.3869
1699146281075200,0,115.144,83.3813
1699146281452160,1,120.648,74.0085
1699146281521600,0,115.053,83.3812
1699146282057280,1,120.689,74.0019
1699146282106880,0,114.977,83.3812
1699146282702080,1,120.722,73.9975
1699146282731840,0,114.919,83.3798
1699146283327040,0,114.762,83.4036
1699146283872640,0,114.989,83.4181
1699146284269440,0,115.255,83.424
1699146285886400,0,115.605,83.4055
1699146286303040,0,115.718,83.2129
1699146287106560,0,116.382,82.7973
1699146287880320,0,116.703,82.8624
1699146289576640,0,116.055,82.9376
1699146290112320,0,115.443,83.0415
1699146290757120,0,114.978,83.1179
1699146291501120,0,114.594,83.1793
1699146292126080,0,114.337,83.2262
1699146292721280,0,114.097,83.2657
1699146293296640,0,113.899,83.2988
1699146293802560,0,113.745,83.3258
1699146294149760,0,114.008,82.6145
1699146294348160,0,113.854,82.7557
1699146295002880,0,113.703,82.8234
1699146295558400,0,113.529,82.9327
1699146296223040,0,113.358,83.0389
1699146296808320,0,113.14,83.1394
1699146298018560,0,112.83,83.255
1699146298574080,0,112.693,83.3445
1699146299228800,0,112.565,83.4245
1699146299873600,0,112.423,83.5001
1699146300587840,0,112.338,83.5605
1699146301341760,0,112.231,83.6198
1699146302095680,0,112.151,83.6684
1699146302859520,0,112.09,83.7088
1699146303514240,0,112.064,83.7348
1699146304258240,0,111.971,83.8061
1699146304922880,0,111.918,83.857
1699146305061760,1,120.334,73.9171
1699146305488320,0,111.867,83.8457
1699146305776000,1,120.034,73.8334
1699146305924800,0,111.881,83.8655
1699146306470400,0,111.766,83.8273
1699146307105280,0,111.653,83.7925
1699146307819520,0,111.548,83.7572
1699146308494080,0,111.467,83.7191
1699146309248000,0,111.396,83.6815
1699146309992000,0,111.344,83.6442
1699146310745920,0,111.307,83.6087
1699146311440320,0,111.292,83.6656
1699146312839040,0,111.283,83.627
1699146312948160,1,119.711,73.7775
1699146313602880,0,111.222,83.7275
1699146314217920,0,111.175,83.8142
1699146314396480,1,119.442,73.7191
1699146314952000,0,111.144,83.8865
1699146315696000,0,111.064,83.9634
1699146316430080,0,111,84.0303
1699146317203840,0,110.947,84.0891
1699146317838720,0,110.916,84.1325
1699146318552960,0,110.886,84.172
1699146318711680,1,119.153,73.7171
1699146319267200,0,110.851,84.2339
1699146319961600,0,110.77,84.2159
1699146320140160,0,111.267,83.4469
1699146320715520,0,111.141,83.5338
1699146321310720,0,111.027,83.6153
1699146322679680,0,110.86,83.7333
1699146323999040,0,110.71,83.8448
1699146324703360,0,110.567,83.9509
1699146325467200,0,110.437,84.051
1699146326102080,0,110.337,84.1359
1699146326667520,0,110.259,84.2064
1699146327312320,0,110.186,84.2707
1699146327976960,0,110.126,84.3264
1699146328482880,0,110.092,84.3643
1699146329028480,0,110.061,84.3983
1699146329683200,0,110.03,84.4313
1699146330328000,0,110.007,84.4578
1699146330992640,0,109.992,84.4788
1699146331548160,0,109.887,84.5386
1699146332202880,0,109.829,84.5881
1699146332718720,0,109.69,84.5899
1699146333214720,0,109.573,84.5897
1699146333780160,0,109.464,84.5911
1699146334365440,0,109.368,84.5909
1699146335030080,0,109.28,84.5899
1699146335188800,1,118.764,73.6973
1699146335714560,0,109.22,84.583
1699146336369280,0,109.16,84.5782
1699146337103360,0,109.105,84.5728
1699146337896960,0,109.061,84.5657
1699146338640960,0,109.036,84.5559
1699146339246080,0,109.03,84.5444
1699146339811520,0,109.031,84.5336
1699146340376960,0,109.034,84.5238
1699146340992000,0,109.037,84.5151
1699146341547520,0,109.046,84.5069
1699146342182400,0,109.053,84.4995
1699146342767680,0,109.064,84.4926
1699146343432320,0,109.074,84.4862
1699146343977920,0,109.089,84.4804
1699146344592960,0,109.102,84.4752
1699146345198080,0,109.115,84.4706
1699146345882560,0,109.064,84.5088
1699146347251520,0,108.953,84.5042
1699146347866560,0,108.857,84.4996
1699146348471680,0,108.773,84.4954
1699146349066880,0,108.703,84.4916
1699146349820800,1,117.962,73.6202
1699146350485440,1,117.188,73.568
1699146351735360,1,115.028,73.8657
1699146355296640,0,108.328,84.4792
1699146355832320,0,108.224,84.4708
1699146356467200,0,108.142,84.4649
1699146357121920,0,108,84.5123
1699146357290560,1,114.864,73.8788
1699146357756800,0,107.834,84.5048
1699146357875840,1,114.731,73.8549
1699146358441280,0,107.71,84.4989
1699146358996800,0,107.593,84.4943
1699146359601920,0,107.486,84.4903
1699146360197120,0,107.398,84.4867
1699146360812160,0,107.322,84.4835
1699146361357760,0,107.233,84.4803
1699146361982720,0,107.19,84.4776
1699146362647360,0,107.153,84.4752
1699146363232640,0,107.135,84.4733
1699146363857600,0,107.119,84.4716
1699146364432960,0,107.114,84.4702
1699146365067840,0,107.111,84.469
1699146365682880,0,107.114,84.468
1699146366258240,0,107.122,84.4672
1699146366833600,0,106.967,84.4765
1699146367438720,0,106.826,84.4849
1699146367974400,0,106.712,84.4923
1699146368609280,0,106.604,84.4992
1699146369174720,0,106.517,84.5051
1699146369700480,0,106.449,84.5101
1699146370305600,0,106.383,84.5148
1699146370841280,0,106.338,84.5185
1699146371406720,0,106.298,84.5218
1699146372676480,0,106.26,84.5249
1699146373311360,0,106.234,84.5274
1699146373906560,0,106.22,84.5292
1699146374481920,0,106.213,84.5306
1699146375077120,0,106.144,84.4938
1699146375632640,0,106.089,84.4608
1699146376247680,0,106.039,84.4308
1699146376832960,0,106,84.4043
1699146377487680,0,105.944,84.3354
1699146378102720,0,105.901,84.2747
1699146378757440,0,105.8,84.2618
1699146379402240,0,105.712,84.1712
1699146380047040,0,105.64,84.1724
1699146380543040,0,105.589,84.1008
1699146381128320,0,105.54,84.0353
1699146381326720,0,105.521,84.3975
1699146381763200,0,105.496,84.3158
1699146381872320,1,114.531,75.0173
1699146382328640,0,105.473,84.2425
1699146382437760,1,114.125,74.7865
1699146382953600,0,105.412,84.1801
1699146383052800,1,113.805,74.6042
1699146383538880,0,105.362,84.1239
1699146383667840,1,113.504,74.4567
1699146384094400,0,105.267,84.043
1699146384640000,0,105.174,83.9654
1699146385255040,0,105.084,83.8899
1699146385949440,0,105,83.8179
1699146386554560,0,104.939,83.7611
1699146387199360,0,104.886,83.7099
1699146387754880,0,104.852,83.6726
1699146388379840,0,104.821,83.6383
1699146388945280,0,104.815,83.6236
1699146389560320,0,104.796,83.6005
1699146390145600,0,104.786,83.5844
1699146390294400,0,104.657,83.6704
1699146390720960,0,104.67,83.6562
1699146390840000,0,104.583,84.0901
1699146391306240,0,104.546,84.015
1699146391455040,0,104.477,84.3805
1699146391832000,0,104.441,84.1993
1699146392397440,0,104.393,84.0219
1699146392546240,0,104.346,84.4403
1699146392962880,0,104.323,84.2506
1699146393508480,0,104.295,84.0601
1699146393935040,0,104.235,84.5219
1699146394083840,0,104.255,84.301
1699146394331840,0,104.168,84.6096
1699146394758400,0,104.17,84.4019
1699146395304000,0,104.169,84.1917
1699146395889280,0,104.174,83.9735
1699146395958720,0,104.113,84.3985
1699146396474560,0,103.885,84.2555
1699146396484480,1,113.277,74.3394
1699146397010240,0,103.771,84.0399
1699146397595520,0,103.665,83.8259
1699146398131200,0,103.645,83.6866
1699146398686720,0,103.559,83.5128
1699146399242240,0,103.485,83.3497
1699146399708480,0,103.434,83.2127
1699146400244160,0,103.388,83.0852
1699146400809600,0,103.348,82.9686
1699146401523840,0,103.235,82.7306
1699146402099200,0,103.139,82.5072
1699146402773760,0,103.045,82.2916
1699146403398720,0,102.976,82.1218
1699146404033600,0,102.919,81.9784
1699146404529600,0,102.891,81.8894
1699146405075200,0,103.179,82.65
1699146405600960,0,103.126,82.4961
1699146406156480,0,103.033,82.3651
1699146406682240,0,102.956,82.2559
1699146407307200,0,102.759,82.1564
1699146408021440,0,102.572,82.062
1699146408576960,0,102.427,82.0018
1699146409142400,0,102.302,81.9523
1699146409807040,0,102.183,81.9027
1699146410531200,0,102.077,81.8612
1699146418536640,0,98.9499,83.4234
1699146419012800,1,112.348,74.2558
1699146419161600,0,99.544,82.6255
1699146419617920,0,99.7718,82.2382
1699146420133760,0,99.9621,82.0141
1699146420530560,1,111.574,74.1718
1699146420768640,0,100.049,81.8622
1699146421155520,1,110.883,74.0902
1699146421373760,0,100.11,81.7522
1699146421631680,1,110.412,74.0194
1699146422117760,0,100.112,81.654
1699146422584000,1,109.753,73.9421
1699146423496640,0,99.9081,81.5574
1699146424141440,0,99.7693,81.4833
1699146432444480,0,98.4092,80.8189
1699146432940480,0,98.4238,80.7495
1699146433486080,0,98.306,80.6465
1699146434081280,0,98.216,80.5739
1699146434864960,1,109.112,74.3501
1699146439626560,0,97.8451,80.3566
1699146440162240,0,97.8131,80.2318
1699146440737600,0,97.7845,80.1425
1699146441283200,0,97.758,80.0733
1699146441838720,0,97.7327,80.0165
1699146442969600,0,97.7052,79.9293
1699146443554880,0,97.6372,79.8527
1699146444080640,0,97.5751,79.7832
1699146444725440,0,97.4961,79.6799
1699146445052800,0,97.5944,79.2725
1699146445261120,0,97.5997,79.2611
1699146445796800,0,97.598,79.2421
1699146446332480,0,97.5608,79.2226
1699146446878080,0,97.5572,79.1999
1699146447413760,0,97.5528,79.1765
1699146447969280,0,97.546,79.1013
1699146448485120,0,97.5471,79.0399
1699146449090240,0,97.5454,78.9734
1699146449120000,2,99.8823,89.9819
1699146449606080,0,97.5493,78.9166
1699146449685440,2,99.8823,89.9819
1699146450112000,0,97.6099,78.8431
1699146450369920,2,99.8823,89.9819
1699146450627840,0,97.673,78.8016
1699146450925440,2,99.8823,89.9819
1699146451213120,0,97.7282,78.7615
1699146451957120,2,99.8823,89.9819
1699146452284480,0,97.7781,78.7235
1699146452562240,2,99.9155,91.3788
1699146452849920,0,97.8239,78.6942
1699146453107840,2,99.91,91.1186
1699146453375680,0,97.8651,78.6742
1699146453633600,2,99.9013,90.7636
1699146453871680,0,97.9016,78.6592
1699146454208960,2,99.8956,90.5285
1699146454397440,0,97.9333,78.6507
1699146454913280,0,97.9697,78.6106
1699146455230720,2,99.8914,90.3562
1699146455409280,0,97.9918,78.6246
1699146455885440,0,98.0132,78.6265
1699146456262400,2,99.8926,90.3894
1699146456371520,0,98.0302,78.6331
1699146456758400,2,99.8935,90.4127
1699146456887360,0,98.0456,78.6369
1699146457363520,0,98.0733,78.607
1699146457482560,2,99.798,90.4745
1699146457829760,0,98.0906,78.5457
1699146457998400,2,99.8163,90.4693
1699146458286080,0,98.1071,78.5476
1699146458534080,2,99.8465,90.5341
1699146458732480,0,98.1155,78.5073
1699146459049920,2,99.7761,90.5767
1699146459159040,0,98.1192,78.481
1699146459545920,2,99.7128,90.6162
1699146459575680,0,98.1354,78.3943
1699146460002240,0,98.1501,78.3419
1699146460032000,2,99.668,90.6463
1699146460408960,0,98.2004,78.2744
1699146460984320,2,99.7071,90.7832
1699146461996160,2,99.7282,91.0116
1699146462512000,2,99.7653,91.1361
1699146463226240,2,99.796,91.2582
1699146463761920,2,99.8395,91.2911
1699146464277760,2,99.858,91.3447
1699146464624960,0,98.254,78.1867
1699146464783680,2,99.8835,91.317
1699146465041600,0,98.2993,78.1168
1699146465507840,0,98.4217,78.0784
1699146466023680,0,98.5393,78.0394
1699146466232000,2,99.8908,91.33
1699146466559360,0,98.6515,78.0031
1699146466708160,2,99.8975,91.402
1699146467095040,0,98.764,77.9653
1699146467194240,2,99.9023,91.4529
1699146467729920,2,99.9114,91.5582
1699146467739840,0,98.8124,77.9785
1699146468245760,2,99.9189,91.644
1699146468255680,0,98.8512,77.9887
1699146468781440,0,98.9628,77.9398
1699146468821120,2,99.9201,91.6528
1699146469287360,0,99.0578,77.9065
1699146469515520,2,99.9234,91.6892
1699146469793280,0,99.1116,77.9612
1699146470090880,2,99.9272,91.731
1699146470299200,0,99.1936,77.9846
1699146470616640,2,99.9305,91.7681
1699146470834880,0,99.2655,77.95
1699146471142400,2,99.9334,91.7993
1699146471390400,0,99.3313,77.9184
1699146471648320,2,99.9353,91.8205
1699146471906240,0,99.3945,77.9424
1699146472154240,2,99.9368,91.8354
1699146472422080,0,99.4539,77.9101
1699146472650240,2,99.9377,91.8437
1699146472918080,0,99.505,77.8818
1699146473146240,2,99.9385,91.852
1699146473433920,0,99.5546,77.9097
1699146473642240,2,99.9389,91.8558
1699146473999360,0,99.6086,77.8775
1699146474277120,2,99.94,91.8667
1699146474604480,0,99.6951,77.9355
1699146474802880,2,99.9401,91.867
1699146475189760,0,99.7307,77.905
1699146475288960,2,99.9395,91.8579
1699146475705600,0,99.7601,77.8768
1699146475755200,2,99.9385,91.8453
1699146475884160,1,108.709,74.3179
1699146476211520,0,99.7693,77.8565
1699146476896000,2,99.9383,91.8428
1699146477302720,0,99.7842,77.8349
1699146477838400,0,99.9068,77.8394
1699146477997120,2,99.9383,91.8422
1699146478106240,1,108.343,74.2693
1699146478403840,0,99.9784,77.8567
1699146478661760,2,99.939,91.8486
1699146478691520,1,108.127,74.2281
1699146479008960,0,100.042,77.8719
1699146479217280,2,99.9391,91.85
1699146479286720,1,107.913,74.1931
1699146479524800,0,100.049,77.8885
1699146479762880,2,99.9393,91.8514
1699146479862080,1,107.672,74.1621
1699146480100160,0,100.078,77.9041
1699146480387840,2,99.9397,91.8544
1699146480744960,0,100.178,77.8814
1699146480923520,2,99.939,91.8468
1699146481300480,0,100.271,77.8601
1699146481449280,2,99.9384,91.8385
1699146481856000,0,100.361,77.8396
1699146481945280,2,99.9375,91.8277
1699146482113920,1,107.314,74.155
1699146482371840,0,100.412,77.8268
1699146482490880,2,99.9368,91.8195
1699146482897600,0,100.48,77.8108
1699146482976960,2,99.9433,91.8375
1699146483423360,2,99.944,91.8451
1699146483492800,0,100.487,77.8074
1699146483919360,2,99.9961,91.9072
1699146484008640,0,100.496,77.8041
1699146484365760,2,100.049,91.9631
1699146484504640,0,100.513,77.7992
1699146484822080,2,100.099,92.0133
1699146485000640,0,100.532,77.7941
1699146485109760,1,107.016,74.1319
1699146485377600,2,100.139,92.0483
1699146485556160,0,100.549,77.7896
1699146485893440,2,100.183,92.0922
1699146485952960,0,99.9855,77.2327
1699146486052160,0,100.033,77.271
1699146486310080,1,106.51,74.1066
1699146486518400,2,100.206,92.0825
1699146486617600,0,100.076,77.3044
1699146486865600,1,106.064,74.0821
1699146487024320,2,100.217,92.0641
1699146487163200,0,100.117,77.3308
1699146487530240,2,100.238,92.0834
1699146487688960,0,100.155,77.356
1699146487708800,0,99.733,76.9003
1699146488006400,1,105.565,74.0561
1699146488026240,2,100.251,92.0945
1699146488254400,0,99.7859,76.9097
1699146488313920,0,99.4067,76.4936
1699146488512320,1,105.305,74.0355
1699146488532160,2,100.262,92.104
1699146488869440,0,98.9888,75.9899
1699146488879360,0,99.1385,76.0649
1699146489077760,2,100.284,92.1273
1699146489385280,0,98.7578,75.5969
1699146489415040,0,98.9175,75.7109
1699146489583680,2,100.302,92.1452
1699146489653120,1,105.158,74.0098
1699146489990400,0,98.6408,75.3841
1699146490139200,1,105.317,74.6461
1699146490416960,0,98.76,75.3809
1699146490565760,0,98.455,75.0173
1699146490853440,2,100.328,92.214
1699146490863360,0,98.6477,75.1658
1699146491180800,0,98.2686,74.7096
1699146491309760,0,98.4634,74.8382
1699146491359360,2,100.334,92.216
1699146491776000,0,98.6161,74.8512
1699146491885120,2,100.344,92.261
1699146492252160,0,98.8184,74.9377
1699146492400960,2,100.353,92.3004
1699146492758080,0,99.0453,75.0692
1699146492996160,2,100.371,92.3536
1699146493204480,0,99.2684,75.2443
1699146493541760,2,100.371,92.3774
1699146493660800,0,99.4627,75.4192
1699146494097280,0,99.7462,75.5202
1699146494146880,2,100.373,92.4
1699146494543680,0,100.037,75.6277
1699146494702400,2,100.384,92.4375
1699146494960320,0,100.273,75.6883
1699146495208320,2,100.399,92.4828
1699146495376960,0,100.45,75.7224
1699146495684480,2,100.416,92.5328
1699146495793600,0,100.595,75.7788
1699146496170560,2,100.436,92.5905
1699146496210240,0,100.696,75.8283
1699146496626880,0,100.91,75.8619
1699146496736000,2,100.436,92.6063
1699146497033600,0,100.977,75.8808
1699146497162560,0,100.44,75.3889
1699146497271680,2,100.435,92.6196
1699146497440320,0,100.57,75.4351
1699146497787520,2,100.442,92.6513
1699146497827200,0,100.65,75.4915
1699146498233920,0,100.729,75.5364
1699146498303360,2,100.439,92.6557
1699146498382720,0,100.324,75.1309
1699146498620800,0,100.451,75.1744
1699146499027520,0,100.62,75.1754
1699146499126720,2,100.437,92.6626
1699146499424320,0,100.798,75.1766
1699146499642560,2,100.44,92.6819
1699146499702080,0,100.318,74.7924
1699146499831040,0,100.471,74.842
1699146500198080,2,100.444,92.7036
1699146500227840,0,100.592,74.9029
1699146500257600,0,100.192,74.5636
1699146500624640,0,100.332,74.5757
1699146500733760,2,100.441,92.7065
1699146500783360,0,99.9737,74.2735
1699146501031360,0,100.109,74.3308
1699146501249600,2,100.443,92.7214
1699146501309120,0,99.7967,74.0694
1699146501428160,0,99.9365,74.104
1699146501755520,2,100.449,92.7449
1699146501785280,0,99.6468,73.8736
1699146501815040,0,99.7876,73.9547
1699146502192000,0,99.9224,73.9447
1699146502320960,2,100.445,92.7434
1699146502330880,0,99.6403,73.7444
1699146502588800,0,99.7819,73.7441
1699146502916160,2,100.447,92.76
1699146502965760,0,99.9253,73.8365
1699146503055040,0,99.6324,73.6353
1699146503362560,0,99.7866,73.6406
1699146503422080,2,100.44,92.7481
1699146503739520,0,99.9992,73.6567
1699146504136320,0,100.25,73.6799
1699146504245440,2,100.436,92.7429
1699146504612480,0,100.521,73.7421
1699146504781120,2,100.433,92.7432
1699146504999360,0,100.751,73.8482
1699146505425920,0,101.025,73.9333
1699146505535040,2,100.429,92.7386
1699146505822720,0,101.249,73.94
1699146506140160,2,100.431,92.749
1699146506279040,0,101.475,74.0234
1699146506665920,0,101.782,74.0468
1699146506814720,0,101.045,73.6443
1699146507072640,0,101.262,73.7557
1699146507350400,0,100.654,73.3862
1699146507469440,0,100.908,73.4854
1699146507856320,0,101.19,73.5369
1699146507915840,0,100.59,73.2522
1699146508253120,1,104.563,74.6584
1699146508511040,0,100.06,72.9513
1699146508679680,1,104.126,74.6497
1699146509046720,3,96.0707,71.2241
1699146509076480,1,103.96,74.6287
1699146509493120,1,103.187,74.6166
1699146509691520,3,96.3588,71.3643
1699146509919680,1,102.79,74.5842
1699146510316480,1,102.189,74.5568
1699146510336320,3,96.404,71.3863
1699146510733120,1,101.817,74.571
1699146510921600,3,96.4951,71.4306
1699146511159680,1,101.624,74.5275
1699146511596160,1,101.183,74.4619
1699146512022720,1,100.835,74.3934
1699146512429440,1,100.702,74.3559
1699146512816320,3,96.7376,71.451
1699146512856000,1,100.98,74.3284
1699146513748800,1,100.704,74.2054
1699146514224960,1,100.589,74.114
1699146514691200,0,100.365,72.9099
1699146515147520,0,100.686,72.8958
1699146515623680,0,100.995,72.8702
1699146516070080,0,101.287,72.8671
1699146516506560,0,101.569,72.8322
1699146516943040,0,101.818,72.8117
1699146517369600,0,102.041,72.7975
1699146517746560,3,97.0266,71.2849
1699146517816000,0,102.135,72.8338
1699146518312000,0,102.382,72.7746
1699146518808000,0,102.601,72.7268
1699146518907200,3,97.0725,71.2317
1699146519353600,0,102.769,72.6265
1699146519492480,3,97.1281,71.1993
1699146519919040,0,102.905,72.543
1699146520048000,3,97.1591,71.1801
1699146520474560,0,103.017,72.4717
1699146520623360,3,97.1883,71.165
1699146520901120,0,103.07,72.4306
1699146521248320,3,97.275,71.1374
1699146521426880,0,103.091,72.4077
1699146521843520,0,103.17,72.3577
1699146521853440,3,97.2227,71.1456
1699146522299840,0,103.239,72.3131
1699146522359360,3,97.209,71.1459
1699146522766080,0,103.284,72.2809
1699146522855360,3,97.2077,71.1438
1699146523242240,0,103.312,72.2584
1699146523430720,3,97.2361,71.1344
1699146523738240,0,103.315,72.2495
1699146524016000,3,97.272,71.1231
1699146524174720,0,103.289,72.2564
1699146524601280,0,103.316,72.2362
1699146524700480,3,97.2555,71.1259
1699146525047680,0,103.319,72.229
1699146525216320,3,97.2544,71.125
1699146525275840,2,100.426,92.7397
1699146525464320,0,103.287,72.1833
1699146525484160,0,103.175,72.2882
1699146525692480,3,97.3269,71.1555
1699146525851200,2,100.423,92.738
1699146525871040,0,103.139,72.2578
1699146526049600,0,103.038,72.2651
1699146526099200,3,97.3485,71.1858
1699146526277760,0,103.043,72.1982
1699146526486080,2,100.386,92.7607
1699146526535680,1,100.307,73.9958
1699146526674560,0,103.045,72.14
1699146527051520,2,100.384,92.7481
1699146527418560,0,103.071,72.0606
1699146527448320,3,97.414,71.1728
1699146527666560,2,100.35,92.7676
1699146527785600,0,103.029,71.9963
1699146527884800,3,97.5213,71.1631
1699146528142720,0,103.073,71.9131
1699146528222080,2,100.318,92.7764
1699146528341120,3,97.6262,71.1533
1699146528509760,0,103.104,71.8488
1699146528787520,3,97.7003,71.1469
1699146529224000,2,100.281,92.8099
1699146529233920,3,97.7361,71.1446
1699146529729920,2,100.239,92.8427
1699146529799360,3,97.7868,71.1402
1699146530196160,2,100.199,92.8637
1699146530265600,3,97.8376,71.1356
1699146530662400,2,100.159,92.8796
1699146530692160,3,97.8621,71.1339
1699146531118720,3,98.0462,71.114
1699146531158400,2,100.139,92.8719
1699146531565120,3,98.1947,71.0985
1699146531991680,3,98.2968,71.0883
1699146532061120,2,100.164,92.8435
1699146532080960,0,103.068,71.7416
1699146532457920,0,103.118,71.6557
1699146532497600,2,100.146,92.8418
1699146532874560,0,103.161,71.5269
1699146532924160,3,98.2738,71.0919
1699146532944000,2,100.132,92.839
1699146533311040,3,98.3501,71.0845
1699146533320960,0,103.164,71.4766
1699146533370560,2,100.12,92.8377
1699146533757440,0,103.191,71.3378
1699146533797120,2,100.109,92.8367
1699146533816960,3,98.355,71.0558
1699146534184000,0,103.21,71.2104
1699146534213760,2,100.101,92.8702
1699146534263360,3,98.3705,71.0316
1699146534620480,0,103.175,71.075
1699146534640320,2,100.094,92.8662
1699146534699840,3,98.3914,71.0102
1699146535056960,2,100.07,92.8798
1699146535066880,0,103.12,71.0319
1699146535225600,3,98.4361,70.9867
1699146535463680,2,100.053,92.8859
1699146535493440,1,100.397,73.8182
1699146535572800,0,103.079,70.9779
1699146535781120,3,98.4932,70.9311
1699146535880320,2,100.02,92.9284
1699146535959680,1,100.417,73.6679
1699146536128320,0,103.082,70.8835
1699146536247360,3,98.5217,70.8858
1699146536326720,2,100.016,92.9584
1699146536683840,0,103.092,70.7457
1699146536703680,3,98.5136,70.8559
1699146536753280,2,99.9924,92.9887
1699146537160000,0,103.102,70.608
1699146537169920,3,98.507,70.831
1699146537179840,2,99.995,93.0068
1699146537606400,2,99.9697,93.0616
1699146537646080,3,98.5408,70.8233
1699146537656000,0,103.101,70.5636
1699146538032960,2,99.9525,93.1099
1699146538112320,3,98.5831,70.8127
1699146538280960,0,103.108,70.4764
1699146538459520,2,99.9502,93.1368
1699146538628160,3,98.6561,70.7924
1699146538767040,0,103.108,70.3659
1699146538876160,2,99.931,93.1937
1699146539144000,3,98.7782,70.7259
1699146539282880,0,103.107,70.2689
1699146539292800,2,99.939,93.1985
1699146539719360,2,99.9244,93.2447
1699146539749120,3,98.8106,70.691
1699146539798720,0,103.104,70.2054
1699146540155840,2,99.9182,93.2773
1699146540195520,3,98.8386,70.6608
1699146540354240,0,103.106,70.1105
1699146540572480,2,99.9208,93.292
1699146540731200,3,98.9091,70.6159
1699146540899840,0,103.107,70.0254
1699146540979200,2,99.9295,93.2914
1699146541147840,3,98.9783,70.5715
1699146541385920,2,99.9307,93.306
1699146541405760,0,103.103,69.9982
1699146541594240,3,99.0466,70.5275
1699146541802560,2,99.9427,93.3491
1699146541901760,0,103.102,69.9433
1699146541971200,2,100.262,94.126
1699146542209280,2,100.224,94.1362
1699146542368000,3,99.1232,70.4698
1699146542625920,2,100.211,94.1062
1699146542744960,3,99.1787,70.4231
1699146543022720,2,100.196,94.0682
1699146543072320,0,103.1,69.912
1699146543439360,2,100.182,94.0318
1699146543498880,3,99.2168,70.3864
1699146543528640,0,103.097,69.8968
1699146543856000,2,100.167,93.988
1699146543905600,3,99.2388,70.3596
1699146544064320,0,103.099,69.8316
1699146544282560,2,100.161,93.9617
1699146544639680,0,103.136,69.6758
1699146544689280,2,100.146,93.8818
1699146545056320,3,99.3776,70.2745
1699146545105920,2,100.133,93.8148
1699146545145600,0,103.159,69.6452
1699146545413440,3,99.4621,70.2152
1699146545522560,2,100.101,93.8038
1699146545661440,0,103.187,69.5223
1699146545949120,2,100.1,93.8027
1699146546276480,0,103.225,69.3308
1699146546365760,0,103.855,69.5932
1699146546792320,2,100.089,93.7734
1699146547010560,0,103.861,69.4512
1699146547228800,2,100.09,93.7586
1699146547516480,0,103.875,69.2909
1699146547655360,2,100.09,93.7414
1699146548062080,0,103.898,69.0996
1699146548072000,2,100.084,93.6876
1699146548577920,0,103.918,68.8906
1699146548597760,2,100.085,93.6725
1699146549083840,2,100.084,93.6785
1699146549093760,0,103.857,68.877
1699146549540160,2,100.084,93.6775
1699146549688960,0,103.823,68.82
1699146550026240,2,100.085,93.6692
1699146550194880,0,103.795,68.7643
1699146550680960,3,99.5092,70.1754
1699146550690880,0,103.756,68.7652
1699146550919040,2,100.086,93.6569
1699146551067840,3,99.5385,70.1461
1699146551256320,0,103.74,68.7027
1699146551355520,2,100.088,93.6431
1699146551464640,3,99.5499,70.0822
1699146551792000,2,100.088,93.6356
1699146551821760,0,103.709,68.7093
1699146551851520,3,99.5366,70.0406
1699146552228480,2,100.089,93.6277
1699146552238400,3,99.5143,70.0127
1699146552317760,0,103.72,68.666
1699146552595520,3,99.5809,69.9018
1699146552645120,2,100.091,93.6157
1699146552853440,0,103.736,68.542
1699146552962560,3,99.5923,69.8336
1699146553061760,2,100.092,93.6062
1699146553369280,3,99.656,69.7218
1699146553438720,0,103.738,68.4808
1699146553478400,2,100.093,93.5976
1699146553855360,3,99.7173,69.6328
1699146553895040,2,100.067,93.598
1699146553954560,0,103.739,68.4312
1699146554311680,2,100.068,93.593
1699146554371200,3,99.695,69.5951
1699146554500160,0,103.746,68.3581
1699146554718400,2,100.07,93.5868
1699146554916800,3,99.7034,69.5329
1699146555025920,0,103.774,68.2968
1699146555154880,2,100.073,93.5807
1699146555492160,3,99.779,69.4113
1699146555561600,0,103.774,68.257
1699146555601280,2,100.075,93.5751
1699146556047680,2,100.077,93.5702
1699146556077440,0,103.781,68.2276
1699146556583360,0,103.848,68.0019
1699146556593280,3,99.7309,69.3651
1699146556613120,2,100.079,93.5652
1699146557079360,0,103.91,67.8154
1699146557089280,3,99.7284,69.3438
1699146557148800,2,100.081,93.561
1699146557575360,0,103.964,67.6674
1699146557634880,2,100.083,93.5573
1699146557654720,3,99.7266,69.3255
1699146558101120,0,103.978,67.5326
1699146558557440,2,100.084,93.5525
1699146558597120,3,99.729,69.3051
1699146558616960,0,103.952,67.5693
1699146559003840,2,100.086,93.5476
1699146559450240,2,100.088,93.5435
1699146559519680,3,99.7384,69.2777
1699146559886720,2,100.134,93.5666
1699146559906560,0,103.961,67.6018
1699146559976000,3,99.745,69.2173
1699146560333120,2,100.227,93.5636
1699146560422400,3,99.756,69.1551
1699146560432320,0,103.955,67.6196
1699146560868800,3,99.8375,68.9881
1699146560958080,2,100.301,93.5608
1699146560977920,0,103.996,67.6105
1699146561305280,3,99.8799,68.8712
1699146561523520,0,104.052,67.5387
1699146561741760,3,99.8867,68.7782
1699146562178240,3,99.8822,68.7398
1699146562436160,2,100.376,93.5582
1699146562575040,0,104.095,67.5015
1699146562614720,3,99.8547,68.7191
1699146562961920,2,100.315,93.4691
1699146563041280,3,99.8758,68.6327
1699146563170240,0,104.134,67.4727
1699146563418240,2,100.84,93.0412
1699146563477760,3,99.889,68.5671
1699146563676160,0,104.179,67.4207
1699146563844800,2,100.86,93.0847
1699146563884480,3,99.9078,68.5222
1699146564201920,0,104.216,67.2863
1699146564291200,3,99.9239,68.4568
1699146564301120,2,100.854,93.1352
1699146564697920,0,104.271,67.1527
1699146564737600,2,100.858,93.1718
1699146565104640,3,99.9853,68.2953
1699146565203840,0,104.292,67.1744
1699146565213760,2,100.853,93.2065
1699146565491520,3,100.024,68.1794
1699146565729600,0,104.321,67.1068
1699146565858560,3,100.036,68.1224
1699146565878400,2,100.852,93.2345
1699146566195840,3,100.073,68.0085
1699146566394240,0,104.328,67.0469
1699146566424000,2,100.853,93.2574
1699146566890240,0,104.359,66.9177
1699146566939840,2,100.855,93.2772
1699146567406080,0,104.381,66.8117
1699146567485440,2,100.866,93.2922
1699146567912000,0,104.472,66.8522
1699146568031040,2,100.881,93.3043
1699146568348480,3,100.096,67.8646
1699146568417920,0,104.49,66.892
1699146568536960,2,100.895,93.3159
1699146568765120,3,100.102,67.7644
1699146568963520,0,104.517,66.8994
1699146569003200,2,100.897,93.3302
1699146569152000,3,100.134,67.6743
1699146569449600,2,100.932,93.3359
1699146569538880,0,104.548,66.9369
1699146569578560,3,100.146,67.6376
1699146569965440,3,100.239,67.4771
1699146570163840,0,104.586,66.9503
1699146570382080,3,100.267,67.393
1699146570679680,0,104.62,66.9638
1699146570788800,3,100.276,67.3574
1699146570947520,2,100.943,93.3477
1699146571205440,0,104.627,67.0063
1699146571403840,2,100.96,93.3585
1699146571741120,0,104.71,66.964
1699146571909760,2,100.969,93.3705
1699146571959360,3,100.304,67.3507
1699146572366080,3,100.392,67.1839
1699146572376000,0,104.739,66.9816
1699146572475200,2,100.969,93.3832
1699146572891840,0,104.784,66.9742
1699146573000960,2,100.969,93.3952
1699146573169600,3,100.432,67.126
1699146573407680,0,104.839,66.953
1699146573516800,2,100.969,93.4065
1699146573576320,3,100.451,67.1134
1699146573943360,0,104.91,66.9175
1699146573983040,3,100.46,67.0691
1699146573992960,2,100.957,93.4172
1699146574399680,3,100.527,66.8895
1699146574518720,0,104.926,66.9326
1699146574846080,3,100.574,66.7555
1699146575044480,2,100.898,93.092
1699146575441280,3,100.667,66.5781
1699146575520640,2,100.896,93.122
1699146575560320,0,104.969,66.9893
1699146575957120,3,100.748,66.4297
1699146576096000,0,104.992,66.9871
1699146576115840,2,100.494,92.9089
1699146576453120,3,100.811,66.3228
1699146576592000,2,100.514,92.9369
1699146576949120,3,100.868,66.2269
1699146577028480,2,100.535,92.9733
1699146577167360,0,105.043,67.0264
1699146577623680,3,100.929,66.1228
1699146577683200,0,105.107,67.0858
1699146577703040,2,100.554,93.0127
1699146578070080,3,101.042,66.2934
1699146578179200,0,105.157,67.1406
1699146578228800,2,100.572,93.046
1699146578536320,3,101.173,66.4731
1699146578704960,2,100.588,93.0666
1699146578714880,0,105.288,67.33
1699146579022400,3,101.246,66.6332
1699146579191040,2,100.626,93.0832
1699146579220800,0,105.324,67.3615
1699146579498560,3,101.34,66.7872
1699146579677120,2,100.666,93.1
1699146579825920,0,105.382,67.3885
1699146579944960,3,101.394,66.9326
1699146580153280,2,100.708,93.1183
1699146580331840,0,105.444,67.4151
1699146580391360,3,101.429,67.0553
1699146580817920,3,101.454,67.096
1699146580946880,0,105.491,67.4414
1699146581036160,2,100.712,93.0873
1699146581442880,0,105.604,67.4709
1699146581552000,2,100.778,93.0957
1699146582008320,2,100.912,93.1115
1699146582038080,0,105.614,67.4966
1699146582444800,2,101.059,93.1412
1699146582524160,0,105.636,67.5204
1699146582891200,2,101.202,93.1792
1699146583030080,0,105.709,67.4976
1699146583307840,3,101.511,67.0014
1699146583526080,0,105.789,67.5018
1699146583545920,2,101.277,93.217
1699146583764160,3,101.508,66.9004
1699146583962560,3,101.546,66.9589
1699146584051840,2,101.351,93.2481
1699146584170880,0,105.836,67.5043
1699146584240320,3,101.555,66.8984
1699146584478400,3,101.597,66.9489
1699146584508160,2,101.4,93.2735
1699146584676800,0,105.894,67.5073
1699146584746240,3,101.606,66.8627
1699146584954560,2,101.483,93.2991
1699146585033920,3,101.611,66.9239
1699146585202560,3,101.656,66.8698
1699146585212480,0,105.939,67.5225
1699146585391040,2,101.55,93.3224
1699146585569600,3,101.677,66.9208
1699146585698560,3,101.716,66.8431
1699146585867200,2,101.608,93.3435
1699146585887040,0,105.984,67.5118
1699146586184640,3,101.752,66.8896
1699146586264000,3,101.771,66.819
1699146586353280,2,101.648,93.361
1699146586680640,3,101.801,66.8422
1699146586799680,2,101.685,93.3768
1699146586938560,0,106.057,67.5279
1699146587156800,3,102.004,67.1033
1699146587226240,2,101.711,93.3898
1699146587454400,0,106.156,67.5196
1699146587632960,3,101.993,67.151
1699146587662720,2,101.725,93.3997
1699146587990080,0,106.286,67.5113
1699146588198400,3,101.99,67.1665
1699146588257920,2,101.747,93.41
1699146588505920,0,106.394,67.5359
1699146588535680,3,101.977,67.0738
1699146588714240,2,101.792,93.4243
1699146588724160,3,101.945,67.092
1699146589051520,3,102.021,66.9786
1699146589101120,0,106.44,67.5259
1699146589150720,2,101.802,93.4315
1699146589230080,3,101.993,67.0042
1699146589597120,2,101.885,93.4532
1699146589706240,0,106.489,67.5461
1699146589874880,3,101.985,67.0255
1699146590013760,2,101.87,93.4812
1699146590222080,0,106.593,67.5513
1699146590480000,2,101.914,93.4946
1699146590708160,3,102.037,66.9138
1699146590747840,0,106.606,67.568
1699146590926400,2,101.901,93.5233
1699146591303360,0,106.834,67.5664
1699146591352960,3,102.053,66.8221
1699146591362880,2,101.86,93.5398
1699146591491840,3,102.031,66.8548
1699146591819200,0,107.031,67.5614
1699146591829120,2,101.823,93.5526
1699146591888640,3,102.052,66.7699
1699146592176320,3,102.051,66.7952
1699146592245760,2,101.8,93.5675
1699146592364800,0,107.137,67.5528
1699146592424320,3,102.101,66.7284
1699146592652480,2,101.851,93.5797
1699146593039360,0,107.336,67.5474
1699146593049280,2,101.816,93.6231
1699146593267520,3,102.085,66.7624
1699146593565120,3,102.144,66.6903
1699146593604800,0,107.372,67.5384
1699146593803200,2,101.792,93.6874
1699146594120640,3,102.227,66.6024
1699146594676160,3,102.343,66.4281
1699146595281280,3,102.451,66.2402
1699146595906240,3,102.603,66.006
1699146596432000,3,102.718,65.8104
1699146597096640,3,102.886,65.6234
1699146597662080,3,103.031,65.5129
1699146598187840,2,101.834,93.8141
1699146598306880,3,103.075,65.5042
1699146598574720,2,101.873,93.9393
1699146599001280,2,101.894,94.0427
1699146599398080,3,103.158,65.446
1699146599477440,2,101.941,94.0986
1699146599864320,3,103.207,65.381
1699146599973440,2,101.948,94.1726
1699146600479360,2,102.004,94.3748
1699146600548800,3,103.196,65.3828
1699146601094400,2,102.103,94.4939
1699146601134080,3,103.197,65.4036
1699146601620160,2,102.183,94.5782
1699146602136000,2,102.255,94.7234
1699146602651840,2,102.312,94.845
1699146603197440,2,102.359,94.9494
1699146603752960,2,102.325,95.07
1699146604397760,0,107.86,67.6336
1699146604417600,2,102.268,95.125
1699146604943360,0,108.348,67.6274
1699146604953280,2,102.263,95.2106
1699146605449280,2,102.365,95.3418
1699146605568320,0,108.583,67.6119
1699146606104000,0,108.811,67.6605
1699146606451200,2,102.391,95.4536
1699146606639680,0,109.017,67.7029
1699146607006720,2,102.401,95.5715
1699146607165440,0,109.175,67.7382
1699146607611840,2,102.414,95.7525
1699146607711040,0,109.334,67.7873
1699146608187200,2,102.423,95.9175
1699146608207040,0,109.412,67.8231
1699146608445120,3,103.33,65.3343
1699146608693120,2,102.412,96.006
1699146608712960,0,109.478,67.8527
1699146609089920,3,103.512,65.2515
1699146609179200,2,102.394,96.0429
1699146609268480,0,109.583,67.8836
1699146609685120,2,102.399,96.154
1699146609704960,3,103.63,65.2174
1699146609774400,0,109.665,67.9095
1699146610181120,2,102.4,96.251
1699146610240640,3,103.673,65.2047
1699146610320000,0,109.749,67.934
1699146610677120,2,102.396,96.3171
1699146610786240,3,103.782,65.1619
1699146610825920,0,109.792,67.9518
1699146611292160,3,103.878,65.1231
1699146611321920,0,109.855,67.9469
1699146611679040,2,102.391,96.3759
1699146611817920,3,103.973,65.082
1699146611907200,0,109.939,67.946
1699146612184960,2,102.382,96.4064
1699146612294080,3,104.05,65.0513
1699146612432960,0,110.059,67.9499
1699146612680960,2,102.372,96.4243
1699146612938880,0,110.208,67.9676
1699146613176960,2,102.363,96.4359
1699146613246400,3,104.109,65.0312
1699146613474560,0,110.419,67.9935
1699146613672960,2,102.353,96.4367
1699146613960640,0,110.653,68.0211
1699146614178880,2,102.355,96.4782
1699146614466560,0,110.866,68.0465
1699146614714560,2,102.398,96.5975
1699146615032000,0,111.089,68.0743
1699146615309760,2,102.441,96.6662
1699146615518080,0,111.199,68.0888
1699146615865280,2,102.484,96.7901
1699146615994240,0,111.273,68.0653
1699146616381120,2,102.524,96.9074
1699146616539840,0,111.346,68.0771
1699146616877120,3,104.272,64.9336
1699146616916800,2,102.542,96.9342
1699146617006080,0,111.357,68.082
1699146617373120,3,104.445,64.8051
1699146617422720,2,102.557,96.9609
1699146617472320,0,111.344,68.0838
1699146617908800,3,104.66,64.6708
1699146617948480,2,102.57,96.9801
1699146618047680,0,111.368,68.06
1699146618434560,3,104.85,64.5562
1699146618454400,2,102.579,96.9927
1699146618504000,0,111.357,68.036
1699146618920640,3,105.039,64.4074
1699146618960320,0,111.374,67.9931
1699146619009920,2,102.589,97.0121
1699146619396800,3,105.191,64.2838
1699146619545600,0,111.476,67.9693
1699146619565440,2,102.596,97.0213
1699146619863040,3,105.292,64.1974
1699146619992000,0,111.548,67.934
1699146620071360,2,102.606,97.0422
1699146620319360,3,105.366,64.1316
1699146620418560,0,111.632,67.9258
1699146620577280,2,102.621,97.0841
1699146620785600,3,105.415,64.0855
1699146620835200,0,111.639,67.8924
1699146621152640,2,102.645,97.1571
1699146621251840,3,105.426,64.0688
1699146621678400,2,102.675,97.2504
1699146621708160,3,105.413,64.0708
1699146622174400,3,105.563,63.9814
1699146622204160,2,102.676,97.2422
1699146622630720,3,105.678,63.9187
1699146622720000,2,102.68,97.247
1699146623087040,3,105.809,63.9029
1699146623553280,3,106.002,63.84
1699146623989760,3,106.154,63.8021
1699146624456000,3,106.291,63.7714
1699146624882560,2,102.706,97.3243
1699146624922240,3,106.283,63.8131
1699146625170240,0,111.818,67.8879
1699146625378560,3,106.326,63.8216
1699146625408320,2,102.738,97.2886
1699146625567040,0,111.922,67.8822
1699146625844800,3,106.384,63.8189
1699146626043200,0,111.981,67.8763
1699146626311040,3,106.433,63.8184
1699146626430080,2,102.773,97.2747
1699146626549120,0,112.044,67.8708
1699146626767360,3,106.457,63.8271
1699146626955840,2,102.844,97.2943
1699146627055040,0,112.096,67.8656
1699146627233600,3,106.467,63.8404
1699146627471680,2,102.92,97.3216
1699146627650240,0,112.179,67.8606
1699146627689920,3,106.477,63.8376
1699146627947840,2,102.995,97.3449
1699146628146240,0,112.068,67.7495
1699146628156160,0,112.066,67.7571
1699146628424000,2,103.029,97.3399
1699146628602560,3,106.525,63.8176
1699146628721600,0,112.111,67.7575
1699146628890240,2,103.085,97.3396
1699146629058880,3,106.613,63.7845
1699146629227520,0,112.238,67.774
1699146629406080,2,103.138,97.3399
1699146629505280,3,106.67,63.7647
1699146629902080,2,103.185,97.338
1699146629961600,3,106.71,63.7516
1699146630298880,0,112.444,67.7899
1699146630408000,2,103.219,97.3286
1699146630417920,3,106.733,63.745
1699146630824640,0,112.661,67.81
1699146630884160,3,106.786,63.7383
1699146631042880,2,103.258,97.3263
1699146631360320,3,106.912,63.6611
1699146631380160,0,112.681,67.8044
1699146631697600,2,103.317,97.3406
1699146631816640,3,106.968,63.6155
1699146631955520,0,112.724,67.8256
1699146632272960,3,107.114,63.5172
1699146632362240,2,103.335,97.3258
1699146632461440,0,112.776,67.8186
1699146632729280,3,107.227,63.4333
1699146632977280,0,112.906,67.8111
1699146633185600,3,107.317,63.3612
1699146633552640,2,103.393,97.3388
1699146633651840,3,107.358,63.3169
1699146634118080,3,107.381,63.2852
1699146634564480,3,107.531,63.1805
1699146634693440,0,112.937,67.805
1699146635020800,3,107.624,63.1076
1699146635070400,2,103.497,97.3763
1699146635219200,0,112.919,67.8006
1699146635477120,3,107.603,63.104
1699146635536640,2,103.479,97.3396
1699146635744960,0,112.904,67.7968
1699146635923520,3,107.623,63.0771
1699146636072320,2,103.495,97.3614
1699146636260800,0,112.995,67.7912
1699146636369920,3,107.637,63.0563
1699146636588160,2,103.517,97.3854
1699146636826240,3,107.741,63.039
1699146636895680,0,112.974,67.7884
1699146637153600,2,103.575,97.3993
1699146637282560,3,107.752,63.017
1699146637411520,0,113.015,67.7843
1699146637738880,3,107.89,62.9526
1699146637877760,2,103.58,97.4138
1699146637937280,0,113.02,67.7814
1699146638185280,3,107.991,62.9099
1699146638373760,2,103.59,97.43
1699146638443200,0,113.026,67.7788
1699146638651520,3,108.1,62.8518
1699146638959040,0,113.005,67.7772
1699146639117760,3,108.182,62.8094
1699146639127680,2,103.575,97.4292
1699146639464960,0,113.152,67.7703
1699146639593920,3,108.241,62.779
1699146639663360,2,103.596,97.4241
1699146640050240,3,108.406,62.9991
1699146640189120,2,103.624,97.4252
1699146640516480,3,108.508,62.9304
1699146640714880,2,103.633,97.4809
1699146640744640,0,113.193,67.7614
1699146640962880,3,108.554,62.8836
1699146641250560,0,113.352,67.7477
1699146641429120,3,108.585,62.8452
1699146641746560,0,113.512,67.733
1699146641766400,2,103.642,97.5066
1699146641885440,3,108.596,62.8179
1699146642272320,0,113.674,67.7171
1699146642282240,2,103.628,97.5366
1699146642351680,3,108.591,62.8007
1699146642788160,2,103.691,97.6005
1699146642808000,3,108.572,62.7925
1699146642927040,0,113.696,67.7088
1699146643264320,3,108.649,62.7423
1699146643304000,2,103.697,97.6179
1699146643452800,0,113.767,67.6811
1699146643730560,3,108.691,62.7076
1699146643859520,2,103.693,97.6535
1699146643998400,0,113.798,67.6419
1699146644176960,3,108.705,62.6869
1699146644494400,0,113.904,67.5955
1699146644544000,2,103.701,97.668
1699146644623360,3,108.687,62.6836
1699146645079680,3,108.817,62.5603
1699146645129280,2,103.737,97.6999
1699146645159040,0,113.894,67.5836
1699146645536000,3,108.913,62.4515
1699146645664960,0,113.933,67.5671
1699146645674880,2,103.761,97.7212
1699146645982400,3,108.977,62.3617
1699146646200640,0,114.026,67.5509
1699146646428800,3,109.014,62.2932
1699146646528000,2,103.796,97.7521
1699146646726400,0,114.1,67.5374
1699146646875200,3,109.024,62.2479
1699146647043840,2,103.853,97.5007
1699146647252160,0,114.165,67.5254
1699146647311680,3,109.015,62.2236
1699146647688640,2,103.929,97.565
1699146647738240,3,109.008,62.2027
1699146647857280,0,114.184,67.5201
1699146648144960,3,109.053,62.1415
1699146648214400,2,103.95,97.6041
1699146648591360,3,109.106,62.0732
1699146648760000,2,103.986,97.6496
1699146649027840,3,109.126,62.0329
1699146649275840,2,104.034,97.7031
1699146649464320,3,109.127,62.0114
1699146649494080,3,108.461,62.0622
1699146649801600,2,104.087,97.7627
1699146649900800,3,108.502,62.0536
1699146650029760,3,107.965,62.0878
1699146650337280,3,108.042,62.0861
1699146650585280,3,107.497,62.076
1699146650773760,3,107.59,62.0547
1699146651081280,3,107.057,62.0612
1699146651120960,2,104.09,97.7871
1699146651230080,3,107.204,62.0541
1699146651547520,3,106.685,62.0764
1699146651676480,2,104.107,97.8197
1699146651686400,3,106.899,62.0463
1699146652093120,3,106.344,62.0545
1699146652182400,3,106.58,62.0185
1699146652301440,2,104.12,97.8474
1699146652628800,3,106.73,61.9976
1699146653095040,3,106.895,61.927
1699146653531520,3,107.103,61.8641
1699146653839040,3,106.477,61.9275
1699146653968000,3,106.769,61.8987
1699146654354880,3,106.111,61.8736
1699146654404480,3,106.453,61.8618
1699146654831040,3,106.669,61.8063
1699146654870720,3,106.217,61.8478
1699146655267520,3,106.468,61.8107
1699146655485760,3,105.984,61.8304
1699146655684160,3,106.27,61.8011
1699146656090880,3,106.516,61.7593
1699146656229760,3,106.006,61.7715
1699146656517440,3,106.286,61.7439
1699146656934080,3,106.571,61.7212
1699146657360640,3,106.869,61.7014
1699146657787200,3,107.213,61.6487
1699146658213760,3,107.546,61.6016
1699146658640320,3,107.861,61.5593
1699146659056960,3,108.146,61.5245
1699146659493440,3,108.406,61.4943
1699146659929920,3,108.642,61.4681
1699146660386240,3,108.853,61.4461
1699146660812800,3,109.023,61.4318
1699146661249280,3,109.276,61.3989
1699146661675840,3,109.381,61.3965
1699146662102400,3,109.468,61.3955
1699146662429760,3,108.45,61.3061
1699146662509120,3,108.57,61.3332
1699146662945600,2,104.181,97.9159
1699146662995200,3,107.838,61.3356
1699146663005120,3,107.972,61.2983
1699146663094400,0,114.372,67.3925
1699146663471360,3,108.125,61.3012
1699146663501120,3,107.555,61.2618
1699146663520960,2,104.18,97.9572
1699146663649920,0,114.579,67.2776
1699146663888000,3,107.712,61.2454
1699146664036800,3,107.245,61.2466
1699146664165760,2,104.196,98.0092
1699146664264960,0,114.746,67.1788
1699146664374080,3,107.413,61.2637
1699146664731200,2,104.211,98.0587
1699146664790720,3,107.56,61.2467
1699146664870080,0,114.898,67.0637
1699146665217280,3,107.727,61.2732
1699146665296640,2,104.216,98.0933
1699146665524800,0,115.122,66.8825
1699146665663680,3,107.846,61.2508
1699146665872000,2,104.239,98.1467
1699146666040640,0,115.318,66.699
1699146666090240,3,107.952,61.2357
1699146666328320,3,107.527,61.197
1699146666427520,2,104.243,98.1766
1699146666516800,3,107.654,61.1825
1699146666556480,0,115.403,66.629
1699146666943360,3,107.772,61.1674
1699146666953280,2,104.228,98.1613
1699146667072320,0,115.55,66.5461
1699146667260800,3,107.356,61.137
1699146667379840,3,107.492,61.126
1699146667479040,2,104.236,98.1918
1699146667617920,0,115.703,66.3941
1699146667707200,3,107.108,61.1057
1699146667796480,3,107.255,61.0988
1699146668133760,2,104.271,98.2575
1699146668143680,0,115.749,66.3032
1699146668213120,3,107.393,61.0939
1699146668312320,3,107.033,61.0752
1699146668639680,3,107.156,61.0511
1699146668659520,0,115.801,66.218
1699146668798400,3,106.763,61.0331
1699146669066240,3,106.91,61.01
1699146669165440,2,104.306,98.3018
1699146669185280,0,115.847,66.1429
1699146669334080,3,106.502,60.9949
1699146669492800,3,106.71,60.9924
1699146669651520,2,104.347,98.3528
1699146669701120,0,115.914,66.0615
1699146670028480,3,106.904,60.9799
1699146670197120,2,104.386,98.4023
1699146670256640,0,115.974,65.9867
1699146670415360,3,106.45,60.9661
1699146670435200,3,106.71,60.9783
1699146670703040,2,104.397,98.4389
1699146670901440,3,106.317,60.9365
1699146670941120,0,116.02,65.9242
1699146671000640,3,106.557,60.9402
1699146671407360,2,104.462,98.5209
1699146671496640,0,116.121,65.8577
1699146671526400,3,106.245,60.9159
1699146671824000,3,106.43,60.9032
1699146671933120,2,104.479,98.541
1699146672002560,0,116.23,65.7802
1699146672091840,3,106.073,60.902
1699146672429120,2,104.526,98.5992
1699146672488640,0,116.341,65.7023
1699146672637440,3,105.753,60.8721
1699146672667200,3,106.135,60.9054
1699146672944960,2,104.557,98.6359
1699146673014400,0,116.456,65.622
1699146673054080,3,106.374,60.8848
1699146673312000,3,106.032,60.8176
1699146673450880,2,104.566,98.6455
1699146673530240,0,116.554,65.537
1699146673768320,3,106.26,60.7844
1699146673946880,3,105.921,60.6872
1699146674056000,0,116.685,65.4473
1699146674383360,3,106.178,60.6542
1699146674581760,0,116.888,65.3119
1699146674611520,3,105.878,60.584
1699146674948800,3,106.141,60.5517
1699146675097600,2,104.576,98.6558
1699146675107520,0,116.915,65.2896
1699146675365440,3,105.76,60.453
1699146675573760,2,104.592,98.6747
1699146675623360,3,106.102,60.4747
1699146675702720,0,117.012,65.2219
1699146675821760,3,105.788,60.4079
1699146676188800,2,104.623,98.7122
1699146676248320,0,117.074,65.1775
1699146676268160,3,105.532,60.361
1699146676317760,3,105.836,60.3837
1699146676734400,2,104.651,98.747
1699146676764160,0,117.118,65.1448
1699146676942720,3,106.091,60.3823
1699146677250240,2,104.661,98.7573
1699146677339520,0,117.232,65.0391
1699146677389120,3,105.83,60.3385
1699146677557760,3,106.084,60.3445
1699146677766080,2,104.661,98.7551
1699146677885120,3,105.816,60.2959
1699146677904960,0,117.276,64.9824
1699146678321600,3,105.58,60.2572
1699146678341440,2,104.642,98.7299
1699146678490240,0,117.422,64.8561
1699146678926720,2,104.663,98.7548
1699146678936640,3,105.853,60.2883
1699146678946560,0,117.439,64.8207
1699146679045760,3,105.622,60.2466
1699146679462400,0,117.813,64.5304
1699146679502080,2,104.645,98.7315
1699146679512000,3,105.859,60.271
1699146679750080,3,105.6,60.2105
1699146680047680,0,118.049,64.3311
1699146680107200,3,105.835,60.1989
1699146680117120,2,104.629,98.7097
1699146680543680,0,118.424,64.0481
1699146680662720,2,104.624,98.7022
1699146680712320,3,106.051,60.19
1699146681188480,2,104.667,98.6697
1699146681307520,3,106.251,60.1729
1699146681654720,0,118.715,63.8156
1699146681813440,3,106.447,60.1517
1699146681972160,2,104.699,98.6515
1699146682230080,0,118.886,63.6712
1699146682488000,2,104.727,98.633
1699146682805440,3,106.599,60.1361
1699146682984000,2,104.756,98.6177
1699146683271680,3,106.778,60.0835
1699146683281600,0,118.838,63.6935
1699146683450240,2,104.781,98.6021
1699146683718080,3,106.969,60.0374
1699146683787520,0,118.855,63.6691
1699146683966080,2,104.805,98.5867
1699146684184320,3,107.151,60.0055
1699146684402560,0,118.979,63.5649
1699146684412480,2,104.809,98.5646
1699146684670400,3,107.348,59.9686
1699146684848960,2,104.83,98.5525
1699146685087040,0,119.092,63.4682
1699146685126720,3,107.466,59.9714
1699146685305280,2,104.851,98.5404
1699146685573120,3,107.648,59.9401
1699146685583040,0,118.63,64.1628
1699146685741760,2,104.867,98.5278
1699146686029440,3,107.827,59.9123
1699146686088960,0,118.65,64.1112
1699146686158400,2,104.872,98.5132
1699146686594880,3,108.049,59.8723
1699146686614720,0,118.687,64.0204
1699146686624640,2,104.881,98.4915
1699146687031360,2,104.929,98.4764
1699146687200000,3,108.1,59.8916
1699146687428160,2,104.944,98.4658
1699146687686080,0,118.901,63.8586
1699146687705920,3,108.141,59.9069
1699146687805120,2,104.946,98.4546
1699146688162240,2,104.981,98.4342
1699146688192000,0,118.952,63.8077
1699146688221760,3,108.183,59.9171
1699146688529280,2,105.006,98.4124
1699146688697920,0,119.092,63.6969
1699146688826880,3,108.255,59.9156
1699146689193920,0,119.345,63.5078
1699146689362560,3,108.335,59.9107
1699146689689920,0,119.544,63.2942
1699146689967680,3,108.453,59.895
1699146690185920,0,119.65,63.2089
1699146690582720,3,108.596,59.8743
1699146690662080,0,119.709,63.1139
1699146691158080,0,119.998,62.8411
1699146691267200,3,108.618,59.8837
1699146691683840,0,120.208,62.6374
1699146691773120,3,108.631,59.8935
1699146692189760,0,120.391,62.4824
1699146692269120,3,108.636,59.9034
1699146692328640,2,105.035,98.3833
1699146692695680,0,120.512,62.3773
1699146692715520,2,105.054,98.3596
1699146692923840,3,108.646,59.8869
1699146693161920,2,105.399,98.0652
1699146693608320,2,105.498,98.0622
1699146693697600,0,120.475,62.4011
1699146694074560,2,105.576,98.0728
1699146694173760,0,120.445,62.4202
1699146694421760,3,108.659,59.8242
1699146694570560,2,105.603,98.1005
1699146694808640,0,120.54,62.4
1699146694947520,3,108.641,59.819
1699146695066560,2,105.616,98.1772
1699146695294720,0,120.639,62.3411
1699146695493120,3,108.631,59.7657
1699146695542720,2,105.617,98.2436
1699146695760960,0,120.718,62.2954
1699146696207360,0,120.763,62.3056
1699146696495040,2,105.661,98.3005
1699146696633920,0,120.783,62.2992
1699146697020800,2,105.713,98.3596
1699146697070400,0,120.78,62.3658
1699146697496960,2,105.762,98.4226
1699146698052480,2,105.814,98.4915
1699146698488960,2,105.833,98.5549
1699146698975040,2,105.848,98.6163
1699146699421440,2,105.851,98.6698
1699146699768640,0,120.931,62.3097
1699146699887680,2,105.818,98.6973
1699146700165440,0,121.04,62.2828
1699146700373760,2,105.799,98.724
1699146700601920,4,103.833,58.006
1699146700631680,0,121.024,62.3322
1699146700869760,2,105.787,98.7498
1699146701088000,0,121.082,62.3587
1699146701107840,4,103.807,58.1642
1699146701336000,2,105.774,98.7707
1699146701564160,0,121.152,62.3469
1699146701653440,4,103.828,58.0565
1699146702050240,0,121.315,62.3263
1699146702070080,3,108.465,59.7342
1699146702129600,2,105.764,98.8197
1699146702199040,4,103.84,57.9941
1699146702516480,0,121.425,62.3373
1699146702605760,2,105.747,98.8241
1699146702655360,3,108.369,59.6468
1699146702714880,4,103.844,57.9684
1699146703012480,0,121.513,62.3582
1699146703171200,3,108.359,60.3431
1699146703230720,2,105.74,98.8605
1699146703250560,4,103.844,57.9618
1699146703667200,3,108.299,60.2755
1699146703706880,2,105.734,98.89
1699146703726720,0,121.494,62.4774
1699146704143360,3,108.205,60.1929
1699146704153280,2,105.727,98.9135
1699146704163200,0,121.472,62.5764
1699146704341760,4,103.85,57.9316
1699146704609600,2,105.738,98.9581
1699146704659200,0,120.798,62.8164
1699146704788160,4,103.848,57.9376
1699146705036160,2,105.746,98.9972
1699146705184960,0,120.877,62.8637
1699146705194880,3,108.07,60.1167
1699146705224640,4,103.845,57.9533
1699146705561920,2,105.758,99.044
1699146705671040,3,107.961,60.0489
1699146705700800,4,103.844,57.958
1699146705750400,0,120.921,62.9127
1699146706008320,2,105.763,99.0791
1699146706117440,3,107.863,59.9878
1699146706137280,4,103.843,57.9626
1699146706315840,0,120.997,62.9507
1699146706454720,2,105.832,99.1033
1699146706623360,3,107.774,59.8547
1699146706861440,0,121.039,63.0354
1699146706881280,2,105.883,99.1123
1699146707109440,3,107.692,59.7607
1699146707317760,2,105.947,99.1407
1699146707476480,0,121.105,63.1053
1699146707575680,3,107.613,59.6468
1699146707764160,2,106.004,99.1635
1699146708190720,4,103.109,56.7537
1699146708537920,3,107.521,59.5826
1699146708686720,2,106.054,99.1803
1699146709123200,3,107.371,59.3994
1699146709143040,2,106.083,99.1821
1699146709658880,3,107.171,59.191
1699146709758080,2,106.12,99.1933
1699146710135040,3,106.983,59.0726
1699146710234240,2,106.154,99.2039
1699146710561600,3,106.83,58.9256
1699146710690560,2,106.188,99.215
1699146710898880,0,121.162,63.2005
1699146710918720,4,103.26,57.0076
1699146711146880,2,106.235,99.2359
1699146711176640,3,106.754,58.8654
1699146711365120,0,121.241,63.3113
1699146711593280,2,106.275,99.2523
1699146711752000,3,106.664,58.7833
1699146711900800,0,121.303,63.4168
1699146712069440,2,106.306,99.2616
1699146712188480,3,106.596,58.7235
1699146712238080,4,103.343,57.1434
1699146712406720,0,121.383,63.567
1699146712486080,2,106.321,99.2615
1699146712654720,3,106.521,58.6535
1699146712853120,4,103.38,57.1917
1699146712952320,2,106.34,99.2647
1699146712992000,0,121.405,63.7178
1699146713200320,3,106.446,58.5835
1699146713349120,2,106.362,99.2701
1699146713468160,0,121.452,63.8711
1699146713726080,3,106.371,58.512
1699146713745920,2,106.363,99.2638
1699146713864960,4,103.459,57.3195
1699146713974080,0,121.087,63.8523
1699146714172480,2,106.392,99.2748
1699146714251840,3,106.345,58.4929
1699146714499840,0,121.174,64.0229
1699146714569280,2,106.397,99.2716
1699146714807360,3,106.284,58.4351
1699146714896640,4,103.531,57.4415
1699146714936320,2,106.427,99.2858
1699146715025600,0,121.222,64.148
1699146715323200,3,106.213,58.3664
1699146715422400,4,103.588,57.5373
1699146715581120,0,121.283,64.2873
1699146715839040,3,106.156,58.3619
1699146716057280,0,121.328,64.4031
1699146716473920,4,103.633,57.5985
1699146716563200,0,121.371,64.5431
1699146716999680,0,121.515,64.8219
1699146717456000,0,121.631,65.0975
1699146717922240,0,121.765,65.3843
1699146718507520,0,121.858,65.7443
1699146718953920,0,121.892,65.9973
1699146719043200,2,106.51,99.281
1699146719440000,2,106.652,99.2993
1699146719469760,0,121.902,66.0684
1699146719876480,2,106.797,99.3101
1699146719926080,0,121.915,66.1332
1699146720352640,0,121.959,66.1427
1699146720779200,0,122.022,66.4149
1699146720818880,2,106.856,99.2936
1699146721195840,0,122.12,66.5346
1699146721295040,2,106.96,99.3069
1699146721612480,0,122.142,66.7648
1699146721771200,2,107.103,99.3034
1699146722346560,2,107.381,99.3628
1699146722852480,2,107.62,99.3668
1699146723953600,2,107.849,99.4164
1699146724439680,2,108.081,99.4409
1699146724925760,2,108.288,99.4612
1699146725362240,0,122.234,67.0546
1699146725411840,2,108.317,99.4545
1699146725759040,0,122.293,67.2628
1699146725888000,2,108.414,99.4873
1699146726136000,4,103.468,57.7345
1699146726284800,0,122.34,67.3671
1699146726384000,2,108.485,99.5122
1699146726622080,4,103.31,57.8222
1699146726760960,0,122.388,67.518
1699146726870080,2,108.548,99.5857
1699146727098240,4,103.153,57.8829
1699146727336320,2,108.598,99.6468
1699146727733120,0,122.48,67.7817
1699146727812480,2,108.635,99.6972
1699146728229120,0,122.606,67.9784
1699146728288640,2,108.666,99.7401
1699146728358080,3,105.992,58.3013
1699146728705280,0,122.704,68.1132
1699146728744960,2,108.692,99.7656
1699146729181440,2,108.873,99.8371
1699146729310400,3,105.831,58.2333
1699146729360000,0,122.686,68.1179
1699146729667520,2,108.982,99.8873
1699146729836160,0,122.797,68.1813
1699146729846080,4,103.443,57.9554
1699146730193280,2,109.073,99.947
1699146730312320,4,103.638,58.0142
1699146730381760,0,122.867,68.1843
1699146730659520,2,109.144,99.9847
1699146730887680,4,103.726,58.043
1699146731105920,0,122.937,68.304
1699146731215040,2,109.204,100.01
1699146731661440,2,109.415,100.11
1699146731701120,0,122.985,68.2869
1699146731899520,4,103.751,58.0493
1699146732117760,2,109.521,100.171
1699146732345920,4,103.773,58.0555
1699146732534400,2,109.606,100.222
1699146732841920,4,103.795,58.0646
1699146732951040,2,109.647,100.254
1699146733357760,4,103.817,58.0766
1699146733387520,2,109.653,100.269
1699146733824000,4,103.836,58.0841
1699146733923200,2,109.685,100.293
1699146734339840,4,103.85,58.0855
1699146734429120,2,109.714,100.315
1699146734855680,4,103.861,58.0841
1699146734925120,2,109.733,100.331
1699146735421120,2,109.905,100.413
1699146735917120,2,110.047,100.484
1699146736016320,4,103.86,58.07
1699146736462720,2,110.138,100.534
1699146736968640,2,110.182,100.562
1699146737196800,4,103.863,58.0652
1699146737464640,2,110.231,100.605
1699146737692800,4,103.866,58.0608
1699146738188800,3,105.816,58.2199
1699146738238400,2,110.212,100.668
1699146738774080,4,103.8,57.9721
1699146738823680,2,110.223,100.706
1699146739339520,4,103.813,57.9814
1699146739399040,2,110.239,100.741
1699146739696640,0,123.189,68.6907
1699146739885120,4,103.747,57.8961
1699146739944640,2,110.249,100.769
1699146740460480,2,110.308,100.881
1699146740480320,4,103.697,57.8317
1699146740728320,0,123.365,69.0378
1699146740976320,2,110.374,100.968
1699146741264000,0,123.495,69.2946
1699146741521920,2,110.435,101.05
1699146741789760,0,123.659,69.6209
1699146742047680,2,110.49,101.128
1699146742285760,0,123.808,69.9569
1699146742910720,0,123.977,70.2752
1699146743019840,2,110.529,101.188
1699146743416640,0,124.205,70.7136
1699146743496000,2,110.563,101.24
1699146743912640,0,124.417,71.1177
1699146744011840,2,110.635,101.273
1699146744398720,0,124.591,71.5106
1699146744517760,2,110.667,101.321
1699146744894720,0,124.644,71.6433
1699146745043520,2,110.741,101.357
1699146745420480,0,124.72,71.7933
1699146745549440,2,110.802,101.384
1699146745936320,0,124.895,72.197
1699146746055360,2,110.853,101.404
1699146746422400,0,125.093,72.5761
1699146746551360,2,110.897,100.958
1699146746898560,0,125.254,72.8822
1699146747017600,2,110.939,101.002
1699146747384640,0,125.407,73.1714
1699146747483840,2,110.969,101.074
1699146747900480,0,125.55,73.441
1699146748049280,2,111.028,101.182
1699146748456000,0,125.622,73.7707
1699146748713920,2,111.112,101.305
1699146748932160,0,125.651,73.9445
1699146749239680,2,111.232,101.459
1699146749408320,0,125.657,74.0516
1699146749487680,4,103.393,57.8809
1699146749725760,2,111.324,101.598
1699146749894400,0,125.714,74.1818
1699146749904320,4,103.313,57.7589
1699146750390400,4,103.199,57.5866
1699146750430080,2,111.345,101.679
1699146750489600,0,125.71,74.3131
1699146750916160,4,103.088,57.4139
1699146750936000,2,111.358,101.744
1699146750955840,0,125.696,74.3951
1699146751402240,2,111.504,101.925
1699146751412160,0,125.681,74.4526
1699146751878400,2,111.502,101.972
1699146751898240,0,125.668,74.5019
1699146751918080,4,103.034,57.2999
1699146752354560,2,111.629,102.142
1699146752394240,0,125.664,74.5609
1699146752424000,4,102.989,57.2048
1699146752820800,2,111.72,102.284
1699146752939840,4,102.94,57.1136
1699146752979520,0,125.71,74.6496
1699146753257280,2,111.763,102.379
1699146753445760,4,102.885,57.0199
1699146753455680,0,125.741,74.7354
1699146753693760,2,111.782,102.445
1699146753931840,0,125.851,75.0221
1699146754130240,2,111.786,102.489
1699146754437760,0,125.984,75.3663
1699146754536960,2,111.783,102.548
1699146754913920,0,126.118,75.7151
1699146754953600,4,102.801,56.9739
1699146755003200,2,111.752,102.538
1699146755419840,0,126.266,76.1486
1699146755459520,4,102.697,56.9248
1699146755499200,2,111.772,102.64
1699146755945600,4,102.659,56.8717
1699146756015040,2,111.796,102.735
1699146756411840,0,126.464,76.5834
1699146756421760,4,102.585,56.8424
1699146756520960,2,111.822,102.828
1699146756927680,4,102.449,56.7069
1699146756947520,0,126.478,76.6493
1699146757225280,2,111.891,102.981
1699146757473280,0,126.577,76.9293
1699146757622080,4,102.353,56.6595
1699146757780800,2,111.925,103.081
1699146757979200,0,126.648,77.1853
1699146758197440,4,102.245,56.5993
1699146758306560,2,111.942,103.15
1699146758475200,0,126.703,77.3966
1699146758703360,4,102.138,56.5412
1699146758961280,2,111.989,103.266
1699146759000960,0,126.707,77.5059
1699146759149760,4,102.054,56.5016
1699146759506880,0,126.844,77.9334
1699146759546560,2,111.983,103.291
1699146759715200,4,101.968,56.4255
1699146759992960,0,126.944,78.3124
1699146760250880,4,101.872,56.3768
1699146760469120,0,127.013,78.5995
1699146760826240,4,101.747,56.2686
1699146760945280,0,127.036,78.7411
1699146761411520,0,127.039,78.812
1699146761857920,4,101.562,56.1329
1699146761887680,0,127.065,78.9085
1699146762344000,0,127.272,79.5055
1699146762353920,4,101.529,56.1147
1699146762810240,0,127.454,80.022
1699146762968960,4,101.456,56.0221
1699146763256640,0,127.56,80.3107
1699146763455040,4,101.378,55.9709
1699146763703040,0,127.609,80.5522
1699146764179200,0,127.767,81.0773
1699146764635520,0,127.894,81.5137
1699146765081920,0,127.987,81.8424
1699146765518400,0,128.099,82.1488
1699146765944960,0,128.183,82.4553
1699146766381440,0,128.254,82.7161
1699146766391360,2,112.042,103.381
1699146766798080,0,128.243,82.9348
1699146766917120,2,112.15,103.527
1699146767234560,0,128.268,83.1006
1699146767512320,4,101.203,55.8359
1699146767522240,2,112.22,103.613
1699146767700800,0,128.254,83.115
1699146767978560,4,101.039,55.7103
1699146768087680,2,112.313,103.738
1699146768236480,0,128.278,83.247
1699146768514240,4,100.885,55.5507
1699146768732480,0,128.31,83.4006
1699146768990400,4,100.744,55.4027
1699146769238400,0,128.343,83.554
1699146769337600,2,112.414,103.869
1699146769466560,4,100.673,55.3162
1699146769754240,0,128.428,83.7699
1699146769883200,2,112.518,104.006
1699146770032000,4,100.605,55.2357
1699146770329600,0,128.502,84.0179
1699146770389120,2,112.6,104.099
1699146770508160,4,100.551,55.1703
1699146770855360,0,128.606,84.3045
1699146770875200,2,112.652,104.161
1699146771093440,4,100.465,55.0775
1699146771361280,0,128.653,84.5313
1699146771490240,2,112.741,104.279
1699146771579520,4,100.438,55.0392
1699146771877120,0,128.698,84.7469
1699146772174720,4,100.27,54.9522
1699146772234240,2,112.821,104.391
1699146772422720,0,128.754,84.9497
1699146772710400,4,100.192,54.8651
1699146772769920,2,112.902,104.483
1699146772928640,0,128.795,85.1008
1699146773236160,4,100.04,54.7545
1699146773275840,2,112.975,104.566
1699146773424640,0,128.832,85.2334
1699146773791680,2,113.174,104.869
1699146773890880,0,128.876,85.3988
1699146774277760,2,113.374,105.175
1699146774307520,4,99.975,54.7747
1699146774337280,0,128.903,85.5012
1699146774753920,4,99.8121,54.6524
1699146774763840,2,113.395,105.216
1699146774793600,0,128.892,85.5995
1699146775200320,4,99.6307,54.5825
1699146775230080,2,113.449,105.286
1699146775259840,0,128.915,85.72
1699146775656640,2,113.644,105.608
1699146775666560,4,99.6238,54.6354
1699146775696320,0,128.935,85.8279
1699146776122880,0,129.067,86.3667
1699146776152640,4,99.611,54.6727
1699146776192320,2,113.66,105.66
1699146776549440,0,129.177,86.8228
1699146776668480,2,113.726,105.742
1699146776976000,0,129.262,87.1845
1699146777204160,2,113.877,105.929
1699146777412480,0,129.311,87.4098
1699146777680320,2,114.033,106.12
1699146777829120,0,129.342,87.558
1699146778106880,2,114.179,106.296
1699146778275520,0,129.407,87.7959
1699146778533440,2,114.302,106.437
1699146778682240,0,129.484,88.0287
1699146779079040,0,129.591,88.5044
1699146779108800,2,114.274,106.474
1699146779495680,0,129.713,88.9008
1699146779575040,2,114.303,106.482
1699146779952000,0,129.783,89.3261
1699146780031360,2,114.325,106.534
1699146780448000,0,129.85,89.7482
1699146780497600,2,114.356,106.529
1699146780944000,2,114.538,106.84
1699146780963840,0,129.853,89.7474
1699146781102720,4,99.4839,54.5745
1699146781350720,2,114.611,106.994
1699146781489600,0,129.912,89.9145
1699146781549120,4,99.4067,54.5125
1699146781727680,2,114.645,107.088
1699146781985600,4,99.2543,54.398
1699146782025280,0,129.942,89.9713
1699146782124480,2,114.644,107.124
1699146782461760,4,99.0784,54.2667
1699146782531200,2,114.626,107.13
1699146782560960,0,129.929,90.1032
1699146782848640,4,98.9391,54.1613
1699146782977600,2,114.626,107.134
1699146783166080,0,129.954,90.3752
1699146783324800,4,98.8737,54.1092
1699146783334720,2,114.627,107.138
1699146783662080,0,130.041,90.8002
1699146783691840,2,114.667,107.138
1699146783771200,4,98.8455,54.0844
1699146783999360,2,114.777,107.248
1699146784168000,0,130.101,91.1118
1699146784217600,4,98.8291,54.0686
1699146784644160,4,98.6621,53.9442
1699146784703680,0,129.576,91.6199
1699146785090560,4,98.4902,53.833
1699146785427840,0,129.684,92.0712
1699146785517120,4,98.4604,53.8226
1699146785904000,0,129.795,92.5123
1699146785943680,4,98.4486,53.8232
1699146786360320,4,98.2607,53.7124
1699146786409920,0,129.872,92.5714
1699146786786880,4,98.1459,53.5981
1699146787044800,0,130.008,92.9589
1699146787203520,4,98.0918,53.5417
1699146787530880,0,130.152,93.3862
1699146787620160,4,98.0408,53.5446
1699146788046720,0,130.221,93.4197
1699146788423680,4,97.9084,53.4914
1699146788602240,0,130.31,93.6026
1699146788840320,4,97.8024,53.4546
1699146789108160,0,130.435,93.9844
1699146789247040,4,97.7601,53.4117
1699146789614080,0,130.61,94.4624
1699146789624000,4,97.7214,53.427
1699146789981120,4,97.5623,53.3204
1699146790258880,2,114.888,107.539
1699146790278720,0,130.679,94.491
1699146790338240,4,97.5251,53.2952
1699146790685440,4,97.3866,53.2461
1699146790764800,0,130.735,94.5164
1699146791052480,4,97.2872,53.179
1699146791231040,0,130.852,94.8342
1699146791399680,4,97.2453,53.1479
1699146791796480,0,130.933,94.9413
1699146792262720,0,131.161,95.6018
1699146792719040,0,131.372,96.1731
1699146792828160,2,114.92,107.749
1699146793215040,0,131.544,96.5882
1699146793344000,2,114.957,107.957
1699146793691200,0,131.564,96.512
1699146793840000,2,114.996,108.16
1699146794157440,0,131.704,96.8939
1699146794355840,2,115.051,108.392
1699146794752640,0,131.895,97.3562
1699146794841920,2,115.059,108.524
1699146795080000,4,97.1038,53.0375
1699146795189120,0,131.961,97.4356
1699146795486720,4,96.9087,52.9477
1699146795566080,2,115.059,108.625
1699146795635520,0,132.006,97.4719
1699146795853760,4,96.7346,52.8793
1699146796062080,0,132.096,97.6554
1699146796081920,2,115.078,108.73
1699146796220800,4,96.5686,52.8234
1699146796448960,0,132.203,97.871
1699146796568000,4,96.4312,52.7791
1699146796835840,0,132.308,98.0835
1699146797073920,2,115.142,108.982
1699146797272320,4,96.2808,52.7247
1699146797609600,2,115.263,109.374
1699146797659200,4,96.2084,52.7091
1699146798036160,4,95.9896,52.6158
1699146798413120,4,95.8478,52.5626
1699146798661120,2,115.334,109.652
1699146798790080,4,95.7835,52.5472
1699146799524160,4,95.6255,52.4846
1699146799663040,2,115.364,109.826
1699146799881280,4,95.506,52.4475
1699146800198720,2,115.349,109.87
1699146800347520,4,95.3981,52.4189
1699146800684800,2,115.436,110.187
1699146800724480,4,95.3566,52.4182
1699146801111360,4,95.1387,52.2964
1699146801210560,2,115.436,110.264
1699146801528000,4,94.9862,52.2046
1699146801845440,2,115.419,110.345
1699146801914880,4,94.9718,52.1409
1699146801964480,0,132.471,98.1973
1699146802291840,4,94.836,52.018
1699146802331520,0,132.604,98.2787
1699146802351360,2,115.401,110.343
1699146802668800,4,94.6901,51.9411
1699146802768000,0,132.813,98.3335
1699146802837440,2,115.401,110.39
1699146803125120,4,94.5766,51.8815
1699146803234240,0,133.009,98.3996
1699146803363200,2,115.369,110.574
1699146803512000,4,94.4979,51.8494
1699146803710400,0,133.248,98.5728
1699146803869120,2,115.343,110.769
1699146803948480,4,94.4541,51.8344
1699146804176640,0,133.48,98.7341
1699146804325440,2,115.314,110.944
1699146804355200,4,94.4087,51.8231
1699146804623040,0,133.72,98.9086
1699146804771840,4,94.3155,51.7856
1699146805009920,2,115.302,111.195
1699146805069440,0,133.817,98.8521
1699146805188480,4,94.2418,51.7572
1699146805515840,0,134.116,99.0451
1699146805555520,4,94.2185,51.7532
1699146805932480,4,94.0348,51.6685
1699146805952320,0,134.188,98.9113
1699146806011840,2,115.25,111.253
1699146806398720,0,134.872,98.9388
1699146806497920,2,115.241,111.376
1699146806805440,4,93.9109,51.6142
1699146806845120,0,134.901,98.7517
1699146806984000,2,115.237,111.52
1699146807241920,4,93.7844,51.5655
1699146807291520,0,134.993,98.6225
1699146807480000,2,115.238,111.685
1699146807648640,4,93.7071,51.5402
1699146807747840,0,135.103,98.5351
1699146807966080,2,115.242,111.873
1699146808075200,4,93.666,51.4941
1699146808214080,0,135.268,98.46
1699146808472000,4,93.5268,51.4058
1699146808749760,2,115.253,112.174
1699146808759680,0,135.312,98.3099
1699146808958080,4,93.4276,51.3402
1699146809206080,0,135.567,98.3249
1699146809325120,2,115.236,112.289
1699146809364800,4,93.4128,51.3199
1699146809672320,0,135.601,98.1962
1699146809821120,2,115.225,112.423
1699146809900480,4,93.3529,51.318
1699146810168320,0,135.861,98.1576
1699146810297280,2,115.212,112.528
1699146810307200,4,93.333,51.3319
1699146810664320,0,136.238,98.0811
1699146810773440,2,115.198,112.608
1699146810803200,4,93.3114,51.3405
1699146811209920,4,93.068,51.2496
1699146811239680,0,136.279,97.8558
1699146811269440,2,115.179,112.616
1699146811586880,4,92.8887,51.1543
1699146811715840,0,136.407,97.6897
1699146811735680,2,115.16,112.609
1699146812043200,4,92.7313,51.0686
1699146812192000,2,115.156,112.722
1699146812201920,0,136.415,97.5106
1699146812440000,4,92.6293,51.0097
1699146812648320,2,115.155,112.88
1699146812688000,0,136.453,97.3639
1699146812836800,4,92.5794,50.9767
1699146813184000,0,136.766,97.2115
1699146813273280,2,115.144,112.908
1699146813312960,4,92.5533,50.9614
1699146813670080,0,137.061,96.9476
1699146813689920,4,92.531,50.9483
1699146813779200,2,115.133,112.932
1699146814076800,4,92.3897,50.8766
1699146814205760,0,137.157,96.6607
1699146814265280,2,115.121,112.928
1699146814473600,4,92.2993,50.8301
1699146814672000,0,137.303,96.383
1699146814761280,2,115.112,112.952
1699146815098560,4,92.1316,50.7523
1699146815118400,0,137.293,96.0927
1699146815247360,2,115.108,113.07
1699146815574720,0,137.544,95.7328
1699146815584640,4,92.1323,50.7568
1699146815713600,2,115.054,113.216
1699146816031040,0,137.318,95.7866
1699146816169920,2,115,113.338
1699146816467520,0,137.536,95.3807
1699146816527040,4,92.106,50.7143
1699146816923840,4,91.9297,50.5949
1699146817241280,2,114.946,113.591
1699146817310720,4,91.882,50.5867
1699146817717440,4,91.7548,50.4918
1699146817747200,2,114.895,113.606
1699146817806720,0,137.595,95.0169
1699146818124160,4,91.588,50.431
1699146818233280,2,114.847,113.681
1699146818689600,0,137.956,94.4394
1699146818759040,4,91.5879,50.4081
1699146819155840,0,138.244,93.8891
1699146819433600,2,114.793,113.873
1699146819463360,4,91.5692,50.4213
1699146819612160,0,138.329,93.5425
1699146820088320,0,138.604,92.9167
1699146820098240,4,91.5296,50.4261
1699146820128000,2,114.746,113.897
1699146820574400,0,138.857,92.316
1699146820584320,4,91.4881,50.4262
1699146820842240,2,114.698,114.123
1699146821050560,0,138.972,91.9385
1699146821070400,4,91.4521,50.4261
1699146821308480,2,114.684,114.346
1699146821506880,0,139.025,91.5678
1699146821606080,4,91.3827,50.4084
1699146821764800,2,114.677,114.484
1699146821973120,0,139.078,91.2359
1699146822191360,2,114.667,114.652
1699146822250880,4,91.3284,50.3966
1699146822409600,0,139.1,90.9119
1699146822608000,2,114.618,114.79
1699146822836160,0,139.198,90.5227
1699146823084160,2,114.507,114.951
1699146823173440,4,91.2684,50.3812
1699146823262720,0,139.209,90.3175
1699146823520640,2,114.436,115.118
1699146823649600,4,91.5174,50.7014
1699146823709120,0,139.208,90.1591
1699146823967040,2,114.368,115.268
1699146824086080,4,91.4395,50.6407
1699146824155520,0,139.241,89.9983
1699146824383680,2,114.302,115.411
1699146824582080,0,139.284,89.7757
1699146824840000,2,114.206,115.483
1699146824899520,4,91.3946,50.5937
1699146825008640,0,139.337,89.5444
1699146825266560,2,114.159,115.674
1699146825455040,0,139.457,89.2162
1699146825514560,4,91.3308,50.5429
1699146825663360,2,114.134,115.767
1699146825921280,0,139.603,88.8357
1699146826109760,4,91.2077,50.4694
1699146826347840,0,139.724,88.5056
1699146826556160,2,114.102,115.891
1699146826655360,4,91.1387,50.3917
1699146826774400,0,139.776,88.3278
1699146826992640,2,114.077,115.99
1699146827191040,0,139.864,88.0167
1699146827310080,4,91.0367,50.3048
1699146827429120,2,114.02,116.046
1699146827627520,0,139.939,87.6799
1699146827726720,4,90.9443,50.224
1699146828034240,0,140.022,87.2752
1699146828093760,4,90.8834,50.1611
1699146828163200,2,113.978,116.063
1699146828460800,0,140.149,86.8582
1699146828560000,4,90.8014,50.0891
1699146828847680,2,113.906,116.207
1699146828867520,0,140.128,86.8213
1699146829294080,0,140.27,86.1702
1699146829690880,0,140.364,85.6192
1699146830038080,2,113.795,116.427
1699146830097600,0,140.298,85.5575
1699146830494400,0,140.372,85.078
1699146830841600,2,113.671,116.607
1699146830891200,0,140.337,85.0456
1699146831297920,0,140.468,84.5575
1699146831516160,2,113.544,116.76
1699146831694720,0,140.499,84.3284
1699146832101440,0,140.598,83.8644
1699146832230400,4,90.7362,49.9946
1699146832280000,2,113.512,116.786
1699146832488320,0,140.614,83.6995
1699146832666880,4,90.6798,49.8965
1699146832736320,2,113.457,116.838
1699146832895040,0,140.61,83.6192
1699146833123200,4,90.5753,49.7118
1699146833291840,0,140.61,83.5355
1699146833599360,4,90.4889,49.5452
1699146833678720,0,140.624,83.4967
1699146833718400,2,113.41,116.899
1699146834075520,0,140.753,83.0492
1699146834254080,2,113.318,117.037
1699146834472320,0,140.822,82.8193
1699146834531840,4,90.5235,49.4451
1699146834859200,0,140.915,82.4994
1699146835166720,4,90.4906,49.2651
1699146835256000,0,140.928,82.4701
1699146835275840,2,113.255,117.08
1699146835662720,0,141.025,82.1333
1699146835712320,4,90.5995,49.1808
1699146835811520,2,113.175,117.175
1699146836039680,0,141.058,82.0282
1699146836317440,2,113.103,117.311
1699146836426560,0,141.091,81.9251
1699146836615040,4,90.6478,49.038
1699146836823360,0,141.149,81.7324
1699146837220160,0,141.249,81.384
1699146837626880,0,141.336,80.9945
1699146838003840,0,141.396,80.6981
1699146838222080,2,112.975,117.526
1699146838390720,0,141.397,80.6311
1699146838767680,0,141.439,80.3114
1699146838837120,2,112.897,117.636
1699146839154560,0,141.5,80.0323
1699146839531520,0,141.56,79.7567
1699146839591040,2,112.829,117.728
1699146839749760,4,90.71,48.9209
1699146839918400,0,141.57,79.686
1699146840067200,2,112.74,117.87
1699146840315200,0,141.597,79.5536
1699146840692160,0,141.638,79.3601
1699146841098880,0,141.71,79.0493
1699146841535360,0,141.78,78.7445
1699146841565120,2,112.688,117.963
1699146841922240,0,141.821,78.5608
1699146842309120,0,141.899,78.3476
1699146842705920,0,141.918,78.3557
1699146843102720,0,141.986,78.1629
1699146843499520,0,141.995,77.9774
1699146843588800,4,90.8143,48.7473
1699146844104640,4,90.891,48.4934
1699146844193920,2,112.58,118.135
1699146844283200,0,141.954,77.9189
1699146844610560,4,90.9564,48.226
1699146844680000,0,141.951,77.8344
1699146845066880,0,141.994,77.5535
1699146845185920,4,91.0893,48.0193
1699146845344640,2,112.45,118.352
1699146845453760,0,142.06,77.4784
1699146845850560,0,142.072,77.4281
1699146846267200,0,142.14,77.0427
1699146846326720,2,112.378,118.502
1699146846416000,4,91.2071,47.8186
1699146846693760,0,142.177,76.7894
1699146846822720,2,112.264,118.714
1699146846931840,4,91.3111,47.6337
1699146847358400,2,112.099,119.041
1699146847417920,4,91.4041,47.5041
1699146847546880,0,142.151,76.6416
1699146847953600,2,111.862,119.514
1699146848052800,4,91.4858,47.3635
1699146848528960,4,91.5583,47.2593
1699146848896000,0,142.217,76.1671
1699146848985280,4,91.6249,47.1378
1699146849332480,0,142.224,76.0108
1699146849610240,4,91.7011,46.854
1699146849788800,0,142.253,75.7557
1699146850096320,4,91.7789,46.5938
1699146850215360,0,142.272,75.5583
1699146850572480,4,91.8574,46.3523
1699146850641920,0,142.282,75.4262
1699146851038720,4,91.9277,46.1782
1699146851058560,0,142.31,75.3052
1699146851485120,0,142.372,75.0785
1699146851524800,4,91.9995,46.0987
1699146851891840,0,142.405,74.9194
1699146851981120,4,92.0687,45.9883
1699146852358080,3,105.069,57.4473
1699146852556480,4,92.1437,45.8434
1699146852794560,0,142.501,74.5866
1699146852943360,4,92.1901,45.7988
1699146853211200,0,142.572,74.215
1699146853340160,4,92.2514,45.6833
1699146853627840,0,142.656,73.8627
1699146853727040,4,92.2967,45.6126
1699146854034560,0,142.72,73.689
1699146854173440,4,92.3459,45.5173
1699146854480960,0,142.84,73.2421
1699146854590080,4,92.3687,45.5281
1699146854927360,0,142.954,72.7261
1699146854996800,4,92.4038,45.4516
1699146855344000,0,143.028,72.4008
1699146855383680,4,92.4283,45.4105
1699146855919360,0,143.103,72.0697
1699146856375680,0,143.223,71.7048
1699146856832000,0,143.328,71.3954
1699146857318080,0,143.428,71.275
1699146857774400,0,143.536,71.1417
1699146858200960,0,143.611,71.0898
1699146859083840,0,143.881,70.4431
1699146859163200,4,92.4809,45.3283
1699146859599680,0,144.136,69.8814
1699146859669120,4,92.5282,45.2233
1699146860056000,0,144.296,69.6242
1699146860125440,4,92.5684,45.1389
1699146860512320,0,144.412,69.482
1699146860581760,4,92.608,45.0843
1699146861167040,4,92.692,44.8479
1699146861335680,0,144.573,69.1388
1699146861672960,4,92.7777,44.6114
1699146861732480,0,144.663,68.9835
1699146861742400,2,111.842,119.848
1699146862317760,4,92.9346,44.1584
1699146862337600,0,144.723,68.8961
1699146862724480,2,111.733,120.362
1699146862774080,0,144.782,68.8005
1699146862843520,4,92.9492,44.1601
1699146863220480,0,144.885,68.5935
1699146863280000,2,111.7,120.677
1699146863458560,4,92.9899,44.0772
1699146863766080,0,145.018,68.2296
1699146863815680,2,111.679,120.931
1699146864242240,0,145.139,67.9001
1699146864460480,2,111.577,121.396
1699146864470400,4,93.0214,44.1345
1699146864738240,0,145.244,67.611
1699146864916800,4,93.0927,44.0657
1699146865244160,0,145.441,67.0853
1699146865531840,4,93.22,43.8762
1699146866077440,2,111.441,122.049
1699146866216320,4,93.2924,43.8209
1699146866414720,0,145.599,66.7888
1699146866573440,2,111.389,122.454
1699146866742080,4,93.369,43.7462
1699146866910720,0,145.739,66.5408
1699146867069440,2,111.372,122.859
1699146867248000,4,93.4428,43.6724
1699146867396800,0,145.854,66.3512
1699146867833280,4,93.5383,43.5501
1699146867922560,0,146.009,66.0599
1699146868071360,2,111.348,123.207
1699146868418560,0,146.336,65.334
1699146868428480,4,93.5424,43.6131
1699146868557440,2,111.327,123.526
1699146868954240,4,93.6617,43.4378
1699146868984000,0,146.412,65.2309
1699146869281600,2,111.209,124.059
1699146869489920,0,146.642,64.7455
1699146869539520,4,93.6665,43.5271
1699146869628800,7,86.4013,60.5339
1699146869787520,2,111.164,124.316
1699146870015680,0,146.877,64.2507
1699146870104960,4,93.6827,43.5435
1699146870273600,2,111.163,124.461
1699146870541440,0,147.115,63.6479
1699146870710080,4,93.7237,43.5099
1699146870729920,2,111.175,124.532
1699146871166400,0,147.505,62.786
1699146871325120,2,111.135,124.801
1699146871672320,0,147.831,62.0882
1699146871960000,2,111.051,125.254
1699146872247680,0,148.068,61.597
1699146872465920,2,110.997,125.579
1699146872723840,0,148.279,61.1633
1699146872942080,2,110.953,125.863
1699146873190080,0,148.453,60.808
1699146873696000,0,148.717,60.3733
1699146873934080,2,110.915,126.116
1699146874211840,0,148.912,59.9403
1699146874410240,2,110.899,126.347
1699146874816960,0,149.176,59.3463
1699146875144320,2,110.856,126.706
1699146876126400,2,110.806,126.982
1699146876285120,7,90.9352,56.6862
1699146876612480,2,110.757,127.249
1699146877098560,2,110.694,127.574
1699146877158080,7,92.7253,55.1974
1699146877574720,2,110.643,127.84
1699146877644160,7,93.8573,54.2565
1699146878328640,2,110.583,128.292
1699146878824640,2,110.594,128.396
1699146879390080,2,110.604,128.5
1699146879578560,0,149.376,58.8312
1699146879816640,7,94.8151,53.4634
1699146879935680,2,110.737,128.357
1699146880054720,0,149.546,58.3656
1699146880332480,7,94.6899,53.5711
1699146880431680,2,110.84,128.23
1699146880550720,4,93.8435,43.5067
1699146880600320,0,149.645,58.0753
1699146881155840,4,93.9154,43.5555
1699146881304640,7,94.3757,53.8341
1699146881413760,2,110.92,128.148
1699146881632000,0,149.887,57.4301
1699146881780800,4,94.0633,43.6073
1699146882137920,0,150.24,56.4883
1699146882336320,4,94.1804,43.5665
1699146882356160,2,110.99,128.025
1699146882653760,0,150.527,55.6935
1699146882862080,4,94.2862,43.5739
1699146883159680,0,150.789,54.956
1699146883229120,5,125.13,60.8049
1699146883377920,4,94.3923,43.6199
1699146883665600,2,110.983,128.114
1699146883764800,0,150.848,54.7407
1699146883903680,4,94.461,43.6158
1699146884151680,7,94.3456,53.6287
1699146884171520,2,111.03,128.042
1699146884260800,0,150.945,54.3967
1699146884439360,4,94.5353,43.6034
1699146884568320,2,111.068,128.101
1699146884578240,7,94.3214,53.9795
1699146884746880,0,151.094,53.9252
1699146884965120,4,94.6181,43.5823
1699146885014720,2,111.043,128.134
1699146885232960,0,151.272,53.3806
1699146885431360,7,94.705,53.8988
1699146885461120,4,94.68,43.6479
1699146885709120,0,151.479,52.7473
1699146885778560,2,111.042,128.156
1699146886016640,4,94.7857,43.6372
1699146886205120,0,151.608,52.324
1699146886512640,4,94.9487,43.625
1699146886651520,0,151.688,52.0206
1699146886671360,7,94.6577,53.9546
1699146887008640,4,95.1044,43.6239
1699146887078080,0,151.665,51.764
1699146887534400,0,151.969,50.6984
1699146887593920,4,95.1368,43.6879
1699146887941120,0,152.109,49.9441
1699146888377600,0,152.17,49.5592
1699146888506560,7,94.8605,53.7376
1699146888704960,4,95.2247,43.7153
1699146888804160,0,152.135,49.3538
1699146889210880,0,152.335,48.5406
1699146889349760,2,111.047,128.306
1699146889687040,0,152.423,47.9101
1699146889716800,4,95.2364,43.7714
1699146890064000,0,152.496,47.3297
1699146890202880,4,95.3161,43.7794
1699146890490560,0,152.53,46.8813
1699146890599680,7,95.0058,53.5775
1699146890698880,4,95.3762,43.7918
1699146890867520,0,152.502,46.6893
1699146891661120,4,95.5778,43.7513
1699146891720640,2,111.048,128.406
1699146892127360,4,95.7331,43.7331
1699146892246400,2,111.025,128.563
1699146892613440,4,95.8428,43.733
1699146893119360,4,95.9751,43.7284
1699146893238400,2,111.02,128.745
1699146893575680,4,96.0203,43.7495
1699146894071680,4,96.0925,43.7628
1699146894518080,4,96.1273,43.7848
1699146895004160,0,152.666,45.473
1699146895024000,4,96.0408,43.8289
1699146895172800,2,111.013,128.942
1699146895371200,0,152.632,44.8681
1699146895807680,0,152.649,44.0966
1699146895906880,4,95.9969,43.8584
1699146896006080,7,95.2933,53.4676
1699146896244160,0,152.62,43.6019
1699146896254080,2,111.007,129.049
1699146896343360,4,95.9596,43.8361
1699146896462400,7,95.5599,53.3544
1699146896760000,4,95.9768,43.8047
1699146896779840,2,111.002,129.144
1699146896888960,0,152.544,43.4443
1699146897196480,4,95.9831,43.7339
1699146897325440,2,110.96,129.334
1699146897355200,0,152.468,43.3903
1699146897632960,4,95.9791,43.6701
1699146897821440,2,110.917,129.549
1699146897831360,0,152.353,43.4179
1699146898069440,4,95.9629,43.6163
1699146898307520,0,152.371,42.7454
1699146898505920,4,96.0616,43.5632
1699146898823360,0,152.4,42.0011
1699146899001920,2,110.871,129.693
1699146899299520,0,152.407,41.4087
1699146899349120,4,96.041,43.5111
1699146899527680,2,110.815,129.938
1699146899795520,0,152.359,40.9093
1699146900122880,2,110.742,130.298
1699146900261760,0,152.278,40.7551
1699146900728000,0,152.188,39.9109
1699146901224000,0,152.07,39.1753
1699146901700160,0,151.925,38.6602
1699146902156480,0,151.773,38.3064
1699146902404480,7,96.0884,52.8851
1699146902612800,0,151.624,38.4542
1699146902622720,4,96.0199,43.4326
1699146902821120,7,96.3835,52.5904
1699146903049280,0,151.501,38.4993
1699146903079040,4,96.0055,43.3647
1699146903525440,4,96.0648,43.2436
1699146903545280,0,151.343,38.6123
1699146903952000,4,96.1048,43.1308
1699146903981760,0,151.273,38.388
1699146904378560,4,96.1257,42.9843
1699146904418240,0,151.164,38.4582
1699146904795200,7,97.0042,50.9854
1699146904834880,0,151.071,38.487
1699146905201920,4,96.0935,42.833
1699146905320960,0,150.984,38.4374
1699146905598720,4,96.0875,42.6761
1699146905717760,0,150.872,38.401
1699146905926080,7,97.0599,51.0533
1699146906005440,4,96.057,42.5848
1699146906531200,4,96.0758,42.394
1699146907076800,4,96.0811,42.2197
1699146908177920,4,96.0864,42.0009
1699146908673920,4,96.0718,41.8236
1699146909130240,4,96.0616,41.6742
1699146909665920,4,96.053,41.5276
1699146910122240,4,96.038,41.4293
1699146910558720,4,96.0227,41.3519
1699146910995200,4,95.9883,41.2475
1699146911441600,4,95.9674,41.1501
1699146911957440,7,100.209,49.6816
1699146912483200,4,95.949,41.0546
1699146912969280,4,95.9831,40.944
1699146913504960,4,96.0168,40.7769
1699146914080320,4,96.0475,40.6279
1699146914625920,4,96.0732,40.5117
1699146914903680,7,99.7968,49.5284
1699146915250880,4,96.0894,40.4592
1699146915846080,4,96.1057,40.3969
1699146915935360,7,99.1938,49.6847
1699146916371840,4,96.1197,40.3445
1699146916857920,4,96.0668,40.2332
1699146917572160,4,96.0172,40.1012
1699146918127680,4,96.0322,39.9653
1699146918613760,4,96.0498,39.4413
1699146919149440,4,95.9989,39.3783
1699146919337920,7,99.0065,49.5791
1699146919625600,0,150.387,38.1622
1699146919853760,7,98.9324,49.2735
1699146920200960,4,96.0626,39.3475
1699146920647360,4,96.1192,39.3026
1699146920835840,0,149.843,37.6355
1699146921073920,2,110.564,130.912
1699146921202880,4,96.1603,39.3266
1699146921609600,7,99.0958,48.8578
1699146921808000,4,96.1398,39.285
1699146922135360,2,110.358,131.692
1699146922631360,2,110.163,132.383
1699146922899200,4,96.1769,39.2821
1699146923147200,2,109.975,133.038
1699146923226560,0,149.125,37.3718
1699146923405120,4,96.1225,39.1821
1699146923901120,4,96.1595,39.0508
1699146924030080,0,148.466,36.7788
1699146924377280,4,96.1909,38.9671
1699146924833600,0,147.493,35.734
1699146924853440,4,96.2447,38.9374
1699146925488320,4,96.3202,38.7719
1699146926043840,4,96.3906,38.6502
1699146926629120,4,96.4605,38.5396
1699146926777920,2,109.838,133.595
1699146927224320,4,96.5147,38.4831
1699146927264000,2,109.766,133.943
1699146927561600,0,146.409,34.8942
1699146927819520,2,109.634,134.575
1699146928077440,9,96.9827,48.8332
1699146928305600,2,109.521,135.113
1699146928583360,9,97.3101,48.9118
1699146928771840,2,109.431,135.541
1699146929248000,2,109.253,136.38
1699146929664640,2,109.104,137.06
1699146930269760,2,108.925,137.871
1699146930745920,2,108.905,137.95
1699146931152640,2,108.828,138.293
1699146931519680,2,108.778,138.512
1699146933553280,4,96.7287,38.1735
1699146934029440,4,96.9245,37.8963
1699146934277440,2,108.816,138.656
1699146934604800,4,97.0784,37.6943
1699146934704000,2,108.885,138.588
1699146935160320,2,108.885,138.971
1699146935170240,4,97.1499,37.5777
1699146935626560,2,108.883,139.228
1699146935745600,4,97.226,37.4462
1699146936142400,2,108.903,139.346
1699146936291200,4,97.3241,37.2665
1699146936807040,4,97.489,36.9545
1699146936886400,2,108.97,139.149
1699146937362560,2,109.022,138.996
1699146937779200,4,97.6191,36.711
1699146938126400,2,109.048,139.125
1699146938235520,4,97.6769,36.6071
1699146938662080,2,109.162,139.373
1699146939168000,2,109.283,139.582
1699146939673920,2,109.408,139.622
1699146940169920,2,109.526,139.773
1699146940656000,2,109.644,139.86
1699146941122240,2,109.756,139.877
1699146941638080,2,109.865,139.895
1699146942124160,2,109.934,139.687
1699146942600320,2,110,139.591
1699146943106240,2,110.069,139.562
1699146943572480,2,110.102,139.407
1699146943701440,4,97.8768,36.3892
1699146944088320,4,98.0657,36.1742
1699146944157760,2,110.132,139.296
1699146944465280,4,98.2404,35.973
1699146944624000,2,110.196,139.252
1699146944832320,4,98.3889,35.8068
1699146945060480,2,110.303,139.234
1699146945219200,4,98.39,35.2273
1699146945487040,2,110.407,139.226
1699146945854080,4,98.5551,34.9436
1699146945963200,2,110.507,139.149
1699146946429440,4,98.7764,34.641
1699146946459200,2,110.555,139.083
1699146947123840,2,110.706,139.175
1699146947133760,4,98.8299,34.6415
1699146947669440,2,110.772,139.08
1699146947798400,4,98.9811,34.559
1699146948790400,2,110.919,139.078
1699146949286400,2,111.053,139.044
1699146949782400,2,111.193,139.085
1699146950308160,2,111.299,139.011
1699146950814080,2,111.384,138.923
1699146951320000,2,111.544,138.942
1699146951816000,2,111.683,138.954
1699146952302080,2,111.842,138.998
1699146952788160,2,111.978,138.955
1699146953323840,2,112.021,138.902
1699146953879360,2,112.103,138.867
1699146954405120,2,112.186,138.836
1699146954920960,2,112.179,138.863
1699146955416960,2,112.167,138.827
1699146955942720,2,112.172,138.851
1699146956468480,2,112.209,138.799
1699146957014080,2,112.295,138.752
1699146957658880,2,112.404,138.709
1699146958254080,2,112.547,138.69
1699146958799680,2,112.67,138.698
1699146959305600,2,112.758,138.707
1699146959791680,2,112.851,138.622
1699146960535680,2,112.88,138.549
1699146961061440,2,113.009,138.561
1699146961577280,2,113.045,138.523
1699146962083200,2,113.073,138.492
1699146962589120,2,113.084,138.467
1699146963065280,2,113.198,138.479
1699146963551360,2,113.331,138.436
1699146964037440,2,113.424,138.4
1699146964493760,2,113.463,138.376
1699146964960000,2,113.611,138.304
1699146965406400,2,113.732,138.238
1699146965872640,2,113.842,138.174
1699146966319040,2,113.895,138.227
1699146966874560,2,113.988,138.162
1699146967320960,2,114.038,138.11
1699146967747520,2,114.073,138.145
1699146968154240,2,114.097,138.179
1699146968551040,2,114.111,138.21
1699146971130240,7,101.739,44.494
1699146971239360,2,114.14,138.308
1699146971636160,2,114.272,138.386
1699146972082560,2,114.399,138.459
1699146972568640,2,114.513,138.529
1699146972757120,7,101.43,44.2435
1699146973064640,2,114.579,138.588
1699146973272960,7,101.44,44.0135
1699146973560640,2,114.635,138.639
1699146973888000,7,101.517,43.6407
1699146974046720,2,114.659,138.678
1699146974532800,7,101.729,43.1287
1699146974741120,2,114.688,138.713
1699146975266880,2,114.699,138.739
1699146975772800,2,114.774,138.783
1699146975782720,7,101.576,43.3125
1699146976278720,2,114.833,138.823
1699146976348160,7,101.459,43.3729
1699146976794560,2,114.872,138.856
1699146976933440,7,101.485,43.3166
1699146977310400,2,114.889,138.88
1699146977469120,7,101.533,43.2305
1699146977806400,2,114.894,138.899
1699146978332160,2,114.891,138.912
1699146978719040,7,101.748,42.8885
1699146978828160,2,114.866,138.914
1699146979314240,7,101.97,42.4149
1699146979324160,2,114.835,138.912
1699146979800320,2,114.859,138.933
1699146979849920,7,101.438,42.3332
1699146980286400,2,114.87,138.948
1699146980772480,2,114.879,138.963
1699146981328000,7,101.688,41.861
1699146981367680,2,114.845,138.954
1699146981883520,2,114.853,138.968
1699146981903360,7,101.584,42.0472
1699146982369600,2,114.849,138.975
1699146983014400,2,114.892,139.02
1699146983550080,2,114.874,139.018
1699146984085760,2,114.853,139.014
1699146984601600,2,114.946,139.041
1699146985186880,2,115.034,139.067
1699146985742400,2,115.107,139.087
1699146986258240,2,115.168,139.103
1699146986744320,2,115.212,139.112
1699146987924800,2,115.247,139.119
1699146988073600,10,133.783,8.47826
1699146988420800,2,115.298,139.159
1699146988609280,10,133.576,8.30146
1699146988887040,2,115.339,139.261
1699146989144960,10,133.671,7.87376
1699146989591360,2,115.397,139.218
1699146989740160,10,133.771,7.62168
1699146990087360,2,115.439,139.175
1699146990335360,10,133.653,7.35614
1699146990702400,2,115.499,139.168
1699146990861120,10,133.622,6.93959
1699146991218240,2,115.555,139.228
1699146991714240,2,115.614,139.22
1699146992398720,2,115.686,139.289
1699146992904640,2,115.729,139.346
1699146993460160,2,115.767,139.399
1699146993966080,2,115.79,139.364
1699146994531520,2,115.885,139.408
1699146995047360,2,115.269,138.907
1699146995464000,10,133.556,6.23543
1699146995563200,2,115.39,138.993
1699146996059200,2,115.518,139.091
1699146996723840,2,115.656,139.177
1699146997259520,2,115.783,139.263
1699146997517440,10,133.598,5.55084
1699146997755520,2,115.877,139.334
1699146998251520,2,115.96,139.396
1699146998449920,10,133.808,5.11034
1699146998767360,2,116.039,139.453
1699146998906240,10,133.874,4.79954
1699146999342720,10,133.955,4.17344
1699146999511360,2,116.092,139.495
1699146999769280,10,134.036,3.69818
1699147000047040,2,116.149,139.538
1699147000195840,10,134.079,3.4911
1699147000533120,2,116.208,139.581
1699147000612480,10,134.1,3.42794
1699147001029120,2,116.268,139.624
1699147001445760,10,134.144,2.7983
1699147001515200,2,116.284,139.641
1699147001852480,10,134.169,2.26823
1699147001971520,2,116.303,139.658
1699147002269120,10,134.181,1.73815
1699147002427840,2,116.325,139.676
1699147003032960,2,116.391,139.722
1699147003092480,10,134.109,1.59321
1699147003509120,10,134.119,0.927134
1699147003519040,2,116.385,139.722
1699147003915840,10,134.144,0.21772
1699147003955520,2,116.384,139.725
1699147004322560,10,134.16,-0.296393
1699147004461440,2,116.393,139.734
1699147004739200,10,134.171,-0.589037
1699147004927680,2,116.423,139.768
1699147005116160,10,134.202,-0.931242
1699147005403840,2,116.461,139.807
1699147005542720,10,134.223,-1.14623
1699147006227200,2,116.541,139.936
1699147006356160,10,134.223,-1.47974
1699147006743040,10,134.242,-2.15284
1699147006931520,2,116.538,139.985
1699147007159680,10,134.247,-2.51357
1699147007625920,2,116.581,140.088
1699147007992960,10,134.241,-3.20568
1699147008062400,2,116.613,140.165
1699147008826240,10,134.25,-4.33675
1699147008856000,2,116.677,140.219
1699147009223040,10,134.225,-4.84125
1699147009709120,2,116.795,140.335
1699147010135680,2,116.902,140.437
1699147010482880,10,134.124,-5.44905
1699147010740800,2,116.974,140.501
1699147011167360,2,117.063,140.584
1699147011316160,10,134.038,-5.68554
1699147011673280,2,117.13,140.645
1699147011722880,10,133.996,-5.82778
1699147012109760,2,117.135,140.705
1699147012556160,2,117.201,140.76
1699147012933120,10,133.964,-6.52925
1699147013002560,2,117.207,140.753
1699147013329920,10,133.934,-7.09287
1699147013726720,10,133.911,-7.79586
1699147014113600,10,133.89,-8.36283
1699147014500480,10,133.882,-8.88678
1699147014897280,10,133.843,-9.38712
1699147015284160,10,133.809,-9.77806
1699147015671040,10,133.781,-10.2425
1699147016057920,10,133.756,-10.6424
1699147016841600,10,133.721,-11.3867
1699147017218560,10,133.644,-11.6537
1699147017615360,10,133.602,-11.9584
1699147018756160,10,133.529,-12.8905
1699147019133120,10,133.505,-12.8698
1699147021384960,10,133.346,-14.4209
1699147022198400,10,133.226,-14.7335
1699147022615040,10,133.177,-14.7512
1699147023011840,10,133.124,-14.7596
1699147023438400,10,133.065,-14.9
1699147026930240,2,117.426,141.429
1699147027465920,2,117.286,141.545
1699147028080960,2,117.199,141.643
1699147028626560,2,117.134,141.709
1699147029152320,2,117.172,141.855
1699147029707840,2,117.203,141.976
1699147030253440,2,117.181,142.035
1699147030789120,2,117.207,142.117
1699147031314880,2,117.229,142.186
1699147031820800,2,117.246,142.239
1699147032316800,2,117.26,142.281
1699147032951680,2,117.277,142.409
1699147033467520,2,117.286,142.425
1699147033953600,2,117.293,142.505
1699147034667840,2,117.305,142.602
1699147035203520,2,117.308,142.657
1699147035749120,2,117.311,142.705
1699147036274880,2,117.311,142.738
1699147036870080,2,117.35,142.738
1699147037395840,2,117.408,142.767
1699147037911680,2,117.273,141.688
1699147038417600,2,117.336,141.787
1699147039578240,2,117.399,141.882
1699147040173440,2,117.499,142.017
1699147040709120,2,117.586,142.143
1699147041215040,2,117.703,142.212
1699147041711040,10,132.758,-15.967
1699147041720960,2,117.765,142.253
1699147042207040,2,117.854,142.305
1699147042693120,2,117.932,142.352
1699147043159360,2,118.026,142.431
1699147043714880,2,118.119,142.509
1699147044181120,2,118.192,142.649
1699147044766400,2,118.267,142.708
1699147045232640,2,118.317,142.826
1699147045688960,2,118.321,142.973
1699147046125440,2,118.357,143.056
1699147046552000,2,118.349,143.17
1699147050391040,2,118.718,143.7
1699147050817600,2,118.747,143.74
1699147051293760,2,118.772,143.777
1699147051779840,2,118.795,143.809
1699147052047680,10,132.303,-16.9563
1699147052285760,2,118.812,143.921
1699147052573440,10,131.882,-17.9554
1699147052831360,2,118.844,144.036
1699147053069440,10,131.545,-18.7406
1699147053367040,2,118.852,144.095
1699147053555520,10,131.276,-19.3439
1699147053882880,2,118.883,144.186
1699147054418560,2,118.927,144.296
1699147054785600,10,130.994,-20.0503
1699147054944320,2,118.935,144.337
1699147055281600,10,130.744,-20.664
1699147055559360,2,118.95,144.389
1699147056075200,2,118.983,144.473
1699147056104960,10,130.627,-20.854
1699147056581120,2,119.038,144.566
1699147056769600,10,130.423,-21.2792
1699147057096960,2,119.043,144.597
1699147057483840,10,130.125,-21.8613
1699147057592960,2,119.062,144.62
1699147058059200,2,119.075,144.666
1699147058227840,10,129.983,-22.1334
1699147058684160,10,129.695,-22.692
1699147058842880,2,119.093,144.744
1699147059170240,10,129.462,-23.0812
1699147059348800,2,119.092,144.841
1699147059686080,10,129.251,-23.4153
1699147059844800,2,119.09,144.923
1699147060330880,2,119.102,145.015
1699147060767360,10,128.958,-23.8961
1699147061084800,2,119.126,145.138
1699147061273280,4,99.3938,34.4682
1699147061283200,10,128.981,-23.8622
1699147061749440,4,99.9339,34.2291
1699147061779200,10,128.94,-23.8587
1699147062285120,10,128.738,-24.3686
1699147062314880,2,119.543,144.928
1699147062830720,2,119.491,145.07
1699147063346560,2,119.442,145.186
1699147063882240,2,119.457,145.419
1699147063892160,10,128.704,-24.3499
1699147064398080,2,119.495,145.647
1699147064427840,10,128.694,-24.3667
1699147064894080,2,119.466,145.855
1699147064953600,10,128.712,-24.4165
1699147065400000,2,119.513,146.075
1699147065479360,10,128.709,-24.5053
1699147065935680,2,119.458,146.242
1699147065985280,10,128.667,-24.5575
1699147066481280,2,119.502,146.515
1699147066501120,10,128.631,-24.5982
1699147067007040,10,128.421,-25.1471
1699147067522880,2,119.53,146.638
1699147067979200,10,128.264,-25.6525
1699147068028800,2,119.555,146.747
1699147068465280,10,128.153,-26.0592
1699147068544640,2,119.577,146.844
1699147068961280,10,128.076,-26.3894
1699147069070400,2,119.599,146.941
1699147069487040,10,128.029,-26.6447
1699147069606080,2,119.618,147.027
1699147070002880,10,128.014,-26.8139
1699147070221120,2,119.645,147.148
1699147070756800,2,119.697,147.382
1699147071272640,2,119.736,147.623
1699147071302400,10,128.045,-26.7476
1699147071788480,10,127.675,-26.5651
1699147072274560,2,119.769,147.844
1699147072314240,10,127.736,-26.6068
1699147072740800,2,119.764,148.037
1699147073127680,10,127.677,-26.9088
1699147073464960,2,119.765,148.228
1699147073564160,10,127.721,-26.958
1699147074020480,2,119.742,148.459
1699147075062080,10,127.594,-27.4423
1699147075855680,10,127.428,-27.9798
1699147076292160,10,127.4,-28.1578
1699147077204800,2,119.75,148.751
1699147077323840,10,127.456,-28.1945
1699147077700800,2,119.753,148.988
1699147077938880,10,127.48,-28.2929
1699147078266240,2,119.753,149.168
1699147078444800,10,127.508,-28.3512
1699147078801920,2,119.753,149.334
1699147078960640,10,127.538,-28.3789
1699147079416960,2,119.842,149.646
1699147079962560,2,119.863,149.95
1699147080498240,2,119.985,150.236
1699147081043840,2,120.09,150.452
1699147081579520,2,120.189,150.653
1699147082075520,2,120.27,150.795
1699147082621120,2,120.345,150.922
1699147083146880,2,120.407,151.01
1699147083692480,2,120.458,151.072
1699147084188480,2,120.498,151.104
1699147084714240,2,120.556,151.259
1699147085249920,2,120.563,151.439
1699147085755840,2,120.604,151.526
1699147086400640,10,127.177,-28.71
1699147086470080,2,120.636,151.506
1699147087015680,2,120.707,151.629
1699147087531520,2,120.726,151.759
1699147088027520,2,120.802,151.869
1699147088533440,2,120.866,152.037
1699147089505600,2,120.944,152.225
1699147090021440,2,121.015,152.395
1699147090517440,2,121.073,152.529
1699147091013440,2,121.123,152.642
1699147091519360,2,121.164,152.734
1699147092005440,2,121.193,152.796
1699147092551040,2,121.218,152.94
1699147093235520,2,121.285,153.127
1699147093781120,2,121.294,153.268
1699147094306880,2,121.358,153.416
1699147095011200,2,121.425,153.576
1699147095536960,2,121.433,153.691
1699147096042880,2,121.436,153.779
1699147096697600,2,121.518,153.89
1699147097223360,2,121.5,154.024
1699147097739200,2,121.438,154.181
1699147098225280,2,121.491,154.267
1699147098701440,2,121.536,154.336
1699147099177600,2,121.534,154.437
1699147099653760,2,121.565,154.554
1699147100120000,2,121.616,154.703
1699147100566400,2,121.659,154.829
1699147101022720,2,121.69,155.011
1699147101786560,2,121.733,155.239
1699147102322240,2,121.755,155.378
1699147102838080,2,121.773,155.495
1699147103472960,2,121.791,155.611
1699147103780480,4,100.466,33.6692
1699147104058240,2,121.788,155.63
1699147104246720,4,100.892,33.2245
1699147104574080,2,121.788,155.658
1699147105050240,2,121.812,155.836
1699147105546240,2,121.826,155.959
1699147105992640,2,121.837,156.062
1699147106716800,2,121.92,156.15
1699147106994560,4,101.089,32.4862
1699147107252480,2,121.996,156.245
1699147107470720,4,101.382,32.3816
1699147107798080,2,122.071,156.351
1699147108323840,2,122.122,156.53
1699147108849600,2,122.203,156.647
1699147109444800,2,122.244,156.802
1699147109980480,2,122.289,157.049
1699147110248320,4,101.741,31.8463
1699147110506240,2,122.305,157.192
1699147111210560,2,122.352,157.438
1699147111369280,4,102.012,31.562
1699147111746240,2,122.365,157.556
1699147111785920,4,102.139,31.4336
1699147112450560,2,122.393,157.731
1699147112986240,2,122.442,157.875
1699147113006080,7,102.161,42.0476
1699147113502080,2,122.479,157.977
1699147113720320,4,102.396,31.1158
1699147113998080,2,122.578,158.161
1699147114166720,4,102.557,30.9032
1699147114484160,2,122.663,158.321
1699147114563520,4,102.304,30.0543
1699147114632960,4,102.423,29.9966
1699147114950400,2,122.737,158.46
1699147115257920,4,102.702,29.6887
1699147115406720,7,101.962,41.4061
1699147115753920,4,102.991,29.3726
1699147115872960,2,122.781,158.525
1699147116240000,4,103.223,29.1259
1699147116349120,2,122.816,158.576
1699147116825280,2,122.884,158.725
1699147116974080,4,103.315,29.0952
1699147117341120,2,122.934,158.824
1699147117430400,4,103.322,29.0958
1699147117985920,2,122.998,158.962
1699147118174400,4,103.36,29.0515
1699147118491840,2,123.019,159.071
1699147119156480,4,103.402,28.5148
1699147119245760,2,123.057,159.17
1699147119563200,4,102.977,27.4646
1699147119583040,4,102.926,27.7818
1699147119801280,2,123.154,159.309
1699147119969920,4,102.512,27.0441
1699147120088960,4,102.543,27.2727
1699147120396480,4,102.171,26.7312
1699147120525440,4,102.23,26.9361
1699147120832960,2,123.161,159.57
1699147121338880,2,123.25,159.803
1699147121824960,2,123.365,159.965
1699147122320960,2,123.47,160.1
1699147122618560,4,102.284,26.9613
1699147122807040,2,123.533,160.232
1699147122816960,10,126.596,-29.7635
1699147123303040,2,123.593,160.493
1699147123501440,4,101.883,26.3171
1699147123799040,2,123.618,160.656
1699147123888320,4,101.51,25.8654
1699147124314880,4,101.13,25.022
1699147124424000,2,123.616,160.73
1699147124731520,4,100.742,24.3705
1699147124969600,2,123.631,160.839
1699147125475520,2,123.676,161.039
1699147125723520,4,100.33,23.8475
1699147125981440,2,123.737,161.13
1699147126110400,4,99.9846,23.5126
1699147126150080,10,126.145,-30.6288
1699147126487360,2,123.799,161.233
1699147126527040,4,99.7248,23.3626
1699147126715520,10,125.686,-31.5268
1699147126963520,4,99.3767,22.9275
1699147127032960,2,123.852,161.358
1699147127231360,10,125.279,-32.3193
1699147127419840,4,99.073,22.5987
1699147127707520,2,123.936,161.491
1699147127767040,10,124.927,-32.7987
1699147128233280,2,124.034,161.742
1699147128292800,10,124.731,-33.2693
1699147128818560,10,124.288,-34.144
1699147128888000,2,124.06,161.807
1699147129314560,10,123.887,-35.0963
1699147129443520,2,124.091,161.887
1699147129800640,10,123.58,-35.8541
1699147129969280,2,124.125,161.972
1699147130306560,10,123.301,-36.5333
1699147130465280,2,124.154,162.048
1699147131020800,2,124.225,162.132
1699147131457280,10,123.014,-37.3193
1699147131625920,2,124.304,162.248
1699147132250880,2,124.426,162.463
1699147132588160,10,122.804,-37.8787
1699147133104000,10,122.479,-38.7681
1699147133292480,4,98.7315,22.3503
1699147133600000,10,122.369,-39.1747
1699147133758720,4,98.4301,22.1889
1699147134115840,10,122.264,-39.5535
1699147134165440,4,98.192,22.1521
1699147134572160,4,97.7286,21.6564
1699147134601920,10,122.347,-39.4757
1699147135316160,4,97.0698,20.8957
1699147135683200,4,96.7263,20.7223
1699147136030400,4,96.3773,20.6305
1699147136377600,4,96.1078,20.5874
1699147136714880,4,95.89,20.6212
1699147137042240,4,95.6411,20.6654
1699147137835840,4,95.1239,20.4267
1699147147259840,2,125.991,166.013
1699147147299520,4,95.0453,20.7048
1699147147775680,4,94.642,20.7079
1699147147835200,2,126,166.014
1699147148172480,10,122.228,-40.1894
1699147148489920,2,126.02,166.243
1699147149025600,2,126.116,166.526
1699147149412480,10,122.03,-40.993
1699147149561280,2,126.158,166.683
1699147149938240,10,121.909,-41.6718
1699147150087040,2,126.194,166.809
1699147150513600,10,121.791,-42.4522
1699147150583040,2,126.17,166.917
1699147151098880,2,126.264,167.158
1699147151604800,2,126.343,167.361
1699147151634560,10,121.842,-42.5408
1699147152090880,2,126.367,167.557
1699147152120640,10,121.827,-42.6465
1699147152586880,2,126.428,167.814
1699147153221760,2,126.5,168.099
1699147153727680,2,126.537,168.284
1699147154451840,2,126.616,168.597
1699147154977600,2,126.646,168.766
1699147155493440,2,126.668,168.901
1699147156118400,2,126.69,169.035
1699147156773120,2,126.705,169.142
1699147157298880,2,126.699,169.177
1699147157784960,2,126.652,169.056
1699147158201600,4,94.1235,20.6778
1699147158271040,2,126.607,169.043
1699147158776960,2,126.598,169.152
1699147158905920,4,93.8852,20.7994
1699147159282880,2,126.598,169.274
1699147159828480,2,126.628,169.443
1699147160324480,2,126.583,169.591
1699147160790720,2,126.563,169.736
1699147161247040,2,126.541,169.854
1699147161693440,2,126.579,169.971
1699147162159680,4,93.39,20.6267
1699147162239040,2,126.598,169.972
1699147162685440,2,126.619,170.015
1699147162784640,4,93.2449,20.6881
1699147163191360,2,126.632,170.158
1699147163369920,4,93.054,20.6959
1699147163617920,2,126.627,170.178
1699147163905600,4,92.8104,20.6325
1699147164084160,2,126.644,170.295
1699147164391680,4,92.5743,20.568
1699147164490880,2,126.655,170.368
1699147164877760,2,126.677,170.518
1699147165344000,4,92.2502,20.4549
1699147166207040,4,91.7141,20.2398
1699147166673280,4,91.5893,20.2383
1699147167159360,4,91.4908,20.246
1699147168171200,4,91.4134,20.228
1699147168637440,4,91.3996,20.2386
1699147169093760,4,91.4103,20.1901
1699147169212800,2,126.658,170.709
1699147169560000,4,91.4843,20.1797
1699147169619520,2,126.639,170.856
1699147170026240,4,91.527,20.1595
1699147170095680,2,126.624,170.982
1699147170492480,4,91.5719,20.145
1699147170591680,2,126.61,171.1
1699147170978560,4,91.6694,20.1054
1699147171107520,2,126.599,171.224
1699147171415040,4,91.7453,20.1224
1699147171633280,2,126.591,171.378
1699147172248320,2,126.589,171.686
1699147172903040,2,126.581,171.99
1699147173438720,2,126.567,172.185
1699147173944640,2,126.551,172.336
1699147174450560,2,126.535,172.449
1699147174569600,4,91.8969,20.1377
1699147174966400,2,126.501,172.573
1699147175045760,4,92.0266,20.1553
1699147175571520,2,126.468,172.712
1699147176057600,4,91.941,20.0024
1699147176117120,2,126.488,172.772
1699147176662720,4,91.983,19.9628
1699147176692480,2,126.556,172.829
1699147177238080,2,126.542,173.017
1699147177734080,4,92.0592,19.8572
1699147177753920,2,126.6,173.035
1699147178240000,4,92.1929,19.7347
1699147178249920,2,126.646,173.05
1699147178775680,2,126.68,173.221
1699147179271680,2,126.734,173.375
1699147179301440,4,92.4045,19.7078
1699147179787520,2,126.786,173.494
1699147179976000,4,92.565,19.6565
1699147180293440,2,126.828,173.541
1699147180462080,4,92.704,19.6145
1699147180809280,2,126.866,173.585
1699147181434240,2,126.913,173.683
1699147181602880,4,92.8252,19.5774
1699147181791360,4,93.1877,20.3295
1699147181940160,2,126.931,173.639
1699147182069120,4,93.2622,20.2427
1699147182188160,4,93.5221,20.886
1699147182446080,2,126.952,173.63
1699147182614720,4,93.765,21.4738
1699147182971840,2,126.976,173.643
1699147183487680,2,126.994,173.639
1699147183993600,2,127.019,173.667
1699147184320960,4,93.8502,21.2521
1699147184807040,2,127.056,173.743
1699147186652160,4,94.1212,21.9293
1699147186761280,2,127.068,173.738
1699147186929920,4,94.3069,22.491
1699147187247360,4,94.5192,23.0828
1699147187326720,2,127.077,173.732
1699147187594560,4,94.7056,23.6238
1699147187872320,2,127.045,173.852
1699147187931840,4,94.7987,23.9607
1699147188288960,4,95.0212,24.4569
1699147188457600,2,127.013,173.94
1699147188636160,4,95.133,24.8191
1699147188973440,4,95.2853,25.2651
1699147188983360,2,127.001,173.921
1699147189360320,4,95.4357,25.7088
1699147189499200,2,126.976,173.99
1699147190005120,2,126.957,174.086
1699147190044800,4,95.4501,25.8285
1699147190550720,2,126.939,174.213
1699147190570560,4,95.482,25.8762
1699147191185600,2,126.918,174.354
1699147191225280,4,95.5212,25.9451
1699147191860160,2,126.891,174.475
1699147191870080,4,95.5421,25.9754
1699147192594240,2,126.861,174.581
1699147192723200,4,95.5842,26.1361
1699147193338240,2,126.831,174.637
1699147193983040,4,95.8077,26.7334
1699147194092160,2,126.809,174.6
1699147194657600,4,95.9941,27.1358
1699147194836160,2,126.789,174.719
1699147195292480,4,96.0657,27.3964
1699147195927360,4,96.1595,27.721
1699147196552320,4,96.1987,27.9175
1699147202881280,2,126.387,176.361
1699147203079680,4,96.1213,27.8716
1699147203555840,2,126.269,176.548
1699147204061760,4,96.1165,27.9333
1699147204220480,2,126.217,176.611
1699147204597440,4,96.1292,27.8578
1699147204924800,2,126.899,175.971
1699147205143040,4,96.1105,27.7168
1699147205609280,2,126.747,176.179
1699147205688640,4,96.0723,27.5457
1699147206293760,2,126.626,176.369
1699147206839360,4,96.1149,27.5811
1699147206988160,2,126.54,176.445
1699147207375040,4,96.1194,27.5276
1699147207623040,2,126.451,176.581
1699147208238080,2,126.36,176.772
1699147208525760,4,96.1083,27.4446
1699147208863040,2,126.252,176.925
1699147209111040,4,96.0851,27.3263
1699147209557440,2,126.163,177.145
1699147209656640,4,96.0553,27.1677
1699147210281600,2,126.069,177.385
1699147210847040,4,96.1285,27.1224
1699147210936320,2,126.025,177.468
1699147211362880,4,96.1248,27.029
1699147211660480,2,125.972,177.591
1699147212017600,4,96.1604,26.9248
1699147212394560,2,125.873,177.762
1699147212702080,4,96.1857,26.8208
1699147213108800,2,125.743,177.957
1699147213396480,4,96.2063,26.6678
1699147213872640,2,125.613,178.155
1699147214011520,4,96.2474,26.4981
1699147214616640,2,125.419,178.343
1699147214745600,4,96.2814,26.3553
1699147215330880,4,96.3618,26.2164
1699147215410240,2,125.384,178.445
1699147215926080,4,96.4246,26.0716
1699147216193920,2,125.276,178.569
1699147216451840,4,96.4505,25.9494
1699147216838720,2,125.197,178.603
1699147216997440,4,96.4631,25.8507
1699147217414080,2,125.029,178.836
1699147217761280,4,96.4934,25.7469
1699147217949760,2,124.919,178.972
1699147218445760,2,124.762,179.191
1699147219001280,2,124.607,179.403
1699147219031040,4,96.4864,25.6883
1699147219636160,4,96.5399,25.5689
1699147219675840,2,124.576,179.423
1699147220181760,4,96.571,25.47
1699147220290880,2,124.54,179.457
1699147220796800,4,96.5935,25.3807
1699147221034880,2,124.477,179.534
1699147221560640,2,124.431,179.588
1699147221977280,4,96.6012,25.3143
1699147222056640,2,124.381,179.633
1699147222522880,2,124.24,179.835
1699147222840320,4,96.5989,25.268
1699147222999040,2,124.186,179.976
1699147223465280,4,96.6037,25.2138
